pedido_id,cod_cliente,product_id,quantidade,dt_pedido
PED0000001,769,PR0054,4,2026-07-02
PED0000002,555,PR0079,6,2026-07-19
PED0000003,952,PR0067,2,2026-06-17
PED0000004,349,PR0047,4,2026-08-24
PED0000005,538,PR0071,6,2026-08-10
PED0000006,100,PR0001,2,2026-08-23
PED0000007,516,PR0030,2,2026-09-06
PED0000008,511,PR0081,1,2026-08-03
PED0000009,975,PR0041,3,2026-07-08
PED0000010,58,PR0007,1,2026-09-11
PED0000011,453,PR0015,5,2026-07-30
PED0000012,280,PR0104,1,2026-07-19
PED0000013,200,PR0040,5,2026-07-14
PED0000014,811,PR0003,4,2026-06-05
PED0000015,77,PR0088,6,2026-09-09
PED0000016,423,PR0064,3,2026-08-26
PED0000017,214,PR0055,3,2026-08-13
PED0000018,180,PR0108,2,2026-06-24
PED0000019,856,PR0038,4,2026-09-06
PED0000020,436,PR0069,2,2026-06-19
PED0000021,267,PR0090,0,2026-06-26
PED0000022,629,PR0074,6,2026-06-08
PED0000023,309,PR0025,5,2026-07-01
PED0000024,956,PR0082,1,2026-07-05
PED0000025,850,PR0090,4,2026-08-23
PED0000026,71,PR0015,2,2026-07-05
PED0000027,627,PR0020,2,2026-09-09
PED0000028,263,PR0081,3,2026-07-02
PED0000029,349,PR0015,5,2026-07-26
PED0000030,143,PR0106,1,2026-08-02
PED0000031,180,PR0014,3,2026-08-27
PED0000032,52,PR0117,6,2026-08-18
PED0000033,254,PR0081,3,2026-08-31
PED0000034,248,PR0054,1,2026-09-07
PED0000035,7,PR0033,3,2026-06-13
PED0000036,585,PR0042,5,2026-06-10
PED0000037,106,PR0090,6,2026-07-18
PED0000038,93,PR0091,4,2026-06-16
PED0000039,691,PR0026,1,2026-07-22
PED0000040,801,PR0066,5,2026-08-01
PED0000041,901,PR0120,5,2026-06-30
PED0000042,383,PR0031,4,2026-06-11
PED0000043,194,PR0084,6,2026-09-10
PED0000044,706,PR0021,5,2026-07-09
PED0000045,167,PR0101,2,2026-08-28
PED0000046,167,PR0021,3,2026-08-05
PED0000047,624,PR0036,4,2026-08-09
PED0000048,593,PR0056,3,2026-08-21
PED0000049,447,PR0045,4,2026-06-28
PED0000050,396,PR0021,5,2026-06-23
PED0000051,583,PR0077,1,2026-09-13
PED0000052,271,PR0003,4,2026-08-10
PED0000053,621,PR0119,1,2026-07-01
PED0000054,625,PR0007,4,2026-08-07
PED0000055,763,PR0041,3,2026-07-12
PED0000056,236,PR0112,2,2026-08-30
PED0000057,377,PR0019,6,2026-07-24
PED0000058,71,PR0009,2,2026-07-03
PED0000059,324,PR0090,1,2026-08-12
PED0000060,545,PR0009,3,2026-08-18
PED0000061,281,PR0108,5,2026-07-10
PED0000062,630,PR0055,1,2026-08-18
PED0000063,776,PR0105,3,2026-06-25
PED0000064,937,PR0030,3,2026-06-26
PED0000065,126,PR0017,6,2026-08-26
PED0000066,771,PR0116,1,2026-08-05
PED0000067,43,PR0092,1,2026-06-04
PED0000068,25,PR0110,4,2026-08-10
PED0000069,190,PR0039,2,2026-07-03
PED0000070,274,PR0049,5,2026-06-29
PED0000071,19,PR0070,2,2026-07-15
PED0000072,860,PR0054,4,2026-07-18
PED0000073,983,PR0030,0,2026-09-02
PED0000074,625,PR0046,5,2026-07-16
PED0000075,624,PR0074,4,2026-07-02
PED0000076,109,PR0005,1,2026-08-21
PED0000077,985,PR0041,2,2026-07-27
PED0000078,281,PR0036,1,2026-06-01
PED0000079,457,PR0009,1,2026-08-06
PED0000080,306,PR0015,5,2026-07-23
PED0000081,107,PR0060,3,2026-07-31
PED0000082,172,PR0013,5,2026-06-20
PED0000083,625,PR0042,2,2026-07-21
PED0000084,739,PR0068,5,2026-08-07
PED0000085,545,PR0105,4,2026-08-11
PED0000086,426,PR0012,4,2026-08-11
PED0000087,847,PR0053,5,2026-09-13
PED0000088,278,PR0013,5,2026-07-23
PED0000089,30,PR0052,5,2026-07-16
PED0000090,638,PR0058,5,2026-07-27
PED0000091,154,PR0096,3,2026-07-05
PED0000092,588,PR0054,5,2026-07-04
PED0000093,167,PR0113,6,2026-08-12
PED0000094,190,PR0017,5,2026-07-03
PED0000095,69,PR0007,4,2026-08-18
PED0000096,494,PR0001,1,2026-08-18
PED0000097,405,PR0043,3,2026-09-09
PED0000098,178,PR0024,1,2026-06-14
PED0000099,60,PR0011,1,2026-07-09
PED0000100,698,PR0029,3,2026-08-21
PED0000101,999999,PR0117,3,2026-07-16
PED0000102,464,PR0097,4,2026-08-08
PED0000103,64,PR0003,6,2026-08-17
PED0000104,407,PR0110,5,2026-09-01
PED0000105,267,PR0025,3,2026-06-24
PED0000106,515,PR0049,3,2026-06-28
PED0000107,372,PR0040,5,2026-07-20
PED0000108,69,PR0049,2,2026-07-24
PED0000109,778,PR0092,6,2026-09-04
PED0000110,447,PR0086,5,2026-06-05
PED0000111,860,PR0072,5,2026-06-26
PED0000112,25,PR0076,2,2026-09-04
PED0000113,265,PR0088,4,2026-08-04
PED0000114,817,PR0023,5,2026-08-10
PED0000115,178,PR0048,1,2026-06-27
PED0000116,82,PR0013,2,2026-08-05
PED0000117,369,PR0085,4,2026-07-09
PED0000118,763,PR0053,3,2026-08-16
PED0000119,426,PR0077,5,2026-06-10
PED0000120,479,PR0068,3,2026-06-30
PED0000121,572,PR0033,6,2026-08-07
PED0000122,263,PR0017,2,2026-08-03
PED0000123,61,PR0117,3,2026-08-28
PED0000124,65,PR0036,1,2026-08-24
PED0000125,930,PR0014,2,2026-06-02
PED0000126,703,PR0037,2,2026-06-10
PED0000127,8,PR0109,5,2026-07-08
PED0000128,686,PR0032,3,2026-09-09
PED0000129,526,PR0119,2,2026-07-21
PED0000130,936,PR0056,2,2026-09-02
PED0000131,447,PR0104,4,2026-06-07
PED0000132,990,PR0079,5,2026-09-10
PED0000133,793,PR0006,6,2026-06-07
PED0000134,532,PR0062,1,2026-08-24
PED0000135,805,PR0051,6,2026-09-01
PED0000136,767,PR0025,3,2026-07-01
PED0000137,626,PR0066,5,2026-07-02
PED0000138,811,PR0013,1,2026-08-01
PED0000139,588,PR0084,4,2026-08-15
PED0000140,635,PR0099,-1,2026-06-13
PED0000141,227,PR0012,-1,2026-06-25
PED0000142,183,PR0058,5,2026-08-19
PED0000143,422,PR0079,1,2026-08-24
PED0000144,990,PR0008,6,2026-06-17
PED0000145,300,PR0047,5,2026-09-02
PED0000146,244,PR0031,6,2026-08-31
PED0000147,686,PR0005,6,2026-08-31
PED0000148,350,PR0097,2,2026-06-26
PED0000149,999999,PR0054,3,2026-08-10
PED0000150,415,PR0091,5,2026-06-17
PED0000151,960,PR0071,2,2026-06-21
PED0000152,180,PR0106,0,2026-06-08
PED0000153,60,PR0120,1,2026-07-22
PED0000154,932,PR0073,6,2026-08-14
PED0000155,215,PR0043,2,2026-06-21
PED0000156,616,PR0051,3,2026-06-20
PED0000157,153,PR0100,3,2026-06-30
PED0000158,627,PR0052,3,2026-06-21
PED0000159,260,PR0063,5,2026-08-27
PED0000160,636,PR0024,6,2026-06-18
PED0000161,887,PR0119,4,2026-06-30
PED0000162,405,PR0079,6,2026-07-03
PED0000163,557,PR0040,1,2026-06-22
PED0000164,983,PR0071,6,2026-09-07
PED0000165,970,PR0049,1,2026-06-23
PED0000166,801,PR0019,1,2026-07-22
PED0000167,16,PR0105,1,2026-07-30
PED0000168,593,PR0107,2,2026-06-28
PED0000169,751,PR0101,6,2026-07-20
PED0000170,825,PR0045,2,2026-06-18
PED0000171,248,PR0031,5,2026-07-21
PED0000172,372,PR0006,3,2026-06-02
PED0000173,195,PR0088,1,2026-07-17
PED0000174,638,PR0040,3,2026-07-09
PED0000175,477,PR0108,2,2026-07-07
PED0000176,143,PR0105,2,2026-06-12
PED0000177,244,PR_INEXISTENTE,4,2026-09-13
PED0000178,227,PR0111,5,2026-06-03
PED0000179,91,PR0017,4,2026-06-16
PED0000180,975,PR0059,2,2026-06-11
PED0000181,434,PR0057,5,2026-09-11
PED0000182,731,PR0115,5,2026-07-04
PED0000183,93,PR0079,2,2026-07-16
PED0000184,583,PR0106,6,2026-08-18
PED0000185,263,PR0072,6,2026-06-06
PED0000186,731,PR0100,4,2026-06-08
PED0000187,965,PR0103,2,2026-06-20
PED0000188,815,PR0104,3,2026-08-11
PED0000189,233,PR0050,3,2026-09-11
PED0000190,508,PR0046,2,2026-08-05
PED0000191,641,PR0119,2,2026-08-31
PED0000192,632,PR0091,-1,2026-09-01
PED0000193,962,PR0111,1,2026-06-30
PED0000194,970,PR0070,5,2026-06-20
PED0000195,831,PR0112,1,2026-06-17
PED0000196,5,PR0087,3,2026-08-23
PED0000197,214,PR0090,3,2026-08-10
PED0000198,585,PR0022,1,2026-08-30
PED0000199,6,PR0069,5,2026-07-24
PED0000200,99,PR0088,6,2026-09-11
PED0000201,414,PR0092,4,2026-09-02
PED0000202,106,PR0115,5,2026-08-24
PED0000203,896,PR0040,2,2026-08-24
PED0000204,778,PR0037,6,2026-06-13
PED0000205,307,PR0117,5,2026-08-18
PED0000206,415,PR0119,3,2026-09-08
PED0000207,509,PR0022,5,2026-07-01
PED0000208,61,PR0046,6,2026-08-25
PED0000209,35,PR0114,4,2026-07-07
PED0000210,664,PR0024,2,2026-06-23
PED0000211,309,PR0094,2,2026-08-16
PED0000212,126,PR0014,2,2026-06-18
PED0000213,33,PR0022,2,2026-07-21
PED0000214,620,PR0095,6,2026-09-07
PED0000215,267,PR0073,2,2026-06-17
PED0000216,811,PR0067,6,2026-06-17
PED0000217,588,PR0103,2,2026-09-08
PED0000218,813,PR0037,3,2026-08-21
PED0000219,349,PR0061,4,2026-07-19
PED0000220,712,PR0074,1,2026-07-13
PED0000221,423,PR0089,2,2026-09-10
PED0000222,182,PR0040,2,2026-08-15
PED0000223,698,PR0077,1,2026-09-04
PED0000224,855,PR0054,5,2026-06-10
PED0000225,1000,PR0066,4,2026-07-26
PED0000226,588,PR0104,6,2026-08-16
PED0000227,652,PR0048,6,2026-06-04
PED0000228,2,PR0081,3,2026-07-24
PED0000229,222,PR0114,5,2026-06-06
PED0000230,919,PR0092,1,2026-09-03
PED0000231,994,PR0119,3,2026-08-11
PED0000232,461,PR0071,4,2026-06-20
PED0000233,956,PR0034,3,2026-07-25
PED0000234,382,PR0119,5,2026-06-12
PED0000235,194,PR0078,6,2026-08-24
PED0000236,641,PR0029,3,2026-06-21
PED0000237,937,PR0039,2,2026-08-03
PED0000238,388,PR0032,4,2026-06-09
PED0000239,502,PR0101,6,2026-06-17
PED0000240,35,PR0012,6,2026-09-11
PED0000241,699,PR0089,5,2026-07-11
PED0000242,388,PR0067,2,2026-06-13
PED0000243,860,PR0009,2,2026-08-13
PED0000244,37,PR0074,4,2026-06-22
PED0000245,983,PR0091,3,2026-08-01
PED0000246,414,PR0088,4,2026-08-25
PED0000247,863,PR0064,6,2026-08-11
PED0000248,233,PR0041,4,2026-06-26
PED0000249,515,PR0020,3,2026-06-25
PED0000250,738,PR0002,6,2026-06-24
PED0000251,182,PR0044,3,2026-08-06
PED0000252,930,PR_INEXISTENTE,4,2026-08-10
PED0000253,82,PR0005,1,2026-07-25
PED0000254,586,PR0120,4,2026-07-12
PED0000255,270,PR0071,3,2026-06-07
PED0000256,884,PR0036,1,2026-08-27
PED0000257,61,PR0116,2,2026-08-09
PED0000258,979,PR0023,5,2026-08-07
PED0000259,909,PR0115,2,2026-06-11
PED0000260,464,PR0034,1,2026-07-01
PED0000261,624,PR0046,1,2026-07-02
PED0000262,998,PR0052,1,2026-08-02
PED0000263,372,PR0120,3,2026-08-22
PED0000264,126,PR0031,3,2026-08-30
PED0000265,532,PR0117,4,2026-07-25
PED0000266,703,PR0042,4,2026-07-09
PED0000267,882,PR0035,4,2026-07-13
PED0000268,254,PR0077,6,2026-08-17
PED0000269,5,PR0084,2,2026-07-04
PED0000270,254,PR0042,5,2026-07-14
PED0000271,214,PR0017,1,2026-08-22
PED0000272,820,PR0048,6,2026-07-28
PED0000273,624,PR0065,3,2026-07-20
PED0000274,856,PR0005,3,2026-08-17
PED0000275,778,PR0010,1,2026-07-01
PED0000276,270,PR0111,4,2026-06-07
PED0000277,415,PR0005,3,2026-08-22
PED0000278,324,PR0049,6,2026-07-18
PED0000279,6,PR0092,2,2026-07-05
PED0000280,309,PR0040,3,2026-06-10
PED0000281,40,PR0060,0,2026-09-06
PED0000282,751,PR0011,5,2026-08-16
PED0000283,540,PR0096,5,2026-06-29
PED0000284,441,PR0077,4,2026-08-03
PED0000285,366,PR0103,6,2026-07-19
PED0000286,820,PR0104,2,2026-07-05
PED0000287,948,PR0043,5,2026-07-03
PED0000288,414,PR0005,4,2026-06-09
PED0000289,154,PR0042,3,2026-09-11
PED0000290,369,PR0018,2,2026-09-06
PED0000291,480,PR0064,4,2026-08-31
PED0000292,213,PR0018,1,2026-07-04
PED0000293,127,PR0111,5,2026-09-13
PED0000294,25,PR0073,2,2026-06-29
PED0000295,844,PR0031,3,2026-08-26
PED0000296,996,PR0111,2,2026-06-11
PED0000297,776,PR0093,3,2026-07-03
PED0000298,178,PR0053,3,2026-07-31
PED0000299,735,PR0018,2,2026-09-10
PED0000300,572,PR0042,6,2026-06-28
PED0000301,108,PR0071,5,2026-07-16
PED0000302,922,PR0092,3,2026-08-28
PED0000303,353,PR0032,1,2026-07-20
PED0000304,127,PR0090,6,2026-08-11
PED0000305,248,PR0034,-1,2026-07-14
PED0000306,630,PR0030,4,2026-06-01
PED0000307,617,PR0054,4,2026-06-30
PED0000308,694,PR0020,1,2026-07-30
PED0000309,566,PR0049,3,2026-06-03
PED0000310,625,PR0043,2,2026-06-25
PED0000311,770,PR0034,4,2026-09-09
PED0000312,858,PR0094,6,2026-06-02
PED0000313,672,PR0040,4,2026-06-26
PED0000314,423,PR0084,4,2026-08-05
PED0000315,45,PR0087,5,2026-07-30
PED0000316,256,PR0080,0,2026-06-22
PED0000317,937,PR0033,1,2026-06-07
PED0000318,19,PR0100,2,2026-09-03
PED0000319,813,PR0029,2,2026-07-28
PED0000320,629,PR0034,5,2026-07-31
PED0000321,968,PR0105,3,2026-06-07
PED0000322,345,PR0041,5,2026-06-22
PED0000323,154,PR0084,3,2026-06-08
PED0000324,215,PR0006,6,2026-09-11
PED0000325,570,PR0074,5,2026-08-20
PED0000326,994,PR0105,1,2026-07-28
PED0000327,938,PR0086,6,2026-08-11
PED0000328,636,PR0070,6,2026-06-18
PED0000329,121,PR0102,1,2026-09-12
PED0000330,165,PR0036,3,2026-07-25
PED0000331,301,PR0046,6,2026-07-25
PED0000332,467,PR0009,6,2026-09-09
PED0000333,419,PR0084,3,2026-06-11
PED0000334,667,PR0087,4,2026-07-15
PED0000335,294,PR0091,1,2026-06-10
PED0000336,41,PR0090,4,2026-07-15
PED0000337,435,PR0016,4,2026-06-29
PED0000338,815,PR0080,3,2026-07-19
PED0000339,620,PR0092,2,2026-08-13
PED0000340,423,PR0025,5,2026-06-30
PED0000341,30,PR0058,3,2026-06-06
PED0000342,699,PR0110,2,2026-06-17
PED0000343,610,PR0050,3,2026-08-15
PED0000344,663,PR0091,3,2026-07-31
PED0000345,553,PR0064,2,2026-09-11
PED0000346,484,PR0079,4,2026-09-02
PED0000347,530,PR0076,6,2026-06-17
PED0000348,74,PR0079,5,2026-08-17
PED0000349,999999,PR0094,2,2026-06-10
PED0000350,804,PR0109,3,2026-06-11
PED0000351,236,PR0036,4,2026-08-23
PED0000352,813,PR0112,5,2026-07-13
PED0000353,256,PR0076,5,2026-09-13
PED0000354,526,PR0072,3,2026-06-01
PED0000355,825,PR0040,2,2026-07-23
PED0000356,994,PR0051,4,2026-07-03
PED0000357,100,PR0079,1,2026-09-12
PED0000358,896,PR0044,5,2026-08-10
PED0000359,415,PR0035,6,2026-08-21
PED0000360,876,PR0099,5,2026-07-01
PED0000361,464,PR0050,3,2026-09-02
PED0000362,419,PR0078,5,2026-08-28
PED0000363,769,PR0004,4,2026-08-22
PED0000364,626,PR0010,4,2026-07-21
PED0000365,571,PR0102,6,2026-09-05
PED0000366,538,PR0018,2,2026-08-10
PED0000367,435,PR0096,5,2026-06-07
PED0000368,657,PR_INEXISTENTE,5,2026-09-01
PED0000369,739,PR0058,0,2026-06-03
PED0000370,36,PR0107,1,2026-08-11
PED0000371,862,PR0052,5,2026-06-27
PED0000372,407,PR0115,2,2026-09-03
PED0000373,825,PR0029,6,2026-08-16
PED0000374,253,PR0052,5,2026-08-24
PED0000375,794,PR0047,3,2026-08-13
PED0000376,40,PR0095,3,2026-07-30
PED0000377,522,PR0006,1,2026-08-30
PED0000378,8,PR0100,3,2026-07-02
PED0000379,860,PR0003,1,2026-07-26
PED0000380,463,PR0038,0,2026-07-02
PED0000381,932,PR0072,4,2026-06-12
PED0000382,762,PR0018,2,2026-08-31
PED0000383,178,PR0059,5,2026-07-23
PED0000384,806,PR0120,1,2026-06-06
PED0000385,467,PR0099,4,2026-08-26
PED0000386,261,PR0004,1,2026-09-07
PED0000387,996,PR0072,1,2026-08-09
PED0000388,847,PR0072,2,2026-07-05
PED0000389,847,PR0009,2,2026-08-30
PED0000390,387,PR0079,5,2026-08-17
PED0000391,154,PR0063,6,2026-06-30
PED0000392,405,PR0082,5,2026-07-05
PED0000393,657,PR0036,5,2026-09-12
PED0000394,629,PR0031,4,2026-09-09
PED0000395,494,PR0089,3,2026-08-11
PED0000396,845,PR0087,2,2026-06-04
PED0000397,214,PR0020,6,2026-06-25
PED0000398,586,PR0026,0,2026-07-08
PED0000399,730,PR0071,4,2026-07-27
PED0000400,862,PR0100,1,2026-08-31
PED0000401,583,PR0025,3,2026-08-29
PED0000402,844,PR0027,5,2026-06-29
PED0000403,309,PR0097,3,2026-06-12
PED0000404,629,PR0084,4,2026-06-29
PED0000405,229,PR0109,5,2026-06-25
PED0000406,388,PR0095,1,2026-09-03
PED0000407,858,PR0115,6,2026-06-02
PED0000408,441,PR0023,5,2026-08-27
PED0000409,464,PR0033,3,2026-08-08
PED0000410,376,PR0029,5,2026-06-12
PED0000411,183,PR0007,1,2026-08-11
PED0000412,618,PR0094,2,2026-07-31
PED0000413,177,PR0080,1,2026-06-01
PED0000414,274,PR0011,4,2026-06-24
PED0000415,769,PR0024,6,2026-07-07
PED0000416,892,PR0023,4,2026-06-23
PED0000417,986,PR0049,5,2026-07-31
PED0000418,626,PR0055,1,2026-08-04
PED0000419,806,PR0035,6,2026-06-18
PED0000420,99,PR0112,2,2026-06-14
PED0000421,476,PR0026,4,2026-08-08
PED0000422,672,PR0068,5,2026-07-20
PED0000423,71,PR0053,6,2026-06-28
PED0000424,71,PR0047,6,2026-06-27
PED0000425,998,PR0100,4,2026-06-05
PED0000426,197,PR0118,4,2026-08-29
PED0000427,850,PR0001,3,2026-08-28
PED0000428,270,PR_INEXISTENTE,4,2026-07-29
PED0000429,959,PR0015,5,2026-07-07
PED0000430,561,PR0053,4,2026-06-23
PED0000431,423,PR0075,4,2026-07-03
PED0000432,244,PR0050,3,2026-09-06
PED0000433,435,PR0038,2,2026-06-10
PED0000434,983,PR0038,1,2026-08-26
PED0000435,265,PR0036,3,2026-07-02
PED0000436,324,PR0040,3,2026-06-28
PED0000437,377,PR0045,4,2026-08-25
PED0000438,948,PR0083,6,2026-09-09
PED0000439,511,PR0012,5,2026-09-13
PED0000440,443,PR0005,5,2026-06-29
PED0000441,561,PR0063,4,2026-08-02
PED0000442,172,PR0082,6,2026-07-01
PED0000443,233,PR0032,6,2026-06-21
PED0000444,566,PR0025,1,2026-07-11
PED0000445,860,PR0075,4,2026-06-07
PED0000446,165,PR0047,4,2026-06-18
PED0000447,959,PR0089,6,2026-08-02
PED0000448,479,PR0018,4,2026-08-12
PED0000449,322,PR0015,1,2026-06-29
PED0000450,301,PR0067,2,2026-07-29
PED0000451,106,PR0048,1,2026-08-20
PED0000452,417,PR0088,2,2026-09-02
PED0000453,140,PR0061,1,2026-07-30
PED0000454,33,PR0043,5,2026-06-26
PED0000455,383,PR0020,3,2026-08-14
PED0000456,222,PR0020,5,2026-06-18
PED0000457,106,PR0091,6,2026-06-15
PED0000458,698,PR0028,4,2026-07-08
PED0000459,318,PR0061,3,2026-07-05
PED0000460,901,PR0099,2,2026-06-16
PED0000461,190,PR0108,5,2026-06-06
PED0000462,318,PR0033,4,2026-09-08
PED0000463,345,PR0014,5,2026-08-11
PED0000464,183,PR0093,1,2026-08-15
PED0000465,17,PR0083,1,2026-06-07
PED0000466,294,PR0040,1,2026-08-23
PED0000467,508,PR0072,5,2026-07-09
PED0000468,463,PR0023,4,2026-08-18
PED0000469,921,PR0085,2,2026-07-22
PED0000470,920,PR0088,2,2026-06-26
PED0000471,326,PR0036,4,2026-06-28
PED0000472,956,PR0057,6,2026-06-15
PED0000473,262,PR0041,6,2026-08-27
PED0000474,503,PR0004,3,2026-07-16
PED0000475,540,PR0016,5,2026-08-21
PED0000476,383,PR0116,1,2026-08-27
PED0000477,181,PR0055,6,2026-06-18
PED0000478,500,PR0018,1,2026-07-05
PED0000479,396,PR0006,3,2026-06-14
PED0000480,314,PR0043,5,2026-06-02
PED0000481,572,PR0118,6,2026-09-12
PED0000482,421,PR0047,2,2026-08-09
PED0000483,314,PR0120,4,2026-07-18
PED0000484,904,PR0059,2,2026-06-22
PED0000485,267,PR0092,1,2026-08-02
PED0000486,267,PR0095,3,2026-07-27
PED0000487,387,PR0004,4,2026-06-24
PED0000488,855,PR0001,2,2026-06-02
PED0000489,648,PR0111,6,2026-07-20
PED0000490,936,PR0112,4,2026-07-24
PED0000491,331,PR0016,3,2026-08-23
PED0000492,641,PR0078,3,2026-07-12
PED0000493,422,PR0111,3,2026-06-11
PED0000494,296,PR0115,1,2026-09-01
PED0000495,572,PR0036,4,2026-07-14
PED0000496,99,PR0099,5,2026-08-15
PED0000497,326,PR0078,3,2026-06-05
PED0000498,462,PR0112,3,2026-06-04
PED0000499,807,PR0018,6,2026-06-03
PED0000500,994,PR0073,4,2026-08-22
PED0000501,377,PR0003,2,2026-06-26
PED0000502,281,PR0043,1,2026-08-23
PED0000503,626,PR0002,5,2026-09-08
PED0000504,58,PR0054,4,2026-08-09
PED0000505,769,PR0098,4,2026-09-12
PED0000506,687,PR0079,2,2026-09-06
PED0000507,648,PR0039,2,2026-08-15
PED0000508,222,PR0052,3,2026-08-24
PED0000509,779,PR0045,5,2026-08-03
PED0000510,202,PR0088,2,2026-06-23
PED0000511,563,PR0032,4,2026-06-11
PED0000512,999999,PR0012,6,2026-07-11
PED0000513,227,PR0061,2,2026-07-20
PED0000514,109,PR0100,2,2026-07-07
PED0000515,341,PR0058,2,2026-06-11
PED0000516,5,PR0025,6,2026-07-24
PED0000517,91,PR0006,4,2026-07-23
PED0000518,711,PR0114,6,2026-09-09
PED0000519,395,PR0092,6,2026-09-09
PED0000520,548,PR0019,3,2026-08-04
PED0000521,657,PR0009,1,2026-08-29
PED0000522,99,PR0016,2,2026-07-03
PED0000523,846,PR0046,4,2026-09-10
PED0000524,195,PR0098,3,2026-09-07
PED0000525,689,PR0020,1,2026-06-14
PED0000526,922,PR_INEXISTENTE,6,2026-08-13
PED0000527,731,PR0001,2,2026-07-19
PED0000528,557,PR0089,4,2026-06-28
PED0000529,212,PR0034,6,2026-07-14
PED0000530,806,PR0116,4,2026-09-04
PED0000531,2,PR0058,5,2026-09-06
PED0000532,434,PR0033,1,2026-07-07
PED0000533,813,PR0030,5,2026-07-19
PED0000534,331,PR0100,0,2026-07-25
PED0000535,64,PR0049,6,2026-08-17
PED0000536,613,PR0043,1,2026-07-21
PED0000537,406,PR0089,2,2026-07-12
PED0000538,731,PR0065,1,2026-09-05
PED0000539,96,PR0080,6,2026-07-10
PED0000540,699,PR0054,0,2026-06-28
PED0000541,177,PR0008,4,2026-07-05
PED0000542,175,PR0001,3,2026-07-05
PED0000543,44,PR0005,5,2026-07-29
PED0000544,77,PR0069,0,2026-08-09
PED0000545,948,PR0062,2,2026-06-15
PED0000546,434,PR0090,5,2026-09-02
PED0000547,767,PR0108,2,2026-06-27
PED0000548,663,PR0021,2,2026-06-13
PED0000549,784,PR_INEXISTENTE,1,2026-08-10
PED0000550,977,PR0112,3,2026-06-23
PED0000551,366,PR0074,4,2026-08-18
PED0000552,778,PR0064,5,2026-09-08
PED0000553,376,PR0022,6,2026-08-12
PED0000554,331,PR0022,4,2026-08-21
PED0000555,636,PR0003,3,2026-07-22
PED0000556,948,PR0078,2,2026-07-07
PED0000557,601,PR0052,6,2026-08-04
PED0000558,82,PR0024,3,2026-07-08
PED0000559,449,PR0017,5,2026-09-01
PED0000560,999999,PR0008,4,2026-07-20
PED0000561,287,PR0077,6,2026-07-23
PED0000562,74,PR0083,6,2026-08-10
PED0000563,779,PR0076,5,2026-06-20
PED0000564,999999,PR0014,4,2026-07-29
PED0000565,350,PR0005,1,2026-08-19
PED0000566,667,PR_INEXISTENTE,1,2026-08-21
PED0000567,91,PR0091,4,2026-06-24
PED0000568,172,PR0089,5,2026-06-06
PED0000569,407,PR0036,5,2026-06-21
PED0000570,477,PR0007,2,2026-08-25
PED0000571,736,PR0039,4,2026-06-28
PED0000572,687,PR0098,0,2026-06-07
PED0000573,393,PR0018,1,2026-08-02
PED0000574,446,PR_INEXISTENTE,3,2026-09-01
PED0000575,443,PR0056,6,2026-06-24
PED0000576,899,PR0017,2,2026-06-05
PED0000577,387,PR0113,2,2026-06-15
PED0000578,405,PR0063,-1,2026-06-14
PED0000579,930,PR0081,5,2026-06-22
PED0000580,545,PR0012,2,2026-06-19
PED0000581,536,PR0045,5,2026-08-06
PED0000582,1000,PR0076,2,2026-06-24
PED0000583,451,PR0078,3,2026-07-28
PED0000584,260,PR0008,4,2026-07-13
PED0000585,553,PR0073,1,2026-08-08
PED0000586,626,PR0114,5,2026-08-08
PED0000587,107,PR0095,5,2026-08-02
PED0000588,37,PR0025,6,2026-09-02
PED0000589,309,PR0110,0,2026-06-21
PED0000590,621,PR0082,3,2026-07-26
PED0000591,423,PR0007,6,2026-07-12
PED0000592,824,PR0016,1,2026-07-26
PED0000593,699,PR0111,3,2026-06-15
PED0000594,635,PR0026,3,2026-07-04
PED0000595,82,PR0012,3,2026-09-07
PED0000596,613,PR0055,-1,2026-08-24
PED0000597,465,PR0064,5,2026-07-15
PED0000598,178,PR0069,2,2026-06-12
PED0000599,706,PR0080,6,2026-08-08
PED0000600,767,PR0120,6,2026-07-02
PED0000601,143,PR0092,2,2026-07-05
PED0000602,200,PR0004,6,2026-06-11
PED0000603,60,PR0011,2,2026-07-01
PED0000604,44,PR0001,1,2026-06-23
PED0000605,309,PR0048,3,2026-06-04
PED0000606,197,PR0043,-1,2026-08-01
PED0000607,876,PR0113,6,2026-09-10
PED0000608,511,PR0044,4,2026-06-14
PED0000609,825,PR0004,-1,2026-06-06
PED0000610,904,PR0107,2,2026-06-11
PED0000611,849,PR0032,6,2026-07-28
PED0000612,407,PR0110,4,2026-08-26
PED0000613,998,PR0093,1,2026-07-03
PED0000614,260,PR0106,1,2026-06-13
PED0000615,405,PR0099,2,2026-06-11
PED0000616,725,PR0018,1,2026-08-03
PED0000617,423,PR0076,2,2026-07-08
PED0000618,74,PR0050,6,2026-07-07
PED0000619,70,PR0076,2,2026-06-26
PED0000620,484,PR0090,4,2026-09-03
PED0000621,815,PR0061,6,2026-07-10
PED0000622,562,PR0038,2,2026-08-14
PED0000623,395,PR0110,5,2026-08-17
PED0000624,446,PR0080,3,2026-06-07
PED0000625,197,PR0107,2,2026-06-27
PED0000626,213,PR0029,6,2026-09-03
PED0000627,699,PR0101,4,2026-09-01
PED0000628,511,PR0039,3,2026-07-14
PED0000629,326,PR0056,5,2026-06-17
PED0000630,571,PR0104,6,2026-07-02
PED0000631,754,PR0043,5,2026-09-08
PED0000632,906,PR0031,6,2026-08-10
PED0000633,500,PR0110,2,2026-06-08
PED0000634,265,PR0116,3,2026-08-15
PED0000635,686,PR0038,2,2026-06-16
PED0000636,700,PR0037,-1,2026-07-02
PED0000637,609,PR0028,-1,2026-07-21
PED0000638,229,PR0003,4,2026-07-07
PED0000639,154,PR0067,4,2026-08-13
PED0000640,786,PR0031,5,2026-06-17
PED0000641,181,PR0102,2,2026-09-01
PED0000642,214,PR0021,3,2026-08-02
PED0000643,949,PR0077,5,2026-07-03
PED0000644,77,PR0061,1,2026-09-09
PED0000645,730,PR0074,6,2026-07-21
PED0000646,825,PR0014,2,2026-07-14
PED0000647,99,PR0056,5,2026-06-03
PED0000648,617,PR0076,4,2026-09-13
PED0000649,922,PR0041,6,2026-08-28
PED0000650,30,PR0105,5,2026-06-19
PED0000651,999999,PR0064,4,2026-09-08
PED0000652,994,PR0044,5,2026-08-23
PED0000653,326,PR0004,3,2026-07-15
PED0000654,847,PR0021,4,2026-09-06
PED0000655,30,PR0058,6,2026-07-29
PED0000656,222,PR0049,0,2026-08-12
PED0000657,586,PR0105,3,2026-06-20
PED0000658,31,PR0095,1,2026-06-12
PED0000659,175,PR0020,4,2026-07-26
PED0000660,227,PR0071,5,2026-07-05
PED0000661,462,PR0055,1,2026-09-12
PED0000662,735,PR0013,4,2026-06-09
PED0000663,990,PR0080,3,2026-08-20
PED0000664,919,PR0065,5,2026-08-03
PED0000665,317,PR0011,2,2026-09-01
PED0000666,462,PR0057,1,2026-09-13
PED0000667,658,PR0088,1,2026-08-31
PED0000668,691,PR0040,3,2026-07-10
PED0000669,484,PR0043,3,2026-08-13
PED0000670,8,PR0014,6,2026-06-18
PED0000671,739,PR0025,3,2026-07-22
PED0000672,663,PR0118,2,2026-06-29
PED0000673,522,PR0075,5,2026-06-27
PED0000674,847,PR0022,-1,2026-07-30
PED0000675,627,PR0058,3,2026-06-14
PED0000676,48,PR_INEXISTENTE,4,2026-07-30
PED0000677,461,PR0054,2,2026-07-13
PED0000678,396,PR0018,4,2026-06-25
PED0000679,845,PR_INEXISTENTE,3,2026-07-30
PED0000680,962,PR0069,6,2026-08-18
PED0000681,161,PR0077,2,2026-08-04
PED0000682,738,PR0054,6,2026-06-10
PED0000683,746,PR0035,4,2026-07-30
PED0000684,784,PR0030,5,2026-08-05
PED0000685,434,PR0026,2,2026-08-11
PED0000686,143,PR0052,1,2026-07-15
PED0000687,956,PR0055,0,2026-06-10
PED0000688,876,PR0081,3,2026-06-14
PED0000689,807,PR0007,2,2026-07-05
PED0000690,626,PR0034,6,2026-08-06
PED0000691,545,PR0103,2,2026-08-17
PED0000692,261,PR0110,3,2026-08-10
PED0000693,617,PR0112,5,2026-07-03
PED0000694,215,PR0037,6,2026-07-17
PED0000695,658,PR0017,6,2026-06-05
PED0000696,301,PR0024,4,2026-08-23
PED0000697,846,PR0016,1,2026-07-08
PED0000698,58,PR0115,1,2026-07-24
PED0000699,986,PR0107,5,2026-07-18
PED0000700,801,PR0098,4,2026-07-01
PED0000701,366,PR0088,1,2026-06-18
PED0000702,652,PR0042,5,2026-09-09
PED0000703,593,PR0058,6,2026-06-13
PED0000704,161,PR0101,1,2026-09-08
PED0000705,173,PR0098,5,2026-06-12
PED0000706,546,PR0063,3,2026-06-11
PED0000707,588,PR0101,3,2026-09-03
PED0000708,88,PR0042,5,2026-09-08
PED0000709,8,PR0050,2,2026-09-03
PED0000710,561,PR0101,1,2026-08-21
PED0000711,362,PR0046,6,2026-07-22
PED0000712,794,PR0091,3,2026-06-12
PED0000713,537,PR0055,2,2026-08-02
PED0000714,609,PR0036,5,2026-07-25
PED0000715,817,PR0027,2,2026-08-17
PED0000716,372,PR0073,5,2026-06-04
PED0000717,122,PR0058,1,2026-06-09
PED0000718,372,PR0045,4,2026-08-01
PED0000719,126,PR_INEXISTENTE,3,2026-08-29
PED0000720,222,PR0001,6,2026-09-06
PED0000721,825,PR0012,4,2026-07-30
PED0000722,697,PR0116,6,2026-07-09
PED0000723,215,PR0080,2,2026-07-20
PED0000724,494,PR0066,3,2026-07-24
PED0000725,771,PR0002,5,2026-08-05
PED0000726,60,PR0072,1,2026-06-24
PED0000727,641,PR0053,6,2026-07-11
PED0000728,976,PR0072,5,2026-07-27
PED0000729,183,PR0005,5,2026-08-29
PED0000730,503,PR0067,2,2026-08-24
PED0000731,617,PR0070,5,2026-08-19
PED0000732,779,PR0035,6,2026-06-23
PED0000733,919,PR0007,2,2026-07-13
PED0000734,322,PR0117,4,2026-07-29
PED0000735,820,PR0086,1,2026-09-10
PED0000736,519,PR0075,3,2026-07-08
PED0000737,485,PR0093,1,2026-09-05
PED0000738,793,PR0081,-1,2026-08-18
PED0000739,175,PR_INEXISTENTE,4,2026-08-06
PED0000740,624,PR0055,0,2026-08-13
PED0000741,441,PR0107,5,2026-08-23
PED0000742,516,PR0035,6,2026-08-13
PED0000743,566,PR0117,2,2026-08-10
PED0000744,693,PR0008,2,2026-07-10
PED0000745,931,PR0040,2,2026-07-15
PED0000746,52,PR0043,6,2026-08-02
PED0000747,54,PR0075,1,2026-08-28
PED0000748,357,PR0022,1,2026-08-08
PED0000749,899,PR0028,1,2026-09-12
PED0000750,106,PR0080,5,2026-08-11
PED0000751,548,PR0035,4,2026-07-13
PED0000752,703,PR0106,6,2026-07-31
PED0000753,557,PR0105,2,2026-08-05
PED0000754,805,PR0037,3,2026-08-31
PED0000755,93,PR0068,4,2026-06-27
PED0000756,480,PR0040,1,2026-06-27
PED0000757,301,PR0042,6,2026-06-22
PED0000758,392,PR0081,5,2026-06-06
PED0000759,968,PR0036,1,2026-08-10
PED0000760,896,PR0018,6,2026-09-10
PED0000761,396,PR0032,3,2026-08-04
PED0000762,19,PR0112,3,2026-06-07
PED0000763,488,PR0032,6,2026-07-09
PED0000764,54,PR0044,4,2026-09-03
PED0000765,60,PR0076,2,2026-06-06
PED0000766,919,PR0013,5,2026-08-04
PED0000767,540,PR0033,5,2026-07-17
PED0000768,884,PR0021,2,2026-09-05
PED0000769,494,PR0111,5,2026-07-24
PED0000770,446,PR0112,4,2026-07-30
PED0000771,938,PR0091,2,2026-08-15
PED0000772,40,PR0030,3,2026-08-26
PED0000773,467,PR0074,6,2026-07-25
PED0000774,762,PR0080,2,2026-08-15
PED0000775,858,PR0105,5,2026-08-24
PED0000776,668,PR0019,5,2026-07-26
PED0000777,968,PR0089,6,2026-08-15
PED0000778,254,PR0024,2,2026-07-09
PED0000779,711,PR0069,2,2026-07-08
PED0000780,91,PR0106,6,2026-06-01
PED0000781,417,PR0008,3,2026-08-10
PED0000782,882,PR0018,4,2026-06-27
PED0000783,419,PR0098,4,2026-08-25
PED0000784,769,PR0003,4,2026-09-08
PED0000785,999999,PR0083,4,2026-08-31
PED0000786,750,PR0061,3,2026-06-29
PED0000787,686,PR0042,3,2026-08-08
PED0000788,366,PR0104,3,2026-08-18
PED0000789,652,PR0102,4,2026-07-24
PED0000790,902,PR0040,5,2026-07-24
PED0000791,809,PR0001,4,2026-07-16
PED0000792,5,PR0016,5,2026-07-03
PED0000793,265,PR0013,3,2026-07-31
PED0000794,314,PR0118,5,2026-09-13
PED0000795,931,PR0072,3,2026-06-23
PED0000796,197,PR0082,3,2026-06-05
PED0000797,626,PR0028,1,2026-06-06
PED0000798,99,PR0103,2,2026-08-01
PED0000799,586,PR0087,5,2026-06-29
PED0000800,830,PR0091,1,2026-07-19
PED0000801,795,PR0057,2,2026-09-08
PED0000802,167,PR0084,5,2026-06-09
PED0000803,369,PR0066,6,2026-06-19
PED0000804,686,PR0047,3,2026-06-23
PED0000805,100,PR0072,3,2026-07-18
PED0000806,616,PR0039,4,2026-08-12
PED0000807,975,PR0115,5,2026-06-20
PED0000808,839,PR0087,3,2026-06-12
PED0000809,901,PR0089,2,2026-06-10
PED0000810,566,PR0087,3,2026-08-24
PED0000811,502,PR0054,2,2026-06-04
PED0000812,548,PR0115,5,2026-08-05
PED0000813,322,PR0025,1,2026-07-31
PED0000814,108,PR0069,4,2026-06-11
PED0000815,530,PR0009,1,2026-07-29
PED0000816,882,PR0036,6,2026-07-01
PED0000817,511,PR0069,4,2026-07-25
PED0000818,557,PR0059,1,2026-06-15
PED0000819,393,PR0113,6,2026-08-10
PED0000820,190,PR0074,4,2026-08-23
PED0000821,440,PR0050,4,2026-06-01
PED0000822,281,PR0052,1,2026-07-26
PED0000823,536,PR0074,2,2026-08-07
PED0000824,779,PR0095,5,2026-06-01
PED0000825,407,PR0034,3,2026-08-16
PED0000826,185,PR0071,4,2026-07-28
PED0000827,503,PR0069,6,2026-07-03
PED0000828,248,PR0002,3,2026-07-21
PED0000829,484,PR0110,3,2026-08-11
PED0000830,267,PR0069,5,2026-08-07
PED0000831,746,PR0030,1,2026-08-21
PED0000832,621,PR0077,3,2026-06-04
PED0000833,570,PR0082,6,2026-08-22
PED0000834,418,PR0110,2,2026-06-04
PED0000835,609,PR0005,2,2026-08-08
PED0000836,178,PR0050,3,2026-07-07
PED0000837,708,PR0022,1,2026-06-07
PED0000838,331,PR0069,1,2026-08-12
PED0000839,641,PR0061,2,2026-07-29
PED0000840,45,PR0057,6,2026-08-09
PED0000841,476,PR0118,2,2026-07-10
PED0000842,998,PR0064,5,2026-06-30
PED0000843,831,PR0050,3,2026-08-05
PED0000844,762,PR0009,5,2026-06-23
PED0000845,183,PR0035,2,2026-08-25
PED0000846,461,PR0108,6,2026-08-11
PED0000847,233,PR0055,-1,2026-09-13
PED0000848,435,PR0110,5,2026-06-03
PED0000849,638,PR0064,5,2026-08-01
PED0000850,422,PR0066,3,2026-07-29
PED0000851,17,PR0052,5,2026-08-30
PED0000852,165,PR0067,-1,2026-07-15
PED0000853,948,PR0009,3,2026-09-07
PED0000854,990,PR0007,3,2026-06-26
PED0000855,577,PR0058,6,2026-08-29
PED0000856,227,PR0072,6,2026-07-25
PED0000857,545,PR0067,5,2026-09-08
PED0000858,522,PR0052,6,2026-06-23
PED0000859,506,PR0036,6,2026-06-28
PED0000860,999999,PR0086,5,2026-07-30
PED0000861,446,PR0073,4,2026-07-28
PED0000862,844,PR0006,2,2026-06-16
PED0000863,999999,PR0055,5,2026-08-08
PED0000864,213,PR0086,2,2026-07-13
PED0000865,126,PR0095,2,2026-06-16
PED0000866,706,PR0035,6,2026-07-24
PED0000867,698,PR_INEXISTENTE,1,2026-08-13
PED0000868,831,PR0079,1,2026-06-04
PED0000869,195,PR0053,4,2026-09-05
PED0000870,572,PR0076,4,2026-08-04
PED0000871,317,PR0105,1,2026-06-28
PED0000872,922,PR0028,3,2026-08-18
PED0000873,999999,PR0019,2,2026-08-28
PED0000874,64,PR0053,2,2026-09-09
PED0000875,672,PR0011,2,2026-08-22
PED0000876,854,PR0101,5,2026-06-22
PED0000877,177,PR0117,3,2026-06-18
PED0000878,109,PR0073,6,2026-06-22
PED0000879,849,PR0118,1,2026-08-31
PED0000880,175,PR0009,5,2026-07-03
PED0000881,545,PR0076,6,2026-07-05
PED0000882,383,PR0054,3,2026-09-02
PED0000883,422,PR0034,5,2026-06-22
PED0000884,480,PR0038,3,2026-07-13
PED0000885,585,PR0066,4,2026-07-02
PED0000886,618,PR0077,6,2026-07-02
PED0000887,694,PR0020,4,2026-08-02
PED0000888,804,PR0074,4,2026-08-17
PED0000889,679,PR0112,6,2026-06-28
PED0000890,382,PR0002,3,2026-06-04
PED0000891,54,PR0106,2,2026-08-07
PED0000892,767,PR0073,5,2026-07-28
PED0000893,577,PR0042,5,2026-08-09
PED0000894,467,PR_INEXISTENTE,2,2026-07-18
PED0000895,446,PR0075,5,2026-08-21
PED0000896,19,PR0093,-1,2026-08-05
PED0000897,952,PR0010,2,2026-08-19
PED0000898,494,PR0008,6,2026-08-16
PED0000899,91,PR0078,4,2026-07-23
PED0000900,641,PR0037,4,2026-07-05
PED0000901,979,PR0029,4,2026-08-01
PED0000902,588,PR0051,1,2026-08-06
PED0000903,121,PR0088,6,2026-07-31
PED0000904,317,PR0022,2,2026-07-26
PED0000905,296,PR0117,5,2026-07-07
PED0000906,904,PR0051,6,2026-06-15
PED0000907,731,PR0019,2,2026-07-15
PED0000908,784,PR0009,4,2026-09-01
PED0000909,770,PR0103,1,2026-08-15
PED0000910,620,PR0014,4,2026-08-19
PED0000911,809,PR0051,3,2026-08-17
PED0000912,479,PR0081,1,2026-09-05
PED0000913,419,PR0062,5,2026-06-24
PED0000914,898,PR0032,6,2026-08-15
PED0000915,762,PR0013,1,2026-06-08
PED0000916,708,PR0086,6,2026-06-26
PED0000917,421,PR0059,6,2026-06-04
PED0000918,253,PR0006,4,2026-07-16
PED0000919,530,PR0022,6,2026-06-15
PED0000920,43,PR0068,2,2026-07-11
PED0000921,860,PR0021,5,2026-06-15
PED0000922,860,PR0047,5,2026-06-04
PED0000923,632,PR0015,4,2026-07-21
PED0000924,994,PR0096,6,2026-07-14
PED0000925,984,PR0076,6,2026-07-14
PED0000926,620,PR0095,5,2026-07-07
PED0000927,357,PR0007,4,2026-07-13
PED0000928,415,PR0046,6,2026-06-01
PED0000929,712,PR0033,4,2026-07-21
PED0000930,45,PR0075,4,2026-08-28
PED0000931,703,PR0099,2,2026-06-15
PED0000932,738,PR0028,2,2026-06-16
PED0000933,121,PR0093,6,2026-08-21
PED0000934,177,PR0070,3,2026-07-23
PED0000935,892,PR0099,4,2026-06-28
PED0000936,233,PR0010,5,2026-08-22
PED0000937,436,PR0119,2,2026-07-05
PED0000938,898,PR0053,2,2026-08-03
PED0000939,686,PR0034,1,2026-07-29
PED0000940,920,PR0022,2,2026-06-18
PED0000941,514,PR0119,4,2026-08-19
PED0000942,465,PR0107,5,2026-08-04
PED0000943,687,PR0016,2,2026-06-22
PED0000944,740,PR0054,3,2026-08-19
PED0000945,613,PR0089,2,2026-08-05
PED0000946,40,PR0071,5,2026-08-29
PED0000947,449,PR0023,4,2026-08-26
PED0000948,296,PR0044,1,2026-07-04
PED0000949,746,PR0045,4,2026-09-07
PED0000950,902,PR0035,3,2026-06-04
PED0000951,609,PR0116,6,2026-07-06
PED0000952,42,PR0025,2,2026-08-03
PED0000953,388,PR0085,6,2026-07-27
PED0000954,902,PR0110,5,2026-06-24
PED0000955,461,PR0096,1,2026-06-21
PED0000956,849,PR0096,5,2026-08-21
PED0000957,434,PR0020,5,2026-08-31
PED0000958,815,PR0016,3,2026-08-11
PED0000959,846,PR0094,1,2026-07-26
PED0000960,306,PR0090,3,2026-08-21
PED0000961,227,PR0090,4,2026-06-26
PED0000962,792,PR0051,1,2026-09-10
PED0000963,906,PR0063,3,2026-06-14
PED0000964,77,PR0002,5,2026-08-01
PED0000965,43,PR0035,4,2026-07-06
PED0000966,412,PR0064,6,2026-09-03
PED0000967,236,PR0016,2,2026-06-26
PED0000968,19,PR0016,5,2026-08-07
PED0000969,362,PR0006,3,2026-06-17
PED0000970,830,PR0026,2,2026-06-20
PED0000971,846,PR0120,6,2026-07-14
PED0000972,274,PR0084,4,2026-08-23
PED0000973,986,PR0114,4,2026-06-30
PED0000974,181,PR0031,2,2026-08-12
PED0000975,996,PR0072,6,2026-07-30
PED0000976,901,PR0108,1,2026-09-11
PED0000977,884,PR0043,0,2026-07-02
PED0000978,324,PR0079,2,2026-06-26
PED0000979,253,PR0084,4,2026-09-03
PED0000980,938,PR0100,1,2026-07-05
PED0000981,414,PR0117,5,2026-06-23
PED0000982,345,PR0074,2,2026-08-26
PED0000983,626,PR0070,5,2026-08-25
PED0000984,941,PR0105,5,2026-06-07
PED0000985,412,PR0083,6,2026-08-29
PED0000986,901,PR0044,2,2026-08-06
PED0000987,540,PR0076,1,2026-06-30
PED0000988,562,PR0066,5,2026-07-27
PED0000989,922,PR0028,3,2026-06-26
PED0000990,69,PR0062,6,2026-06-18
PED0000991,668,PR0075,0,2026-06-14
PED0000992,322,PR0109,4,2026-06-18
PED0000993,31,PR0070,1,2026-08-01
PED0000994,751,PR0020,3,2026-08-25
PED0000995,295,PR0119,1,2026-07-22
PED0000996,334,PR0070,5,2026-06-02
PED0000997,754,PR0035,4,2026-07-16
PED0000998,37,PR0091,1,2026-08-18
PED0000999,712,PR0047,3,2026-08-27
PED0001000,254,PR0045,3,2026-08-16
PED0001001,457,PR0101,5,2026-07-09
PED0001002,627,PR0105,3,2026-08-08
PED0001003,70,PR0063,3,2026-06-08
PED0001004,127,PR0045,5,2026-07-13
PED0001005,494,PR0104,4,2026-07-27
PED0001006,763,PR0021,5,2026-06-03
PED0001007,172,PR0090,6,2026-06-02
PED0001008,262,PR0071,6,2026-08-24
PED0001009,422,PR0103,6,2026-06-24
PED0001010,178,PR0051,5,2026-06-14
PED0001011,417,PR0100,4,2026-08-02
PED0001012,754,PR0002,4,2026-06-30
PED0001013,846,PR0091,2,2026-09-11
PED0001014,407,PR0009,5,2026-09-08
PED0001015,307,PR0078,5,2026-08-26
PED0001016,215,PR0024,6,2026-07-02
PED0001017,422,PR0116,5,2026-08-31
PED0001018,173,PR0093,3,2026-06-27
PED0001019,617,PR0013,2,2026-06-26
PED0001020,91,PR0108,6,2026-09-11
PED0001021,331,PR0031,5,2026-08-10
PED0001022,33,PR0066,6,2026-06-10
PED0001023,854,PR0011,4,2026-09-02
PED0001024,463,PR0013,4,2026-06-17
PED0001025,546,PR0029,1,2026-08-11
PED0001026,415,PR0065,1,2026-07-17
PED0001027,128,PR_INEXISTENTE,5,2026-06-02
PED0001028,679,PR0103,0,2026-08-22
PED0001029,555,PR0020,1,2026-08-12
PED0001030,357,PR0090,5,2026-09-01
PED0001031,931,PR0001,4,2026-08-04
PED0001032,686,PR0035,1,2026-08-19
PED0001033,831,PR0022,3,2026-09-04
PED0001034,48,PR0015,3,2026-09-11
PED0001035,989,PR0071,1,2026-07-29
PED0001036,815,PR0109,4,2026-06-02
PED0001037,45,PR0081,3,2026-07-07
PED0001038,213,PR0103,6,2026-08-05
PED0001039,190,PR0071,1,2026-06-12
PED0001040,849,PR0007,6,2026-06-13
PED0001041,540,PR0042,1,2026-07-12
PED0001042,956,PR0099,5,2026-09-04
PED0001043,849,PR0006,5,2026-07-04
PED0001044,863,PR0012,3,2026-09-07
PED0001045,108,PR0101,2,2026-08-24
PED0001046,195,PR0008,0,2026-07-02
PED0001047,854,PR0116,3,2026-06-25
PED0001048,585,PR0092,5,2026-08-26
PED0001049,980,PR0080,5,2026-08-19
PED0001050,33,PR0065,2,2026-08-06
PED0001051,909,PR0011,1,2026-09-11
PED0001052,128,PR0050,4,2026-06-11
PED0001053,61,PR0097,4,2026-07-11
PED0001054,6,PR0109,6,2026-08-03
PED0001055,392,PR0054,5,2026-06-08
PED0001056,82,PR0101,4,2026-09-11
PED0001057,672,PR0094,4,2026-07-31
PED0001058,908,PR0007,4,2026-07-03
PED0001059,694,PR0075,3,2026-06-26
PED0001060,998,PR0074,5,2026-06-01
PED0001061,892,PR0066,2,2026-08-02
PED0001062,960,PR0093,5,2026-09-11
PED0001063,197,PR0107,6,2026-06-04
PED0001064,362,PR0067,3,2026-07-14
PED0001065,449,PR0039,3,2026-08-09
PED0001066,781,PR0118,3,2026-07-16
PED0001067,40,PR0116,0,2026-08-08
PED0001068,461,PR0083,2,2026-08-14
PED0001069,488,PR0077,0,2026-09-10
PED0001070,571,PR0013,4,2026-08-03
PED0001071,516,PR0049,5,2026-08-14
PED0001072,520,PR0024,2,2026-07-02
PED0001073,570,PR0062,1,2026-06-16
PED0001074,401,PR0100,4,2026-06-11
PED0001075,970,PR0027,4,2026-06-12
PED0001076,712,PR0120,5,2026-08-26
PED0001077,635,PR0016,1,2026-06-05
PED0001078,213,PR0012,1,2026-07-21
PED0001079,970,PR0117,3,2026-08-04
PED0001080,278,PR0013,4,2026-08-10
PED0001081,388,PR_INEXISTENTE,1,2026-06-07
PED0001082,786,PR0092,2,2026-08-30
PED0001083,629,PR0040,3,2026-07-16
PED0001084,265,PR0008,2,2026-06-02
PED0001085,464,PR0038,5,2026-06-14
PED0001086,904,PR0009,1,2026-08-30
PED0001087,597,PR0081,6,2026-09-08
PED0001088,154,PR0107,2,2026-08-18
PED0001089,860,PR0120,3,2026-07-06
PED0001090,712,PR0097,6,2026-09-08
PED0001091,765,PR0093,4,2026-06-29
PED0001092,175,PR0106,6,2026-06-25
PED0001093,855,PR0093,1,2026-08-20
PED0001094,326,PR0079,5,2026-07-04
PED0001095,74,PR0120,1,2026-07-25
PED0001096,627,PR0039,4,2026-08-09
PED0001097,831,PR0050,2,2026-06-18
PED0001098,999999,PR0109,5,2026-09-06
PED0001099,436,PR0038,1,2026-06-18
PED0001100,233,PR0036,6,2026-09-13
PED0001101,982,PR0019,3,2026-06-30
PED0001102,847,PR0034,4,2026-07-14
PED0001103,841,PR0072,4,2026-06-27
PED0001104,855,PR0107,1,2026-07-27
PED0001105,902,PR0017,-1,2026-06-01
PED0001106,191,PR_INEXISTENTE,5,2026-06-18
PED0001107,672,PR0092,6,2026-07-25
PED0001108,586,PR0108,6,2026-08-12
PED0001109,999999,PR0091,4,2026-09-10
PED0001110,909,PR0019,2,2026-08-27
PED0001111,463,PR0059,3,2026-09-05
PED0001112,687,PR0115,3,2026-08-23
PED0001113,846,PR0110,3,2026-08-21
PED0001114,794,PR0074,3,2026-07-07
PED0001115,883,PR0116,6,2026-09-04
PED0001116,172,PR0081,3,2026-09-10
PED0001117,480,PR0008,1,2026-07-24
PED0001118,632,PR0110,5,2026-06-13
PED0001119,271,PR0021,4,2026-06-05
PED0001120,126,PR0046,3,2026-07-22
PED0001121,143,PR0029,4,2026-08-06
PED0001122,980,PR0087,6,2026-07-29
PED0001123,805,PR0004,6,2026-09-03
PED0001124,191,PR0077,5,2026-07-27
PED0001125,746,PR0104,4,2026-08-09
PED0001126,921,PR0095,1,2026-08-19
PED0001127,836,PR0037,4,2026-09-02
PED0001128,980,PR0108,5,2026-08-04
PED0001129,191,PR0044,6,2026-07-29
PED0001130,545,PR0082,5,2026-06-09
PED0001131,792,PR0061,6,2026-08-07
PED0001132,480,PR0009,4,2026-06-19
PED0001133,920,PR0001,1,2026-07-09
PED0001134,8,PR0022,3,2026-07-26
PED0001135,200,PR0113,2,2026-06-09
PED0001136,265,PR0115,6,2026-08-12
PED0001137,906,PR0050,5,2026-06-30
PED0001138,388,PR0117,3,2026-07-24
PED0001139,817,PR0006,3,2026-07-07
PED0001140,60,PR0117,1,2026-07-08
PED0001141,686,PR0028,1,2026-07-12
PED0001142,650,PR0005,2,2026-06-06
PED0001143,509,PR0091,-1,2026-06-21
PED0001144,863,PR0046,2,2026-08-22
PED0001145,248,PR0036,6,2026-06-13
PED0001146,54,PR0092,5,2026-07-23
PED0001147,451,PR0040,4,2026-06-15
PED0001148,441,PR0091,2,2026-07-27
PED0001149,921,PR0024,6,2026-08-07
PED0001150,140,PR0011,4,2026-07-20
PED0001151,8,PR0039,-1,2026-08-21
PED0001152,509,PR0074,3,2026-06-28
PED0001153,711,PR0027,4,2026-07-29
PED0001154,798,PR0018,6,2026-06-30
PED0001155,350,PR0090,5,2026-07-24
PED0001156,419,PR0060,3,2026-06-07
PED0001157,750,PR0052,5,2026-06-29
PED0001158,620,PR0029,6,2026-08-14
PED0001159,31,PR0003,2,2026-08-21
PED0001160,948,PR0007,6,2026-06-29
PED0001161,921,PR0082,4,2026-06-28
PED0001162,122,PR0010,2,2026-07-02
PED0001163,895,PR0030,6,2026-06-30
PED0001164,693,PR0110,5,2026-09-13
PED0001165,532,PR0042,3,2026-08-08
PED0001166,841,PR0090,2,2026-07-11
PED0001167,970,PR0042,6,2026-07-19
PED0001168,345,PR0112,5,2026-07-24
PED0001169,975,PR0099,1,2026-07-29
PED0001170,566,PR0057,4,2026-07-11
PED0001171,294,PR0083,1,2026-09-11
PED0001172,530,PR0050,2,2026-07-01
PED0001173,447,PR0114,4,2026-07-15
PED0001174,412,PR0044,0,2026-06-01
PED0001175,932,PR0101,4,2026-07-22
PED0001176,850,PR0074,3,2026-08-29
PED0001177,143,PR0078,4,2026-09-13
PED0001178,479,PR0043,5,2026-07-20
PED0001179,161,PR0100,1,2026-06-15
PED0001180,45,PR0090,5,2026-08-15
PED0001181,260,PR0098,2,2026-08-07
PED0001182,956,PR0097,1,2026-09-09
PED0001183,294,PR0019,3,2026-07-24
PED0001184,985,PR0106,2,2026-06-01
PED0001185,271,PR0102,2,2026-09-03
PED0001186,815,PR0030,3,2026-08-10
PED0001187,270,PR0118,6,2026-08-24
PED0001188,99,PR0064,4,2026-06-13
PED0001189,31,PR0039,5,2026-07-19
PED0001190,177,PR0027,1,2026-07-19
PED0001191,691,PR0044,1,2026-06-29
PED0001192,902,PR0005,3,2026-08-28
PED0001193,996,PR0083,5,2026-06-20
PED0001194,398,PR0085,6,2026-06-08
PED0001195,563,PR0081,1,2026-06-25
PED0001196,836,PR0066,3,2026-09-12
PED0001197,740,PR0044,3,2026-06-12
PED0001198,58,PR0087,5,2026-07-31
PED0001199,301,PR_INEXISTENTE,2,2026-06-20
PED0001200,540,PR0011,3,2026-07-12
PED0001201,805,PR0046,6,2026-07-28
PED0001202,41,PR0120,3,2026-06-03
PED0001203,350,PR0104,5,2026-06-26
PED0001204,566,PR0120,4,2026-08-01
PED0001205,949,PR0022,4,2026-06-02
PED0001206,244,PR0056,2,2026-07-22
PED0001207,377,PR0016,6,2026-08-03
PED0001208,532,PR0104,2,2026-06-23
PED0001209,314,PR0063,6,2026-06-18
PED0001210,831,PR0030,6,2026-07-22
PED0001211,519,PR0011,4,2026-08-15
PED0001212,229,PR0089,6,2026-06-02
PED0001213,922,PR0098,5,2026-07-06
PED0001214,689,PR0106,5,2026-09-13
PED0001215,405,PR0117,-1,2026-07-06
PED0001216,970,PR0098,1,2026-07-05
PED0001217,395,PR0095,1,2026-08-17
PED0001218,994,PR0098,1,2026-07-21
PED0001219,191,PR0120,6,2026-07-12
PED0001220,876,PR0056,2,2026-08-22
PED0001221,999999,PR0092,1,2026-06-04
PED0001222,989,PR0099,6,2026-08-14
PED0001223,999999,PR0014,2,2026-07-10
PED0001224,746,PR0083,5,2026-09-02
PED0001225,672,PR0041,6,2026-08-16
PED0001226,970,PR0016,4,2026-09-07
PED0001227,317,PR0021,6,2026-06-14
PED0001228,519,PR0014,6,2026-06-20
PED0001229,921,PR0108,1,2026-09-03
PED0001230,920,PR0093,1,2026-07-11
PED0001231,214,PR0013,3,2026-08-25
PED0001232,854,PR0076,4,2026-08-12
PED0001233,586,PR0080,5,2026-07-23
PED0001234,763,PR0063,2,2026-06-05
PED0001235,562,PR0073,2,2026-06-08
PED0001236,372,PR0109,2,2026-08-15
PED0001237,36,PR0063,2,2026-06-11
PED0001238,968,PR0080,6,2026-06-01
PED0001239,769,PR0069,3,2026-06-24
PED0001240,434,PR0048,6,2026-09-04
PED0001241,172,PR0107,1,2026-08-05
PED0001242,860,PR0050,1,2026-08-15
PED0001243,983,PR0096,5,2026-08-08
PED0001244,511,PR0073,2,2026-07-30
PED0001245,109,PR0083,1,2026-06-27
PED0001246,555,PR0092,4,2026-07-16
PED0001247,405,PR0089,1,2026-07-28
PED0001248,636,PR0068,1,2026-09-12
PED0001249,415,PR0074,3,2026-09-03
PED0001250,730,PR0062,4,2026-08-17
PED0001251,383,PR0041,4,2026-08-25
PED0001252,593,PR0088,4,2026-08-24
PED0001253,40,PR0106,1,2026-08-10
PED0001254,630,PR0085,2,2026-08-26
PED0001255,668,PR0093,3,2026-06-08
PED0001256,663,PR0100,2,2026-06-03
PED0001257,467,PR0045,0,2026-07-17
PED0001258,545,PR0008,2,2026-06-06
PED0001259,71,PR0041,4,2026-07-06
PED0001260,976,PR0091,6,2026-06-21
PED0001261,979,PR0098,4,2026-09-09
PED0001262,177,PR0062,3,2026-08-08
PED0001263,16,PR0094,3,2026-06-05
PED0001264,212,PR0009,4,2026-08-05
PED0001265,844,PR0078,5,2026-08-16
PED0001266,960,PR0082,2,2026-07-05
PED0001267,477,PR0061,1,2026-09-01
PED0001268,392,PR0086,5,2026-09-11
PED0001269,760,PR0059,4,2026-09-11
PED0001270,730,PR0063,1,2026-06-10
PED0001271,74,PR0073,4,2026-07-18
PED0001272,463,PR0096,1,2026-08-21
PED0001273,977,PR0030,4,2026-07-17
PED0001274,417,PR0037,5,2026-07-21
PED0001275,746,PR0051,1,2026-07-05
PED0001276,414,PR0025,5,2026-07-14
PED0001277,372,PR0041,1,2026-08-12
PED0001278,45,PR0043,2,2026-06-03
PED0001279,778,PR0038,5,2026-08-23
PED0001280,300,PR0050,3,2026-08-16
PED0001281,435,PR0061,6,2026-06-15
PED0001282,855,PR0084,6,2026-08-21
PED0001283,779,PR0037,6,2026-07-25
PED0001284,69,PR0102,1,2026-07-04
PED0001285,625,PR0058,2,2026-07-18
PED0001286,324,PR0087,2,2026-07-25
PED0001287,754,PR0014,4,2026-06-23
PED0001288,426,PR0021,3,2026-08-03
PED0001289,883,PR0055,5,2026-08-06
PED0001290,485,PR0044,2,2026-07-09
PED0001291,895,PR0060,2,2026-07-19
PED0001292,763,PR0020,4,2026-08-04
PED0001293,855,PR0057,4,2026-07-23
PED0001294,69,PR0083,5,2026-07-16
PED0001295,387,PR0088,2,2026-09-09
PED0001296,271,PR0030,0,2026-09-01
PED0001297,369,PR0042,6,2026-07-10
PED0001298,287,PR0064,4,2026-08-15
PED0001299,60,PR0063,6,2026-08-25
PED0001300,41,PR0096,3,2026-06-12
PED0001301,45,PR0047,1,2026-08-02
PED0001302,613,PR0081,5,2026-08-23
PED0001303,520,PR0107,3,2026-06-07
PED0001304,844,PR0036,1,2026-07-06
PED0001305,609,PR0099,1,2026-08-23
PED0001306,306,PR0040,2,2026-09-07
PED0001307,173,PR0041,2,2026-09-13
PED0001308,236,PR0079,5,2026-08-03
PED0001309,996,PR0075,4,2026-06-05
PED0001310,256,PR0066,2,2026-06-03
PED0001311,762,PR0028,1,2026-08-25
PED0001312,985,PR0012,1,2026-08-17
PED0001313,488,PR0110,6,2026-06-21
PED0001314,514,PR0105,0,2026-06-14
PED0001315,274,PR0107,1,2026-06-16
PED0001316,831,PR0062,5,2026-09-01
PED0001317,693,PR0107,6,2026-08-20
PED0001318,407,PR0057,1,2026-09-08
PED0001319,16,PR0010,6,2026-06-12
PED0001320,233,PR0024,5,2026-08-13
PED0001321,490,PR0033,2,2026-09-05
PED0001322,561,PR0046,5,2026-07-26
PED0001323,353,PR0113,3,2026-08-21
PED0001324,65,PR0040,4,2026-08-03
PED0001325,999999,PR0074,1,2026-06-01
PED0001326,30,PR0033,2,2026-07-16
PED0001327,635,PR0078,5,2026-06-28
PED0001328,938,PR0069,-1,2026-06-09
PED0001329,597,PR0019,1,2026-08-02
PED0001330,999999,PR0056,2,2026-09-06
PED0001331,58,PR0013,4,2026-06-06
PED0001332,555,PR0107,6,2026-07-05
PED0001333,421,PR0085,5,2026-08-10
PED0001334,632,PR0113,5,2026-07-03
PED0001335,631,PR0106,3,2026-06-13
PED0001336,508,PR0027,1,2026-06-21
PED0001337,999999,PR0085,5,2026-06-03
PED0001338,693,PR0013,5,2026-09-13
PED0001339,887,PR0116,3,2026-07-22
PED0001340,154,PR0095,4,2026-09-07
PED0001341,979,PR0082,2,2026-08-11
PED0001342,108,PR0120,3,2026-07-07
PED0001343,508,PR0102,2,2026-09-07
PED0001344,771,PR_INEXISTENTE,3,2026-06-28
PED0001345,825,PR0013,1,2026-06-19
PED0001346,694,PR0003,4,2026-08-24
PED0001347,831,PR0116,2,2026-07-29
PED0001348,451,PR0031,5,2026-07-15
PED0001349,54,PR0052,4,2026-08-01
PED0001350,827,PR0006,6,2026-09-10
PED0001351,754,PR0075,2,2026-06-30
PED0001352,516,PR0099,2,2026-09-03
PED0001353,417,PR0102,2,2026-09-04
PED0001354,922,PR0070,4,2026-08-19
PED0001355,35,PR0080,1,2026-06-17
PED0001356,476,PR0062,5,2026-06-10
PED0001357,102,PR0054,5,2026-06-13
PED0001358,856,PR0067,5,2026-08-13
PED0001359,767,PR0113,1,2026-07-12
PED0001360,100,PR0031,3,2026-09-12
PED0001361,294,PR0057,4,2026-06-01
PED0001362,48,PR0073,3,2026-07-10
PED0001363,213,PR0069,3,2026-06-28
PED0001364,522,PR0004,5,2026-09-01
PED0001365,996,PR0035,6,2026-06-13
PED0001366,165,PR0078,2,2026-07-13
PED0001367,892,PR0084,2,2026-08-31
PED0001368,664,PR0089,2,2026-09-10
PED0001369,121,PR0119,3,2026-09-05
PED0001370,616,PR0081,4,2026-08-08
PED0001371,388,PR0070,5,2026-06-18
PED0001372,461,PR0040,2,2026-06-11
PED0001373,687,PR0045,2,2026-07-14
PED0001374,43,PR0100,1,2026-07-21
PED0001375,694,PR0057,1,2026-07-24
PED0001376,65,PR0086,1,2026-06-06
PED0001377,617,PR0015,2,2026-08-10
PED0001378,2,PR0016,5,2026-07-12
PED0001379,177,PR0026,5,2026-06-12
PED0001380,216,PR0024,6,2026-09-05
PED0001381,265,PR0073,4,2026-07-08
PED0001382,711,PR0077,3,2026-06-25
PED0001383,244,PR0067,6,2026-07-22
PED0001384,190,PR0035,1,2026-09-08
PED0001385,684,PR0070,4,2026-08-26
PED0001386,382,PR0015,5,2026-06-11
PED0001387,697,PR0057,4,2026-08-12
PED0001388,376,PR0019,2,2026-08-09
PED0001389,25,PR0010,4,2026-09-02
PED0001390,7,PR0020,6,2026-09-10
PED0001391,419,PR0014,2,2026-08-18
PED0001392,307,PR0058,4,2026-08-08
PED0001393,502,PR0066,1,2026-07-08
PED0001394,632,PR0073,2,2026-09-03
PED0001395,700,PR0053,5,2026-09-08
PED0001396,970,PR0022,3,2026-09-13
PED0001397,42,PR0003,2,2026-09-09
PED0001398,440,PR0086,3,2026-08-07
PED0001399,664,PR0118,1,2026-09-09
PED0001400,937,PR0034,-1,2026-08-22
PED0001401,999999,PR0025,6,2026-06-26
PED0001402,200,PR0038,1,2026-06-04
PED0001403,561,PR0026,2,2026-09-11
PED0001404,876,PR0027,6,2026-07-15
PED0001405,941,PR_INEXISTENTE,6,2026-08-31
PED0001406,999999,PR0095,5,2026-07-01
PED0001407,5,PR0086,5,2026-07-08
PED0001408,817,PR0116,6,2026-08-26
PED0001409,627,PR0043,3,2026-07-26
PED0001410,500,PR0060,6,2026-08-11
PED0001411,882,PR0046,6,2026-07-04
PED0001412,376,PR0006,2,2026-08-04
PED0001413,229,PR0047,1,2026-07-22
PED0001414,632,PR0032,-1,2026-09-06
PED0001415,366,PR0058,5,2026-07-22
PED0001416,625,PR0019,6,2026-06-10
PED0001417,798,PR0089,1,2026-08-17
PED0001418,836,PR0102,3,2026-09-09
PED0001419,185,PR0116,5,2026-09-01
PED0001420,140,PR0011,1,2026-06-11
PED0001421,841,PR0015,5,2026-09-13
PED0001422,882,PR0116,2,2026-07-07
PED0001423,190,PR0102,1,2026-08-27
PED0001424,278,PR0071,2,2026-08-06
PED0001425,256,PR0039,5,2026-09-11
PED0001426,54,PR0063,6,2026-07-06
PED0001427,500,PR0065,1,2026-08-03
PED0001428,2,PR0102,3,2026-08-11
PED0001429,942,PR0064,2,2026-06-17
PED0001430,793,PR0004,5,2026-08-21
PED0001431,795,PR0084,5,2026-06-16
PED0001432,417,PR0094,6,2026-08-26
PED0001433,754,PR0036,3,2026-06-14
PED0001434,621,PR0014,2,2026-06-19
PED0001435,998,PR0018,2,2026-07-22
PED0001436,127,PR0101,5,2026-06-20
PED0001437,883,PR0054,3,2026-06-09
PED0001438,520,PR0064,-1,2026-06-06
PED0001439,441,PR0116,6,2026-07-01
PED0001440,813,PR0008,1,2026-07-22
PED0001441,462,PR0025,6,2026-06-05
PED0001442,817,PR0100,1,2026-06-15
PED0001443,244,PR0065,4,2026-08-04
PED0001444,393,PR0004,2,2026-07-04
PED0001445,730,PR0085,5,2026-08-19
PED0001446,106,PR0017,3,2026-08-28
PED0001447,530,PR0094,3,2026-06-04
PED0001448,750,PR0096,3,2026-09-08
PED0001449,294,PR0099,6,2026-08-11
PED0001450,215,PR0056,2,2026-08-26
PED0001451,326,PR0033,2,2026-07-21
PED0001452,213,PR0106,1,2026-06-01
PED0001453,362,PR0068,5,2026-09-01
PED0001454,31,PR0077,5,2026-07-30
PED0001455,153,PR0017,4,2026-06-04
PED0001456,479,PR0075,1,2026-06-18
PED0001457,703,PR0070,5,2026-06-22
PED0001458,41,PR0036,5,2026-07-10
PED0001459,37,PR0093,6,2026-07-17
PED0001460,324,PR0017,6,2026-07-15
PED0001461,847,PR0087,2,2026-08-31
PED0001462,526,PR0116,5,2026-09-08
PED0001463,172,PR0069,3,2026-08-11
PED0001464,476,PR0013,4,2026-08-06
PED0001465,58,PR0067,2,2026-08-30
PED0001466,231,PR0064,4,2026-06-29
PED0001467,616,PR0067,6,2026-07-29
PED0001468,831,PR0033,4,2026-08-07
PED0001469,858,PR0076,6,2026-06-30
PED0001470,331,PR0032,6,2026-09-08
PED0001471,225,PR0067,1,2026-06-25
PED0001472,770,PR0072,6,2026-06-07
PED0001473,999999,PR0078,5,2026-07-04
PED0001474,735,PR0096,3,2026-08-25
PED0001475,200,PR0106,4,2026-07-10
PED0001476,345,PR0094,4,2026-06-23
PED0001477,899,PR0096,5,2026-08-31
PED0001478,824,PR0105,5,2026-06-17
PED0001479,952,PR0030,1,2026-06-17
PED0001480,844,PR0036,1,2026-09-03
PED0001481,986,PR0064,2,2026-07-04
PED0001482,878,PR0056,4,2026-06-01
PED0001483,932,PR0085,6,2026-07-16
PED0001484,769,PR0002,4,2026-08-17
PED0001485,48,PR0017,1,2026-08-19
PED0001486,699,PR0090,5,2026-06-10
PED0001487,465,PR0099,3,2026-06-30
PED0001488,601,PR0037,3,2026-08-04
PED0001489,30,PR0038,5,2026-08-09
PED0001490,372,PR0068,2,2026-08-05
PED0001491,457,PR0058,4,2026-07-06
PED0001492,41,PR0021,2,2026-08-30
PED0001493,244,PR0061,3,2026-06-09
PED0001494,999999,PR0099,4,2026-08-26
PED0001495,698,PR0088,4,2026-09-07
PED0001496,902,PR0099,6,2026-08-11
PED0001497,811,PR0078,2,2026-07-16
PED0001498,795,PR0106,6,2026-07-10
PED0001499,609,PR0030,5,2026-07-16
PED0001500,922,PR0006,-1,2026-06-18
PED0001501,860,PR0014,1,2026-06-24
PED0001502,324,PR0120,2,2026-08-06
PED0001503,369,PR0077,4,2026-07-28
PED0001504,784,PR0030,5,2026-07-23
PED0001505,485,PR0103,4,2026-07-20
PED0001506,1000,PR0038,5,2026-06-09
PED0001507,191,PR0072,1,2026-08-31
PED0001508,514,PR0030,4,2026-09-09
PED0001509,920,PR0012,6,2026-06-26
PED0001510,58,PR0033,3,2026-07-04
PED0001511,106,PR0028,6,2026-08-06
PED0001512,794,PR0067,1,2026-06-01
PED0001513,532,PR0003,6,2026-06-11
PED0001514,899,PR0029,5,2026-09-03
PED0001515,200,PR0069,4,2026-06-19
PED0001516,626,PR0048,4,2026-07-31
PED0001517,703,PR0077,6,2026-09-01
PED0001518,740,PR0079,3,2026-08-16
PED0001519,256,PR0116,1,2026-06-29
PED0001520,2,PR0101,6,2026-06-17
PED0001521,586,PR0028,1,2026-08-15
PED0001522,979,PR0084,0,2026-07-13
PED0001523,108,PR0076,2,2026-09-10
PED0001524,369,PR0072,6,2026-08-07
PED0001525,398,PR0096,6,2026-06-02
PED0001526,52,PR0018,3,2026-06-27
PED0001527,183,PR0046,4,2026-08-18
PED0001528,746,PR0098,3,2026-08-13
PED0001529,909,PR0108,3,2026-08-17
PED0001530,846,PR0005,6,2026-06-25
PED0001531,520,PR0057,2,2026-06-27
PED0001532,326,PR0032,6,2026-06-22
PED0001533,476,PR0021,4,2026-08-13
PED0001534,434,PR0007,6,2026-06-02
PED0001535,37,PR0065,4,2026-08-25
PED0001536,99,PR0081,5,2026-06-30
PED0001537,941,PR0064,3,2026-07-22
PED0001538,585,PR0045,3,2026-06-26
PED0001539,180,PR0093,2,2026-07-15
PED0001540,882,PR0079,2,2026-08-20
PED0001541,414,PR0110,1,2026-06-21
PED0001542,686,PR0042,3,2026-07-30
PED0001543,7,PR0029,6,2026-06-07
PED0001544,350,PR0055,6,2026-06-19
PED0001545,8,PR0061,5,2026-08-11
PED0001546,326,PR0055,3,2026-07-30
PED0001547,324,PR0100,4,2026-08-04
PED0001548,999999,PR0006,5,2026-06-24
PED0001549,904,PR0064,1,2026-06-22
PED0001550,899,PR0052,6,2026-07-15
PED0001551,577,PR0026,6,2026-06-14
PED0001552,307,PR0077,6,2026-09-02
PED0001553,177,PR0097,1,2026-06-29
PED0001554,383,PR0066,6,2026-08-15
PED0001555,820,PR0011,4,2026-06-17
PED0001556,100,PR0010,4,2026-08-08
PED0001557,33,PR0051,2,2026-06-22
PED0001558,480,PR0081,3,2026-06-30
PED0001559,262,PR0038,3,2026-07-14
PED0001560,686,PR0038,6,2026-06-14
PED0001561,632,PR0104,3,2026-06-14
PED0001562,736,PR0002,2,2026-08-19
PED0001563,983,PR0010,6,2026-07-07
PED0001564,624,PR0019,2,2026-07-30
PED0001565,229,PR0119,6,2026-08-07
PED0001566,625,PR0060,6,2026-08-05
PED0001567,887,PR0019,-1,2026-08-05
PED0001568,109,PR0038,5,2026-09-11
PED0001569,778,PR0117,5,2026-08-06
PED0001570,770,PR0084,4,2026-07-07
PED0001571,294,PR0027,5,2026-06-30
PED0001572,750,PR0029,1,2026-08-24
PED0001573,485,PR0009,4,2026-07-15
PED0001574,770,PR0093,4,2026-07-29
PED0001575,405,PR0017,4,2026-08-25
PED0001576,836,PR0035,6,2026-06-25
PED0001577,784,PR0042,5,2026-06-24
PED0001578,494,PR0075,4,2026-06-06
PED0001579,154,PR0073,3,2026-06-08
PED0001580,794,PR0096,3,2026-08-04
PED0001581,372,PR0036,1,2026-07-23
PED0001582,41,PR0047,4,2026-07-02
PED0001583,585,PR0047,2,2026-06-23
PED0001584,920,PR_INEXISTENTE,6,2026-08-13
PED0001585,856,PR0089,5,2026-06-09
PED0001586,626,PR0065,6,2026-08-13
PED0001587,387,PR0058,6,2026-09-04
PED0001588,751,PR0120,3,2026-07-18
PED0001589,980,PR0022,3,2026-07-22
PED0001590,194,PR0117,4,2026-07-27
PED0001591,751,PR0082,3,2026-06-10
PED0001592,440,PR0027,0,2026-08-05
PED0001593,735,PR0082,5,2026-07-09
PED0001594,804,PR0091,3,2026-07-20
PED0001595,706,PR0044,6,2026-06-03
PED0001596,839,PR0042,2,2026-09-01
PED0001597,371,PR0101,3,2026-07-06
PED0001598,996,PR0020,4,2026-06-08
PED0001599,280,PR0002,6,2026-08-22
PED0001600,412,PR0080,4,2026-09-11
PED0001601,60,PR0109,1,2026-07-25
PED0001602,697,PR0061,3,2026-06-04
PED0001603,503,PR0017,6,2026-09-13
PED0001604,932,PR0065,2,2026-06-22
PED0001605,932,PR0031,3,2026-06-26
PED0001606,48,PR0100,1,2026-08-14
PED0001607,784,PR0074,5,2026-07-05
PED0001608,516,PR0041,1,2026-06-09
PED0001609,60,PR0075,3,2026-08-11
PED0001610,143,PR_INEXISTENTE,5,2026-06-28
PED0001611,263,PR0082,6,2026-08-30
PED0001612,825,PR0044,2,2026-06-17
PED0001613,508,PR0069,2,2026-09-04
PED0001614,830,PR0006,1,2026-08-15
PED0001615,949,PR0049,3,2026-06-26
PED0001616,620,PR0046,6,2026-07-31
PED0001617,419,PR0065,2,2026-09-07
PED0001618,830,PR0115,2,2026-06-07
PED0001619,462,PR0115,3,2026-08-26
PED0001620,467,PR0058,6,2026-07-19
PED0001621,36,PR0078,4,2026-09-08
PED0001622,17,PR0013,4,2026-06-22
PED0001623,731,PR0058,5,2026-08-15
PED0001624,173,PR0083,5,2026-09-10
PED0001625,884,PR0082,4,2026-07-07
PED0001626,467,PR0116,4,2026-06-12
PED0001627,962,PR0056,4,2026-07-12
PED0001628,827,PR0109,0,2026-08-02
PED0001629,684,PR0118,3,2026-08-06
PED0001630,16,PR0069,6,2026-07-21
PED0001631,686,PR0011,1,2026-09-06
PED0001632,845,PR0046,5,2026-07-31
PED0001633,572,PR0092,4,2026-08-07
PED0001634,884,PR0070,3,2026-09-09
PED0001635,793,PR0113,1,2026-09-07
PED0001636,980,PR0098,5,2026-07-06
PED0001637,844,PR0008,1,2026-07-01
PED0001638,960,PR0104,4,2026-08-18
PED0001639,691,PR0043,1,2026-07-26
PED0001640,691,PR0099,-1,2026-07-17
PED0001641,476,PR0061,2,2026-08-13
PED0001642,909,PR0055,5,2026-08-09
PED0001643,306,PR0009,4,2026-09-04
PED0001644,563,PR0015,1,2026-07-09
PED0001645,65,PR0072,5,2026-08-19
PED0001646,553,PR0069,6,2026-06-24
PED0001647,624,PR0067,2,2026-09-07
PED0001648,143,PR0019,6,2026-06-09
PED0001649,571,PR0062,5,2026-08-18
PED0001650,178,PR0008,5,2026-06-11
PED0001651,334,PR0018,3,2026-09-01
PED0001652,322,PR0060,1,2026-09-09
PED0001653,143,PR0075,3,2026-08-25
PED0001654,825,PR0079,5,2026-08-22
PED0001655,446,PR0118,4,2026-07-21
PED0001656,970,PR0103,4,2026-06-26
PED0001657,746,PR0046,5,2026-09-12
PED0001658,256,PR0094,3,2026-07-26
PED0001659,7,PR0012,1,2026-08-25
PED0001660,930,PR0103,6,2026-08-14
PED0001661,824,PR0047,4,2026-08-13
PED0001662,280,PR0092,4,2026-07-08
PED0001663,36,PR0117,4,2026-07-15
PED0001664,876,PR0085,6,2026-07-17
PED0001665,735,PR0111,5,2026-08-03
PED0001666,942,PR0002,5,2026-08-15
PED0001667,858,PR0021,5,2026-06-21
PED0001668,892,PR0076,2,2026-06-24
PED0001669,609,PR0065,5,2026-06-06
PED0001670,754,PR0015,6,2026-07-26
PED0001671,494,PR0087,2,2026-08-10
PED0001672,108,PR0008,4,2026-06-23
PED0001673,977,PR0119,5,2026-08-14
PED0001674,236,PR0019,4,2026-06-01
PED0001675,618,PR0054,6,2026-08-30
PED0001676,769,PR0099,3,2026-08-12
PED0001677,795,PR0062,2,2026-08-11
PED0001678,202,PR0090,1,2026-08-14
PED0001679,697,PR0085,6,2026-07-08
PED0001680,846,PR0114,5,2026-09-13
PED0001681,572,PR0056,4,2026-08-18
PED0001682,349,PR0118,3,2026-06-20
PED0001683,180,PR0063,-1,2026-09-05
PED0001684,64,PR0108,6,2026-08-17
PED0001685,621,PR0088,5,2026-07-03
PED0001686,976,PR0016,6,2026-09-08
PED0001687,262,PR0078,5,2026-06-27
PED0001688,686,PR0106,5,2026-08-07
PED0001689,173,PR0016,4,2026-08-10
PED0001690,280,PR0101,2,2026-09-10
PED0001691,663,PR0013,4,2026-07-30
PED0001692,824,PR0105,5,2026-09-13
PED0001693,229,PR0095,4,2026-06-30
PED0001694,309,PR0019,1,2026-08-24
PED0001695,708,PR0088,6,2026-06-26
PED0001696,254,PR0015,5,2026-09-13
PED0001697,922,PR0069,3,2026-08-20
PED0001698,860,PR0111,3,2026-08-05
PED0001699,632,PR0025,1,2026-06-07
PED0001700,1000,PR0021,6,2026-07-23
PED0001701,740,PR0051,2,2026-06-16
PED0001702,401,PR0045,3,2026-09-05
PED0001703,693,PR0006,3,2026-07-10
PED0001704,7,PR0055,2,2026-08-27
PED0001705,815,PR0032,4,2026-09-04
PED0001706,406,PR0015,6,2026-06-12
PED0001707,968,PR0034,6,2026-08-19
PED0001708,357,PR0003,4,2026-07-02
PED0001709,798,PR0110,1,2026-06-12
PED0001710,407,PR0120,6,2026-06-28
PED0001711,895,PR0045,2,2026-07-28
PED0001712,102,PR0106,6,2026-08-29
PED0001713,465,PR0056,3,2026-08-12
PED0001714,830,PR0110,4,2026-06-25
PED0001715,341,PR0021,3,2026-07-02
PED0001716,200,PR0035,3,2026-07-02
PED0001717,804,PR0089,1,2026-08-17
PED0001718,908,PR0027,4,2026-07-25
PED0001719,393,PR0099,3,2026-06-03
PED0001720,109,PR0052,6,2026-06-08
PED0001721,962,PR0049,3,2026-06-08
PED0001722,977,PR0055,6,2026-09-09
PED0001723,863,PR0096,2,2026-07-23
PED0001724,318,PR0001,2,2026-07-22
PED0001725,625,PR0091,1,2026-08-19
PED0001726,421,PR0094,5,2026-06-20
PED0001727,922,PR0099,1,2026-06-04
PED0001728,426,PR0120,2,2026-06-29
PED0001729,931,PR0094,6,2026-06-22
PED0001730,763,PR0064,4,2026-08-23
PED0001731,307,PR0056,4,2026-08-25
PED0001732,679,PR0047,5,2026-08-06
PED0001733,25,PR0100,5,2026-09-04
PED0001734,500,PR0048,6,2026-07-19
PED0001735,836,PR0069,4,2026-06-26
PED0001736,383,PR0012,3,2026-07-05
PED0001737,899,PR0039,1,2026-06-15
PED0001738,694,PR0032,3,2026-09-03
PED0001739,173,PR0053,5,2026-08-03
PED0001740,326,PR0061,2,2026-08-21
PED0001741,451,PR0086,5,2026-06-30
PED0001742,807,PR0052,1,2026-08-15
PED0001743,663,PR0019,1,2026-07-05
PED0001744,553,PR0066,3,2026-07-17
PED0001745,646,PR0007,2,2026-08-08
PED0001746,792,PR0102,6,2026-09-12
PED0001747,776,PR0093,3,2026-07-29
PED0001748,464,PR0028,3,2026-08-14
PED0001749,691,PR0032,3,2026-08-02
PED0001750,33,PR0004,2,2026-07-15
PED0001751,691,PR0044,6,2026-09-06
PED0001752,362,PR0005,5,2026-09-09
PED0001753,751,PR0113,1,2026-07-03
PED0001754,314,PR0017,2,2026-09-03
PED0001755,48,PR0080,1,2026-07-18
PED0001756,127,PR0069,2,2026-08-17
PED0001757,154,PR0029,4,2026-07-25
PED0001758,601,PR0097,6,2026-08-20
PED0001759,959,PR0014,3,2026-08-31
PED0001760,562,PR0107,1,2026-07-15
PED0001761,366,PR0089,1,2026-08-13
PED0001762,770,PR0077,3,2026-07-24
PED0001763,795,PR0106,2,2026-08-23
PED0001764,613,PR0049,4,2026-06-21
PED0001765,711,PR0034,1,2026-08-16
PED0001766,449,PR0019,2,2026-08-02
PED0001767,185,PR0111,4,2026-07-18
PED0001768,700,PR0049,2,2026-07-09
PED0001769,972,PR0100,3,2026-08-13
PED0001770,194,PR0040,2,2026-07-07
PED0001771,7,PR0115,1,2026-06-04
PED0001772,883,PR0105,3,2026-09-08
PED0001773,30,PR0037,2,2026-07-18
PED0001774,839,PR0059,6,2026-06-18
PED0001775,908,PR0096,6,2026-06-24
PED0001776,270,PR0028,3,2026-08-27
PED0001777,959,PR0003,2,2026-07-05
PED0001778,190,PR0035,3,2026-06-30
PED0001779,91,PR0071,4,2026-07-22
PED0001780,839,PR0017,3,2026-06-04
PED0001781,562,PR0041,5,2026-07-29
PED0001782,585,PR0111,6,2026-06-05
PED0001783,422,PR0010,0,2026-08-27
PED0001784,613,PR0007,1,2026-07-16
PED0001785,229,PR0051,1,2026-06-23
PED0001786,121,PR0002,6,2026-07-18
PED0001787,108,PR0004,3,2026-06-19
PED0001788,629,PR0022,2,2026-07-04
PED0001789,369,PR0013,4,2026-06-14
PED0001790,540,PR0098,6,2026-08-10
PED0001791,820,PR0015,3,2026-09-11
PED0001792,194,PR0063,2,2026-07-21
PED0001793,738,PR_INEXISTENTE,6,2026-06-11
PED0001794,959,PR0076,1,2026-06-08
PED0001795,418,PR0079,6,2026-08-27
PED0001796,480,PR0043,4,2026-07-07
PED0001797,443,PR0107,1,2026-07-02
PED0001798,548,PR0009,2,2026-06-11
PED0001799,689,PR0013,5,2026-08-09
PED0001800,8,PR0103,5,2026-06-07
PED0001801,506,PR0009,2,2026-09-03
PED0001802,54,PR0024,4,2026-06-22
PED0001803,465,PR0021,6,2026-06-08
PED0001804,451,PR0004,5,2026-08-13
PED0001805,770,PR0015,5,2026-07-08
PED0001806,16,PR0069,2,2026-08-13
PED0001807,511,PR0080,4,2026-06-05
PED0001808,919,PR0010,5,2026-08-30
PED0001809,629,PR0114,1,2026-07-03
PED0001810,999999,PR0012,2,2026-08-19
PED0001811,975,PR0083,6,2026-09-07
PED0001812,711,PR0097,6,2026-07-27
PED0001813,301,PR0063,2,2026-07-06
PED0001814,526,PR0059,5,2026-07-03
PED0001815,703,PR0014,4,2026-08-12
PED0001816,762,PR0029,4,2026-06-01
PED0001817,616,PR0103,4,2026-06-16
PED0001818,441,PR0042,6,2026-08-07
PED0001819,700,PR0005,3,2026-06-03
PED0001820,563,PR0088,4,2026-07-01
PED0001821,687,PR0083,5,2026-08-08
PED0001822,956,PR0008,4,2026-06-27
PED0001823,936,PR0007,6,2026-09-06
PED0001824,35,PR0014,2,2026-09-11
PED0001825,178,PR0007,6,2026-06-04
PED0001826,572,PR_INEXISTENTE,5,2026-06-19
PED0001827,931,PR0016,6,2026-09-04
PED0001828,393,PR0073,3,2026-06-04
PED0001829,930,PR0022,3,2026-07-22
PED0001830,392,PR0117,1,2026-09-08
PED0001831,229,PR0088,6,2026-08-01
PED0001832,200,PR0045,5,2026-07-03
PED0001833,638,PR0052,2,2026-06-01
PED0001834,44,PR0008,1,2026-07-12
PED0001835,36,PR0007,5,2026-07-27
PED0001836,781,PR0065,5,2026-06-09
PED0001837,805,PR0003,4,2026-07-26
PED0001838,694,PR0077,1,2026-07-13
PED0001839,664,PR0046,6,2026-07-05
PED0001840,610,PR0017,3,2026-09-11
PED0001841,254,PR0065,5,2026-09-02
PED0001842,267,PR0067,6,2026-08-12
PED0001843,202,PR0090,4,2026-08-02
PED0001844,453,PR0024,1,2026-07-20
PED0001845,244,PR0066,6,2026-06-08
PED0001846,65,PR0102,5,2026-07-03
PED0001847,37,PR0033,6,2026-06-02
PED0001848,60,PR0101,4,2026-07-09
PED0001849,415,PR0087,6,2026-07-20
PED0001850,345,PR0052,6,2026-08-04
PED0001851,687,PR0106,2,2026-07-08
PED0001852,253,PR0117,2,2026-06-27
PED0001853,936,PR0029,1,2026-08-14
PED0001854,227,PR0118,5,2026-06-16
PED0001855,227,PR0001,2,2026-06-14
PED0001856,760,PR0016,3,2026-08-13
PED0001857,846,PR0006,5,2026-08-01
PED0001858,901,PR0045,3,2026-08-31
PED0001859,638,PR0113,1,2026-08-17
PED0001860,557,PR0073,3,2026-09-03
PED0001861,667,PR0074,1,2026-08-09
PED0001862,195,PR0011,3,2026-08-28
PED0001863,925,PR0062,5,2026-06-18
PED0001864,66,PR0046,4,2026-07-26
PED0001865,465,PR0058,5,2026-09-08
PED0001866,45,PR0032,1,2026-08-22
PED0001867,476,PR_INEXISTENTE,5,2026-07-13
PED0001868,447,PR0115,3,2026-09-06
PED0001869,572,PR0068,2,2026-07-03
PED0001870,331,PR0050,4,2026-06-03
PED0001871,178,PR0009,1,2026-08-23
PED0001872,96,PR0092,3,2026-07-14
PED0001873,597,PR0057,3,2026-06-04
PED0001874,345,PR0047,1,2026-06-22
PED0001875,197,PR0081,6,2026-06-08
PED0001876,982,PR0016,3,2026-09-13
PED0001877,61,PR0064,1,2026-08-29
PED0001878,806,PR0104,3,2026-09-06
PED0001879,998,PR0056,6,2026-06-20
PED0001880,77,PR0001,5,2026-08-24
PED0001881,952,PR0028,4,2026-07-30
PED0001882,426,PR0007,6,2026-07-02
PED0001883,262,PR0061,1,2026-08-10
PED0001884,191,PR0044,4,2026-09-08
PED0001885,122,PR0016,2,2026-07-19
PED0001886,182,PR0083,5,2026-06-04
PED0001887,941,PR0022,6,2026-08-28
PED0001888,108,PR0042,1,2026-06-20
PED0001889,195,PR0119,1,2026-06-20
PED0001890,986,PR0008,6,2026-08-04
PED0001891,545,PR0030,3,2026-08-23
PED0001892,844,PR0039,2,2026-08-23
PED0001893,54,PR0062,1,2026-08-31
PED0001894,167,PR0030,3,2026-09-01
PED0001895,324,PR0117,1,2026-06-14
PED0001896,270,PR0001,2,2026-07-02
PED0001897,65,PR0114,2,2026-08-15
PED0001898,213,PR0065,1,2026-07-12
PED0001899,980,PR0005,6,2026-08-15
PED0001900,976,PR0014,5,2026-07-18
PED0001901,190,PR0013,6,2026-07-18
PED0001902,901,PR0035,2,2026-06-03
PED0001903,850,PR0040,2,2026-08-03
PED0001904,100,PR0077,2,2026-08-30
PED0001905,698,PR0038,4,2026-08-25
PED0001906,423,PR0088,2,2026-07-06
PED0001907,140,PR0036,2,2026-08-11
PED0001908,256,PR0032,6,2026-06-21
PED0001909,538,PR0034,3,2026-08-06
PED0001910,883,PR0040,5,2026-07-13
PED0001911,194,PR0101,2,2026-09-06
PED0001912,970,PR0030,6,2026-08-14
PED0001913,324,PR0033,-1,2026-06-08
PED0001914,930,PR0115,6,2026-08-31
PED0001915,108,PR0079,4,2026-08-16
PED0001916,986,PR0023,6,2026-06-23
PED0001917,684,PR0105,3,2026-06-30
PED0001918,855,PR0022,3,2026-06-19
PED0001919,809,PR0020,1,2026-07-03
PED0001920,40,PR0054,0,2026-09-08
PED0001921,762,PR0083,5,2026-09-03
PED0001922,225,PR0023,2,2026-07-28
PED0001923,863,PR0091,1,2026-07-09
PED0001924,571,PR0019,2,2026-07-09
PED0001925,508,PR0094,3,2026-09-09
PED0001926,182,PR0012,5,2026-06-21
PED0001927,18,PR0056,1,2026-08-19
PED0001928,317,PR0077,1,2026-09-13
PED0001929,629,PR0032,5,2026-08-29
PED0001930,126,PR0074,1,2026-08-15
PED0001931,632,PR0083,3,2026-09-03
PED0001932,194,PR0079,5,2026-06-23
PED0001933,415,PR0048,4,2026-09-12
PED0001934,64,PR0093,1,2026-06-10
PED0001935,708,PR0088,5,2026-06-02
PED0001936,641,PR0040,1,2026-06-21
PED0001937,999999,PR0089,2,2026-08-03
PED0001938,999999,PR0111,1,2026-06-27
PED0001939,952,PR0099,4,2026-08-06
PED0001940,349,PR0088,5,2026-06-12
PED0001941,488,PR0092,4,2026-08-13
PED0001942,593,PR0097,1,2026-06-25
PED0001943,664,PR0035,3,2026-07-25
PED0001944,476,PR0087,1,2026-06-13
PED0001945,751,PR0024,3,2026-09-10
PED0001946,878,PR0044,0,2026-07-10
PED0001947,679,PR0113,5,2026-08-03
PED0001948,143,PR0034,5,2026-07-22
PED0001949,185,PR0102,5,2026-08-02
PED0001950,996,PR0051,2,2026-07-18
PED0001951,691,PR0026,1,2026-06-08
PED0001952,627,PR0012,1,2026-08-27
PED0001953,406,PR0066,6,2026-08-07
PED0001954,855,PR0055,6,2026-06-27
PED0001955,725,PR0062,2,2026-06-09
PED0001956,980,PR0006,6,2026-09-02
PED0001957,657,PR0033,0,2026-07-05
PED0001958,845,PR0001,2,2026-09-04
PED0001959,99,PR0037,2,2026-08-20
PED0001960,253,PR0112,2,2026-09-09
PED0001961,2,PR0019,5,2026-08-09
PED0001962,353,PR0083,2,2026-06-20
PED0001963,882,PR0001,2,2026-06-04
PED0001964,183,PR0068,5,2026-06-26
PED0001965,180,PR0111,2,2026-07-17
PED0001966,317,PR0041,2,2026-08-05
PED0001967,830,PR0024,5,2026-09-03
PED0001968,610,PR0069,6,2026-06-15
PED0001969,925,PR0034,4,2026-08-06
PED0001970,405,PR0107,5,2026-06-09
PED0001971,972,PR0102,6,2026-07-21
PED0001972,694,PR0079,4,2026-06-08
PED0001973,488,PR0077,5,2026-07-10
PED0001974,317,PR0073,1,2026-08-03
PED0001975,844,PR0089,1,2026-08-17
PED0001976,736,PR0056,6,2026-08-24
PED0001977,244,PR0117,1,2026-07-26
PED0001978,648,PR0042,5,2026-06-28
PED0001979,106,PR0002,3,2026-09-04
PED0001980,977,PR0084,5,2026-09-07
PED0001981,986,PR0080,4,2026-09-10
PED0001982,632,PR0118,1,2026-08-23
PED0001983,959,PR0048,3,2026-08-21
PED0001984,214,PR0051,5,2026-06-09
PED0001985,197,PR0068,6,2026-07-31
PED0001986,393,PR0048,5,2026-07-13
PED0001987,679,PR_INEXISTENTE,6,2026-06-28
PED0001988,173,PR0052,6,2026-06-08
PED0001989,771,PR0095,6,2026-06-23
PED0001990,5,PR0052,4,2026-09-05
PED0001991,736,PR0028,3,2026-09-04
PED0001992,64,PR0119,4,2026-08-17
PED0001993,708,PR0064,5,2026-06-11
PED0001994,804,PR0085,3,2026-08-12
PED0001995,185,PR0071,5,2026-06-14
PED0001996,809,PR0044,5,2026-08-11
PED0001997,767,PR0117,2,2026-06-04
PED0001998,295,PR0045,6,2026-06-30
PED0001999,700,PR0120,6,2026-06-13
PED0002000,794,PR0052,4,2026-09-07
PED0002001,446,PR0003,2,2026-07-30
PED0002002,173,PR0005,2,2026-09-05
PED0002003,154,PR0117,6,2026-06-03
PED0002004,626,PR0064,1,2026-08-17
PED0002005,514,PR0047,3,2026-07-21
PED0002006,657,PR0098,4,2026-07-20
PED0002007,453,PR0075,2,2026-08-31
PED0002008,583,PR0080,6,2026-06-05
PED0002009,836,PR0083,4,2026-09-08
PED0002010,583,PR0024,1,2026-06-03
PED0002011,106,PR0011,2,2026-07-09
PED0002012,317,PR0088,3,2026-06-15
PED0002013,909,PR0003,2,2026-07-25
PED0002014,839,PR0087,6,2026-08-02
PED0002015,687,PR0016,3,2026-08-07
PED0002016,976,PR0032,4,2026-08-23
PED0002017,902,PR0085,4,2026-08-18
PED0002018,345,PR0075,2,2026-09-08
PED0002019,697,PR0094,4,2026-07-18
PED0002020,213,PR0074,3,2026-06-19
PED0002021,52,PR0006,1,2026-06-17
PED0002022,846,PR0101,3,2026-06-29
PED0002023,566,PR0026,4,2026-08-03
PED0002024,322,PR0017,1,2026-06-06
PED0002025,778,PR0106,5,2026-09-09
PED0002026,585,PR0024,4,2026-09-12
PED0002027,770,PR0065,2,2026-06-18
PED0002028,883,PR0059,4,2026-08-21
PED0002029,278,PR_INEXISTENTE,2,2026-08-02
PED0002030,287,PR0006,4,2026-07-21
PED0002031,244,PR0013,1,2026-08-17
PED0002032,557,PR0050,4,2026-07-31
PED0002033,398,PR0057,1,2026-07-04
PED0002034,295,PR0095,1,2026-07-30
PED0002035,942,PR0073,2,2026-06-15
PED0002036,421,PR0018,2,2026-06-27
PED0002037,667,PR0118,3,2026-09-11
PED0002038,572,PR0056,1,2026-06-20
PED0002039,41,PR0116,2,2026-08-02
PED0002040,922,PR0119,1,2026-07-02
PED0002041,267,PR0007,6,2026-07-19
PED0002042,484,PR0061,5,2026-06-26
PED0002043,180,PR0051,2,2026-07-30
PED0002044,906,PR0060,-1,2026-07-29
PED0002045,586,PR0038,6,2026-08-04
PED0002046,962,PR0068,5,2026-07-03
PED0002047,784,PR0060,6,2026-07-31
PED0002048,122,PR0023,2,2026-08-16
PED0002049,804,PR0035,3,2026-08-15
PED0002050,925,PR0018,1,2026-07-30
PED0002051,686,PR0102,3,2026-07-02
PED0002052,620,PR0082,1,2026-07-26
PED0002053,419,PR0047,1,2026-07-27
PED0002054,876,PR0048,4,2026-09-08
PED0002055,784,PR0010,6,2026-07-10
PED0002056,739,PR0035,4,2026-07-04
PED0002057,398,PR0111,5,2026-08-18
PED0002058,650,PR0004,-1,2026-08-06
PED0002059,572,PR0018,6,2026-07-15
PED0002060,407,PR0102,1,2026-06-01
PED0002061,393,PR0063,2,2026-08-14
PED0002062,537,PR0004,4,2026-08-17
PED0002063,616,PR0059,5,2026-09-06
PED0002064,962,PR0090,5,2026-07-23
PED0002065,42,PR0042,5,2026-07-25
PED0002066,128,PR0046,2,2026-06-22
PED0002067,387,PR0076,3,2026-07-19
PED0002068,586,PR0072,1,2026-06-01
PED0002069,793,PR0109,2,2026-07-23
PED0002070,806,PR0030,1,2026-08-14
PED0002071,999999,PR0034,6,2026-08-22
PED0002072,813,PR0019,1,2026-08-09
PED0002073,836,PR0080,3,2026-08-24
PED0002074,847,PR0065,6,2026-08-09
PED0002075,846,PR0042,6,2026-08-21
PED0002076,401,PR0084,3,2026-07-16
PED0002077,884,PR0046,3,2026-08-03
PED0002078,898,PR0024,4,2026-08-07
PED0002079,769,PR0065,5,2026-07-31
PED0002080,627,PR0053,0,2026-07-30
PED0002081,229,PR0049,4,2026-08-22
PED0002082,980,PR0054,3,2026-06-26
PED0002083,530,PR0110,3,2026-07-04
PED0002084,827,PR0026,4,2026-07-25
PED0002085,248,PR0034,6,2026-08-07
PED0002086,740,PR0068,1,2026-07-25
PED0002087,253,PR0006,5,2026-06-21
PED0002088,102,PR0018,3,2026-08-26
PED0002089,383,PR0068,1,2026-07-28
PED0002090,663,PR0062,1,2026-07-16
PED0002091,60,PR0079,3,2026-09-01
PED0002092,555,PR0014,2,2026-07-16
PED0002093,423,PR0103,1,2026-06-17
PED0002094,516,PR0059,2,2026-09-12
PED0002095,263,PR0019,6,2026-07-11
PED0002096,998,PR0038,5,2026-09-02
PED0002097,60,PR0028,2,2026-07-25
PED0002098,629,PR0055,5,2026-06-26
PED0002099,260,PR_INEXISTENTE,3,2026-07-10
PED0002100,668,PR0053,5,2026-09-04
PED0002101,830,PR0056,2,2026-09-08
PED0002102,989,PR0109,1,2026-06-15
PED0002103,260,PR0116,2,2026-09-12
PED0002104,392,PR0059,6,2026-08-29
PED0002105,804,PR0116,4,2026-08-08
PED0002106,93,PR0099,1,2026-06-20
PED0002107,172,PR0099,6,2026-08-01
PED0002108,236,PR0028,5,2026-07-15
PED0002109,925,PR0053,4,2026-06-14
PED0002110,827,PR0043,5,2026-09-12
PED0002111,349,PR0012,2,2026-08-03
PED0002112,2,PR0010,4,2026-06-11
PED0002113,746,PR0075,6,2026-07-06
PED0002114,794,PR0051,3,2026-08-28
PED0002115,616,PR0100,1,2026-07-17
PED0002116,66,PR0081,5,2026-07-22
PED0002117,813,PR0011,5,2026-06-15
PED0002118,583,PR0101,5,2026-06-12
PED0002119,658,PR0060,4,2026-09-11
PED0002120,37,PR0068,1,2026-09-09
PED0002121,183,PR0116,1,2026-06-11
PED0002122,694,PR0077,5,2026-07-28
PED0002123,52,PR0003,6,2026-08-11
PED0002124,194,PR0022,1,2026-09-01
PED0002125,754,PR0052,4,2026-07-29
PED0002126,229,PR0005,4,2026-08-31
PED0002127,54,PR0021,3,2026-06-13
PED0002128,731,PR0096,4,2026-06-02
PED0002129,609,PR0018,6,2026-07-19
PED0002130,734,PR0021,5,2026-06-28
PED0002131,830,PR0061,1,2026-08-19
PED0002132,979,PR0011,3,2026-07-06
PED0002133,281,PR0031,6,2026-07-13
PED0002134,613,PR0113,2,2026-07-27
PED0002135,407,PR0076,6,2026-09-09
PED0002136,216,PR0116,3,2026-06-08
PED0002137,641,PR0043,4,2026-07-29
PED0002138,307,PR0074,2,2026-07-11
PED0002139,850,PR0029,6,2026-06-04
PED0002140,419,PR0046,4,2026-08-25
PED0002141,687,PR0021,4,2026-09-04
PED0002142,2,PR0100,3,2026-06-19
PED0002143,793,PR0023,1,2026-08-19
PED0002144,698,PR0025,5,2026-08-13
PED0002145,855,PR0056,2,2026-08-14
PED0002146,227,PR0052,2,2026-07-19
PED0002147,948,PR0038,5,2026-07-04
PED0002148,398,PR0043,2,2026-06-08
PED0002149,938,PR0036,5,2026-06-04
PED0002150,71,PR0110,3,2026-06-19
PED0002151,771,PR0070,5,2026-07-26
PED0002152,902,PR0111,1,2026-06-15
PED0002153,422,PR0119,5,2026-08-12
PED0002154,793,PR0079,2,2026-08-05
PED0002155,616,PR0100,6,2026-07-07
PED0002156,648,PR0014,3,2026-06-10
PED0002157,536,PR0114,1,2026-07-25
PED0002158,609,PR0058,3,2026-08-26
PED0002159,503,PR0086,1,2026-07-12
PED0002160,301,PR0030,2,2026-08-24
PED0002161,443,PR0012,5,2026-07-01
PED0002162,106,PR0107,4,2026-06-09
PED0002163,684,PR0054,5,2026-08-08
PED0002164,465,PR0017,6,2026-09-02
PED0002165,909,PR0080,3,2026-09-01
PED0002166,863,PR0007,4,2026-09-09
PED0002167,817,PR0055,1,2026-06-12
PED0002168,309,PR0085,2,2026-06-05
PED0002169,657,PR0087,5,2026-07-30
PED0002170,477,PR0055,1,2026-09-08
PED0002171,751,PR0045,3,2026-09-13
PED0002172,181,PR0101,1,2026-06-30
PED0002173,588,PR0023,6,2026-07-10
PED0002174,570,PR0009,4,2026-08-09
PED0002175,641,PR0019,4,2026-09-04
PED0002176,382,PR_INEXISTENTE,5,2026-06-19
PED0002177,679,PR0057,0,2026-09-11
PED0002178,334,PR0005,1,2026-08-25
PED0002179,686,PR0021,3,2026-06-08
PED0002180,896,PR0004,2,2026-08-28
PED0002181,805,PR0098,2,2026-08-07
PED0002182,706,PR0056,2,2026-09-11
PED0002183,278,PR0009,5,2026-06-22
PED0002184,984,PR0027,2,2026-09-13
PED0002185,25,PR0074,1,2026-06-05
PED0002186,306,PR0072,6,2026-06-08
PED0002187,467,PR0099,1,2026-07-18
PED0002188,392,PR0004,2,2026-08-09
PED0002189,516,PR0009,3,2026-06-18
PED0002190,730,PR0005,1,2026-06-29
PED0002191,213,PR0048,6,2026-07-11
PED0002192,194,PR0088,3,2026-06-14
PED0002193,44,PR0080,5,2026-06-19
PED0002194,557,PR0026,1,2026-06-16
PED0002195,331,PR0079,4,2026-09-09
PED0002196,616,PR0079,1,2026-09-07
PED0002197,994,PR0023,2,2026-08-05
PED0002198,43,PR0090,3,2026-08-11
PED0002199,850,PR0051,6,2026-06-15
PED0002200,197,PR0008,2,2026-06-06
PED0002201,477,PR0047,5,2026-07-10
PED0002202,887,PR0093,1,2026-09-12
PED0002203,999999,PR0084,2,2026-07-21
PED0002204,200,PR0033,4,2026-08-24
PED0002205,908,PR0091,-1,2026-07-09
PED0002206,265,PR0047,4,2026-07-03
PED0002207,994,PR0056,5,2026-08-25
PED0002208,178,PR0011,1,2026-07-20
PED0002209,856,PR0120,5,2026-08-16
PED0002210,588,PR0101,6,2026-08-16
PED0002211,641,PR0024,5,2026-08-16
PED0002212,447,PR0068,2,2026-08-10
PED0002213,522,PR0094,3,2026-08-24
PED0002214,322,PR0061,6,2026-07-19
PED0002215,58,PR0026,5,2026-07-02
PED0002216,820,PR0117,6,2026-07-24
PED0002217,806,PR0033,6,2026-07-05
PED0002218,262,PR0041,3,2026-06-05
PED0002219,377,PR0045,1,2026-07-08
PED0002220,985,PR0107,2,2026-07-23
PED0002221,586,PR0061,2,2026-07-25
PED0002222,930,PR0087,6,2026-07-06
PED0002223,805,PR0109,2,2026-08-16
PED0002224,36,PR0112,3,2026-06-30
PED0002225,70,PR0103,6,2026-08-07
PED0002226,494,PR0109,1,2026-06-29
PED0002227,809,PR0114,4,2026-09-12
PED0002228,194,PR0119,4,2026-08-08
PED0002229,706,PR0078,6,2026-07-29
PED0002230,854,PR0016,3,2026-07-16
PED0002231,96,PR0014,4,2026-08-19
PED0002232,856,PR0096,6,2026-07-15
PED0002233,996,PR0038,6,2026-08-24
PED0002234,423,PR0097,5,2026-06-17
PED0002235,931,PR0113,5,2026-08-26
PED0002236,372,PR0078,6,2026-09-09
PED0002237,167,PR0092,6,2026-06-26
PED0002238,968,PR0034,5,2026-06-24
PED0002239,377,PR0053,2,2026-09-09
PED0002240,760,PR0116,4,2026-07-13
PED0002241,921,PR0099,2,2026-08-13
PED0002242,989,PR0025,4,2026-06-20
PED0002243,388,PR0113,3,2026-07-15
PED0002244,401,PR0060,6,2026-08-13
PED0002245,537,PR0102,4,2026-09-02
PED0002246,793,PR0063,6,2026-07-16
PED0002247,996,PR0073,5,2026-06-08
PED0002248,393,PR0020,6,2026-07-14
PED0002249,609,PR0041,2,2026-08-07
PED0002250,962,PR0087,5,2026-08-31
PED0002251,706,PR0102,2,2026-08-27
PED0002252,281,PR0011,4,2026-08-19
PED0002253,778,PR0010,3,2026-06-18
PED0002254,248,PR0084,2,2026-07-25
PED0002255,616,PR0054,6,2026-07-31
PED0002256,807,PR0102,6,2026-07-20
PED0002257,976,PR0009,4,2026-09-05
PED0002258,855,PR0042,1,2026-09-09
PED0002259,421,PR0005,2,2026-06-23
PED0002260,667,PR0086,2,2026-09-09
PED0002261,369,PR0103,6,2026-08-28
PED0002262,322,PR0019,3,2026-08-14
PED0002263,616,PR0039,1,2026-07-11
PED0002264,16,PR0102,4,2026-08-19
PED0002265,825,PR0005,6,2026-08-01
PED0002266,477,PR0115,4,2026-09-03
PED0002267,382,PR0107,3,2026-08-14
PED0002268,177,PR0019,2,2026-09-10
PED0002269,699,PR0017,6,2026-07-15
PED0002270,202,PR0084,1,2026-06-09
PED0002271,629,PR0002,6,2026-07-22
PED0002272,508,PR0061,2,2026-09-13
PED0002273,451,PR0008,1,2026-08-08
PED0002274,401,PR0064,3,2026-08-13
PED0002275,19,PR0043,1,2026-08-05
PED0002276,925,PR0085,1,2026-08-02
PED0002277,453,PR0106,2,2026-06-07
PED0002278,711,PR0059,5,2026-07-14
PED0002279,693,PR0078,5,2026-06-10
PED0002280,902,PR0073,2,2026-07-06
PED0002281,956,PR0119,4,2026-08-15
PED0002282,334,PR0028,3,2026-08-24
PED0002283,127,PR0029,3,2026-06-24
PED0002284,804,PR0046,3,2026-08-08
PED0002285,262,PR0089,6,2026-06-24
PED0002286,267,PR0104,4,2026-06-22
PED0002287,985,PR0034,4,2026-09-09
PED0002288,571,PR0014,6,2026-08-04
PED0002289,629,PR0074,4,2026-06-21
PED0002290,798,PR0072,1,2026-06-15
PED0002291,417,PR0045,2,2026-06-06
PED0002292,476,PR0023,3,2026-07-23
PED0002293,697,PR0102,1,2026-06-11
PED0002294,811,PR0102,5,2026-08-01
PED0002295,99,PR0090,3,2026-07-16
PED0002296,484,PR0070,1,2026-08-06
PED0002297,668,PR0032,3,2026-06-22
PED0002298,806,PR0049,5,2026-06-16
PED0002299,40,PR0009,6,2026-06-11
PED0002300,631,PR0030,6,2026-06-11
PED0002301,624,PR0055,6,2026-06-08
PED0002302,253,PR0053,4,2026-06-28
PED0002303,693,PR0010,6,2026-08-24
PED0002304,334,PR0115,6,2026-08-03
PED0002305,989,PR0033,4,2026-06-27
PED0002306,414,PR0062,3,2026-09-06
PED0002307,956,PR0056,6,2026-08-19
PED0002308,515,PR0057,3,2026-08-21
PED0002309,658,PR0102,1,2026-09-03
PED0002310,422,PR0090,1,2026-08-18
PED0002311,6,PR0105,4,2026-09-09
PED0002312,540,PR0046,1,2026-07-05
PED0002313,902,PR0032,1,2026-08-29
PED0002314,412,PR0052,2,2026-06-12
PED0002315,419,PR0068,4,2026-07-02
PED0002316,636,PR0041,3,2026-09-02
PED0002317,154,PR0056,4,2026-06-15
PED0002318,476,PR0019,4,2026-07-23
PED0002319,937,PR0071,6,2026-07-06
PED0002320,811,PR0086,2,2026-06-11
PED0002321,538,PR0064,3,2026-06-25
PED0002322,712,PR0105,4,2026-07-27
PED0002323,760,PR0120,2,2026-08-06
PED0002324,506,PR0109,2,2026-08-10
PED0002325,5,PR0012,1,2026-06-14
PED0002326,750,PR0106,2,2026-07-04
PED0002327,326,PR0041,2,2026-06-11
PED0002328,484,PR0055,2,2026-06-01
PED0002329,884,PR0050,2,2026-07-12
PED0002330,331,PR0035,5,2026-08-05
PED0002331,862,PR0106,5,2026-07-09
PED0002332,440,PR0077,4,2026-06-05
PED0002333,314,PR0117,1,2026-06-24
PED0002334,999999,PR0115,5,2026-07-16
PED0002335,629,PR0051,1,2026-07-08
PED0002336,809,PR0088,1,2026-08-26
PED0002337,730,PR0061,4,2026-08-02
PED0002338,126,PR0060,3,2026-09-13
PED0002339,553,PR0089,2,2026-06-19
PED0002340,626,PR0083,6,2026-07-09
PED0002341,417,PR0110,1,2026-06-10
PED0002342,467,PR0093,1,2026-06-03
PED0002343,295,PR0075,4,2026-09-06
PED0002344,222,PR0111,3,2026-07-22
PED0002345,96,PR0013,5,2026-08-09
PED0002346,33,PR0092,1,2026-06-30
PED0002347,161,PR0048,3,2026-06-06
PED0002348,824,PR0052,1,2026-09-02
PED0002349,522,PR0094,1,2026-08-09
PED0002350,585,PR0033,3,2026-08-14
PED0002351,627,PR0107,5,2026-07-27
PED0002352,190,PR0060,1,2026-07-13
PED0002353,899,PR0042,6,2026-07-15
PED0002354,30,PR0040,4,2026-08-20
PED0002355,545,PR0051,3,2026-06-24
PED0002356,804,PR0114,6,2026-07-06
PED0002357,624,PR0013,2,2026-07-03
PED0002358,652,PR0061,2,2026-07-25
PED0002359,937,PR0101,5,2026-09-10
PED0002360,836,PR0057,1,2026-09-05
PED0002361,700,PR0068,6,2026-07-28
PED0002362,807,PR0042,5,2026-06-22
PED0002363,227,PR0017,6,2026-09-07
PED0002364,376,PR0077,3,2026-07-03
PED0002365,999999,PR0111,4,2026-07-08
PED0002366,398,PR0063,6,2026-09-01
PED0002367,345,PR0052,1,2026-06-28
PED0002368,202,PR0016,2,2026-07-19
PED0002369,937,PR0114,3,2026-09-05
PED0002370,930,PR0105,4,2026-07-04
PED0002371,154,PR_INEXISTENTE,5,2026-08-05
PED0002372,813,PR0044,6,2026-06-04
PED0002373,419,PR0076,3,2026-09-13
PED0002374,989,PR0052,2,2026-07-14
PED0002375,779,PR0029,2,2026-08-10
PED0002376,464,PR0025,5,2026-07-23
PED0002377,74,PR0047,3,2026-07-16
PED0002378,412,PR0067,4,2026-07-13
PED0002379,896,PR0015,4,2026-06-02
PED0002380,754,PR0085,5,2026-06-30
PED0002381,520,PR0055,2,2026-07-10
PED0002382,878,PR0106,2,2026-07-09
PED0002383,786,PR0034,5,2026-06-29
PED0002384,309,PR0007,3,2026-08-07
PED0002385,999999,PR0038,5,2026-08-27
PED0002386,1000,PR0117,1,2026-09-02
PED0002387,725,PR0039,2,2026-09-11
PED0002388,506,PR0085,6,2026-08-08
PED0002389,746,PR0102,6,2026-07-14
PED0002390,107,PR0035,1,2026-08-07
PED0002391,999999,PR0078,5,2026-06-14
PED0002392,457,PR0025,1,2026-08-25
PED0002393,795,PR0044,1,2026-07-27
PED0002394,183,PR0036,6,2026-06-18
PED0002395,976,PR0081,1,2026-07-15
PED0002396,646,PR0106,2,2026-07-02
PED0002397,77,PR0031,1,2026-07-07
PED0002398,178,PR0035,4,2026-06-06
PED0002399,887,PR0099,1,2026-06-02
PED0002400,965,PR0056,2,2026-07-07
PED0002401,37,PR0062,2,2026-07-02
PED0002402,265,PR0085,4,2026-09-13
PED0002403,261,PR0017,3,2026-06-28
PED0002404,904,PR0105,2,2026-07-05
PED0002405,216,PR0044,3,2026-09-05
PED0002406,414,PR0080,3,2026-08-30
PED0002407,809,PR0052,3,2026-06-06
PED0002408,960,PR0091,4,2026-06-10
PED0002409,998,PR0074,2,2026-06-10
PED0002410,215,PR0021,3,2026-07-19
PED0002411,280,PR_INEXISTENTE,5,2026-07-31
PED0002412,175,PR0106,2,2026-07-07
PED0002413,127,PR0063,2,2026-06-02
PED0002414,161,PR0034,1,2026-06-22
PED0002415,959,PR0018,5,2026-08-04
PED0002416,172,PR0016,5,2026-07-10
PED0002417,813,PR0111,5,2026-06-13
PED0002418,461,PR0118,2,2026-08-08
PED0002419,760,PR0048,3,2026-08-04
PED0002420,106,PR0025,2,2026-07-22
PED0002421,801,PR0051,5,2026-09-07
PED0002422,999999,PR0017,3,2026-08-28
PED0002423,762,PR0066,3,2026-06-05
PED0002424,222,PR0076,3,2026-09-04
PED0002425,314,PR0119,5,2026-06-06
PED0002426,538,PR0039,5,2026-07-21
PED0002427,33,PR0024,5,2026-09-03
PED0002428,668,PR0017,3,2026-09-12
PED0002429,177,PR0046,5,2026-06-03
PED0002430,485,PR0073,6,2026-06-08
PED0002431,629,PR0008,4,2026-06-26
PED0002432,195,PR_INEXISTENTE,5,2026-06-30
PED0002433,435,PR0056,6,2026-06-30
PED0002434,414,PR0096,6,2026-07-14
PED0002435,96,PR0056,2,2026-07-04
PED0002436,751,PR0019,5,2026-08-01
PED0002437,646,PR0003,3,2026-08-29
PED0002438,985,PR0067,-1,2026-07-28
PED0002439,434,PR0065,3,2026-07-05
PED0002440,306,PR0098,6,2026-07-30
PED0002441,6,PR0106,6,2026-08-05
PED0002442,121,PR0020,5,2026-09-03
PED0002443,697,PR0038,6,2026-09-08
PED0002444,972,PR0025,4,2026-06-30
PED0002445,663,PR0013,5,2026-09-05
PED0002446,377,PR0001,1,2026-08-25
PED0002447,999999,PR0010,2,2026-06-14
PED0002448,801,PR0063,2,2026-07-29
PED0002449,6,PR0019,6,2026-06-16
PED0002450,999999,PR0024,4,2026-07-22
PED0002451,786,PR0015,6,2026-06-05
PED0002452,638,PR0087,3,2026-07-02
PED0002453,500,PR0077,3,2026-08-01
PED0002454,422,PR0116,5,2026-07-02
PED0002455,771,PR0014,4,2026-06-02
PED0002456,423,PR0026,3,2026-07-11
PED0002457,362,PR0055,2,2026-07-27
PED0002458,990,PR0078,4,2026-08-20
PED0002459,730,PR0016,1,2026-06-15
PED0002460,434,PR0026,2,2026-07-21
PED0002461,91,PR0051,1,2026-06-21
PED0002462,263,PR0003,1,2026-06-17
PED0002463,730,PR0048,2,2026-06-13
PED0002464,883,PR0092,1,2026-08-19
PED0002465,398,PR0064,1,2026-09-05
PED0002466,919,PR0053,5,2026-08-09
PED0002467,229,PR0059,2,2026-07-10
PED0002468,490,PR_INEXISTENTE,4,2026-09-08
PED0002469,700,PR0063,1,2026-07-23
PED0002470,730,PR0065,6,2026-07-26
PED0002471,16,PR_INEXISTENTE,2,2026-08-06
PED0002472,467,PR0019,5,2026-08-08
PED0002473,172,PR0012,4,2026-07-22
PED0002474,959,PR0054,5,2026-07-21
PED0002475,760,PR0039,4,2026-07-04
PED0002476,601,PR0025,4,2026-08-11
PED0002477,515,PR0015,5,2026-08-10
PED0002478,463,PR0106,5,2026-07-16
PED0002479,989,PR0074,3,2026-08-14
PED0002480,706,PR0083,6,2026-06-15
PED0002481,845,PR_INEXISTENTE,6,2026-07-14
PED0002482,418,PR_INEXISTENTE,5,2026-09-12
PED0002483,526,PR0075,6,2026-08-17
PED0002484,750,PR0064,1,2026-08-15
PED0002485,563,PR0084,4,2026-08-30
PED0002486,563,PR0081,4,2026-08-03
PED0002487,921,PR0050,-1,2026-08-09
PED0002488,546,PR0094,1,2026-07-21
PED0002489,691,PR0032,5,2026-08-26
PED0002490,229,PR0010,1,2026-08-14
PED0002491,93,PR0110,3,2026-07-25
PED0002492,322,PR0003,5,2026-06-14
PED0002493,227,PR0035,2,2026-08-24
PED0002494,294,PR0014,6,2026-07-05
PED0002495,999999,PR0028,6,2026-07-08
PED0002496,658,PR0048,1,2026-06-14
PED0002497,985,PR0016,2,2026-06-23
PED0002498,388,PR0057,1,2026-06-14
PED0002499,968,PR0112,5,2026-06-11
PED0002500,779,PR0017,6,2026-06-03
PED0002501,557,PR0112,4,2026-07-01
PED0002502,419,PR0050,1,2026-08-19
PED0002503,485,PR0072,2,2026-08-30
PED0002504,858,PR0053,1,2026-06-24
PED0002505,657,PR0038,3,2026-07-15
PED0002506,353,PR0014,5,2026-08-27
PED0002507,511,PR0072,1,2026-08-14
PED0002508,387,PR0110,6,2026-09-03
PED0002509,694,PR0063,2,2026-07-15
PED0002510,216,PR0072,4,2026-06-18
PED0002511,33,PR0078,5,2026-06-16
PED0002512,883,PR0047,4,2026-08-14
PED0002513,932,PR0015,3,2026-06-03
PED0002514,44,PR0061,3,2026-07-19
PED0002515,586,PR0105,3,2026-07-08
PED0002516,233,PR0038,2,2026-09-05
PED0002517,426,PR0105,2,2026-09-13
PED0002518,629,PR0103,5,2026-07-21
PED0002519,646,PR0030,6,2026-07-31
PED0002520,883,PR0070,6,2026-07-10
PED0002521,175,PR0090,2,2026-08-21
PED0002522,415,PR0060,2,2026-07-01
PED0002523,401,PR0084,1,2026-08-18
PED0002524,620,PR0110,2,2026-09-03
PED0002525,734,PR0076,4,2026-06-19
PED0002526,143,PR0101,2,2026-06-24
PED0002527,447,PR0097,5,2026-07-10
PED0002528,972,PR0098,1,2026-08-26
PED0002529,405,PR0103,3,2026-08-07
PED0002530,93,PR0028,2,2026-06-21
PED0002531,405,PR0003,3,2026-07-09
PED0002532,985,PR0019,1,2026-08-07
PED0002533,261,PR0030,3,2026-09-10
PED0002534,451,PR0083,5,2026-07-18
PED0002535,650,PR0062,6,2026-06-08
PED0002536,736,PR0057,2,2026-06-11
PED0002537,280,PR0002,3,2026-06-04
PED0002538,700,PR0083,5,2026-06-14
PED0002539,65,PR0044,3,2026-07-14
PED0002540,127,PR0092,4,2026-06-30
PED0002541,545,PR0014,3,2026-07-02
PED0002542,994,PR0036,6,2026-08-20
PED0002543,921,PR0007,4,2026-07-21
PED0002544,398,PR0035,6,2026-08-16
PED0002545,183,PR0111,5,2026-07-27
PED0002546,43,PR0059,3,2026-06-22
PED0002547,700,PR0053,2,2026-09-08
PED0002548,309,PR0033,1,2026-07-21
PED0002549,730,PR0032,4,2026-08-27
PED0002550,42,PR0081,5,2026-06-11
PED0002551,191,PR0119,3,2026-08-29
PED0002552,294,PR0090,1,2026-08-15
PED0002553,942,PR0089,5,2026-06-27
PED0002554,725,PR0057,2,2026-08-23
PED0002555,938,PR0012,4,2026-08-17
PED0002556,845,PR0087,1,2026-09-02
PED0002557,45,PR0098,1,2026-06-23
PED0002558,667,PR0062,6,2026-09-02
PED0002559,99,PR0011,5,2026-08-20
PED0002560,856,PR0086,1,2026-07-06
PED0002561,679,PR0111,1,2026-07-07
PED0002562,366,PR0027,3,2026-06-27
PED0002563,109,PR0020,5,2026-07-21
PED0002564,91,PR0089,3,2026-09-03
PED0002565,66,PR0040,6,2026-08-27
PED0002566,778,PR0086,4,2026-06-16
PED0002567,699,PR0085,4,2026-06-14
PED0002568,194,PR0032,2,2026-06-07
PED0002569,520,PR0006,5,2026-08-04
PED0002570,213,PR0067,6,2026-07-03
PED0002571,583,PR0049,1,2026-08-19
PED0002572,362,PR0103,5,2026-08-19
PED0002573,836,PR0043,6,2026-06-21
PED0002574,624,PR0030,3,2026-08-12
PED0002575,181,PR0104,5,2026-08-20
PED0002576,509,PR0089,3,2026-09-12
PED0002577,776,PR0075,2,2026-08-15
PED0002578,435,PR0115,5,2026-07-08
PED0002579,461,PR0094,2,2026-09-13
PED0002580,570,PR0104,5,2026-06-29
PED0002581,708,PR0096,2,2026-08-24
PED0002582,629,PR0049,3,2026-07-10
PED0002583,762,PR0008,5,2026-09-07
PED0002584,412,PR0073,3,2026-08-22
PED0002585,317,PR0092,5,2026-08-02
PED0002586,698,PR0120,1,2026-06-23
PED0002587,197,PR0082,1,2026-06-20
PED0002588,334,PR0069,1,2026-09-08
PED0002589,686,PR0070,2,2026-08-24
PED0002590,30,PR0014,1,2026-07-24
PED0002591,850,PR0001,3,2026-09-01
PED0002592,545,PR0006,1,2026-08-22
PED0002593,629,PR0109,5,2026-07-11
PED0002594,845,PR0095,1,2026-08-26
PED0002595,792,PR0032,6,2026-08-23
PED0002596,960,PR0051,6,2026-07-21
PED0002597,2,PR0059,5,2026-06-03
PED0002598,739,PR0030,5,2026-08-17
PED0002599,786,PR0051,5,2026-07-06
PED0002600,999999,PR0042,6,2026-07-09
PED0002601,825,PR0084,4,2026-08-14
PED0002602,999999,PR0091,4,2026-08-25
PED0002603,107,PR0012,3,2026-06-10
PED0002604,627,PR0056,4,2026-08-26
PED0002605,922,PR0119,3,2026-07-01
PED0002606,636,PR0105,1,2026-07-30
PED0002607,956,PR0096,6,2026-08-31
PED0002608,509,PR0089,5,2026-06-23
PED0002609,7,PR0001,5,2026-06-24
PED0002610,884,PR0117,2,2026-09-10
PED0002611,613,PR0089,5,2026-07-10
PED0002612,855,PR0107,4,2026-09-08
PED0002613,248,PR0110,1,2026-07-08
PED0002614,331,PR0031,6,2026-08-05
PED0002615,212,PR0002,6,2026-07-24
PED0002616,516,PR0080,6,2026-09-12
PED0002617,31,PR0056,3,2026-07-28
PED0002618,463,PR0003,2,2026-07-23
PED0002619,33,PR0033,1,2026-07-19
PED0002620,260,PR0119,5,2026-07-10
PED0002621,274,PR0044,6,2026-07-17
PED0002622,668,PR0032,1,2026-07-19
PED0002623,641,PR0079,5,2026-08-20
PED0002624,317,PR0080,1,2026-06-05
PED0002625,7,PR0040,5,2026-07-23
PED0002626,446,PR0102,1,2026-07-28
PED0002627,180,PR0070,6,2026-08-19
PED0002628,165,PR0020,2,2026-08-09
PED0002629,461,PR0039,3,2026-07-16
PED0002630,635,PR0102,5,2026-06-12
PED0002631,563,PR0011,6,2026-07-10
PED0002632,884,PR0002,3,2026-06-27
PED0002633,557,PR0079,6,2026-06-22
PED0002634,540,PR0054,1,2026-08-15
PED0002635,366,PR0031,3,2026-07-21
PED0002636,548,PR0057,6,2026-08-23
PED0002637,172,PR0023,2,2026-06-15
PED0002638,42,PR0045,4,2026-09-12
PED0002639,624,PR0029,3,2026-07-20
PED0002640,426,PR0071,3,2026-06-27
PED0002641,383,PR0081,5,2026-07-09
PED0002642,40,PR0110,4,2026-08-28
PED0002643,419,PR0009,5,2026-08-14
PED0002644,154,PR0040,4,2026-06-19
PED0002645,418,PR0032,6,2026-09-12
PED0002646,784,PR0070,3,2026-06-14
PED0002647,248,PR0064,5,2026-06-29
PED0002648,986,PR0106,4,2026-08-16
PED0002649,502,PR0111,5,2026-07-26
PED0002650,689,PR0093,6,2026-07-17
PED0002651,809,PR0024,2,2026-09-06
PED0002652,5,PR0005,-1,2026-08-23
PED0002653,841,PR0108,2,2026-09-10
PED0002654,214,PR0114,3,2026-06-30
PED0002655,480,PR0031,3,2026-08-29
PED0002656,948,PR0006,1,2026-06-23
PED0002657,996,PR0082,6,2026-08-24
PED0002658,989,PR0071,6,2026-07-28
PED0002659,248,PR0107,4,2026-08-02
PED0002660,711,PR0070,2,2026-06-13
PED0002661,42,PR0092,5,2026-09-01
PED0002662,625,PR0095,2,2026-06-30
PED0002663,546,PR0002,2,2026-08-02
PED0002664,500,PR0018,6,2026-06-18
PED0002665,811,PR0094,6,2026-09-06
PED0002666,700,PR0022,4,2026-07-04
PED0002667,227,PR0025,2,2026-08-20
PED0002668,180,PR0091,1,2026-08-20
PED0002669,725,PR0025,-1,2026-07-28
PED0002670,740,PR0018,2,2026-06-13
PED0002671,522,PR0002,5,2026-06-30
PED0002672,300,PR0057,3,2026-08-04
PED0002673,401,PR0077,3,2026-07-27
PED0002674,479,PR0088,6,2026-08-01
PED0002675,2,PR0109,4,2026-06-27
PED0002676,278,PR0079,3,2026-07-27
PED0002677,641,PR0091,3,2026-06-09
PED0002678,195,PR0026,2,2026-07-21
PED0002679,33,PR0041,4,2026-06-10
PED0002680,500,PR0037,4,2026-08-09
PED0002681,632,PR0008,1,2026-07-30
PED0002682,805,PR0117,3,2026-08-29
PED0002683,820,PR0029,4,2026-07-19
PED0002684,686,PR0054,1,2026-06-18
PED0002685,895,PR0043,6,2026-06-25
PED0002686,153,PR0006,6,2026-08-25
PED0002687,256,PR0109,4,2026-09-09
PED0002688,514,PR0027,1,2026-06-07
PED0002689,570,PR0013,4,2026-08-11
PED0002690,434,PR0042,6,2026-07-21
PED0002691,485,PR0018,1,2026-06-28
PED0002692,583,PR0120,5,2026-07-24
PED0002693,173,PR0023,6,2026-09-07
PED0002694,887,PR0037,1,2026-06-21
PED0002695,571,PR0033,2,2026-08-27
PED0002696,998,PR0004,5,2026-06-10
PED0002697,641,PR0002,6,2026-08-15
PED0002698,405,PR0062,5,2026-06-08
PED0002699,760,PR0028,4,2026-06-07
PED0002700,300,PR0011,4,2026-06-04
PED0002701,350,PR0035,4,2026-08-24
PED0002702,185,PR0033,4,2026-07-31
PED0002703,984,PR0051,5,2026-08-12
PED0002704,730,PR0120,1,2026-06-17
PED0002705,161,PR0037,2,2026-09-05
PED0002706,906,PR0085,1,2026-08-24
PED0002707,263,PR0093,5,2026-07-22
PED0002708,418,PR0007,5,2026-09-03
PED0002709,693,PR0061,1,2026-06-16
PED0002710,96,PR0054,1,2026-07-01
PED0002711,66,PR0061,2,2026-06-06
PED0002712,750,PR0021,2,2026-06-18
PED0002713,956,PR0056,4,2026-08-28
PED0002714,165,PR0015,3,2026-07-14
PED0002715,937,PR0114,3,2026-08-07
PED0002716,180,PR0071,1,2026-09-01
PED0002717,479,PR0005,4,2026-08-20
PED0002718,781,PR0061,5,2026-07-12
PED0002719,216,PR0112,4,2026-07-07
PED0002720,779,PR0090,5,2026-06-12
PED0002721,908,PR0033,6,2026-08-27
PED0002722,648,PR0108,6,2026-09-12
PED0002723,792,PR0023,4,2026-07-23
PED0002724,956,PR0030,1,2026-07-23
PED0002725,882,PR0019,3,2026-08-29
PED0002726,229,PR0111,3,2026-07-06
PED0002727,778,PR0087,5,2026-07-13
PED0002728,108,PR0063,6,2026-09-02
PED0002729,271,PR0081,4,2026-07-10
PED0002730,817,PR0032,3,2026-09-06
PED0002731,754,PR0009,5,2026-06-17
PED0002732,322,PR0102,5,2026-07-23
PED0002733,7,PR0116,5,2026-07-22
PED0002734,956,PR0005,4,2026-07-03
PED0002735,314,PR0007,4,2026-09-10
PED0002736,173,PR0068,3,2026-07-21
PED0002737,583,PR0006,3,2026-09-01
PED0002738,847,PR0087,2,2026-06-24
PED0002739,778,PR0114,2,2026-07-07
PED0002740,300,PR0034,4,2026-07-21
PED0002741,254,PR0036,3,2026-07-30
PED0002742,553,PR0104,1,2026-06-25
PED0002743,396,PR0043,1,2026-07-03
PED0002744,908,PR0029,6,2026-08-05
PED0002745,562,PR0011,3,2026-06-30
PED0002746,824,PR0101,4,2026-08-19
PED0002747,694,PR0112,6,2026-07-21
PED0002748,809,PR0010,1,2026-09-10
PED0002749,231,PR0097,6,2026-06-25
PED0002750,415,PR0020,5,2026-08-28
PED0002751,91,PR0017,4,2026-07-22
PED0002752,762,PR0046,3,2026-06-10
PED0002753,668,PR0053,5,2026-08-14
PED0002754,419,PR0103,2,2026-06-23
PED0002755,261,PR0084,2,2026-06-15
PED0002756,334,PR0018,6,2026-07-26
PED0002757,502,PR0071,2,2026-08-22
PED0002758,35,PR0106,5,2026-06-28
PED0002759,190,PR0080,6,2026-08-05
PED0002760,990,PR0028,4,2026-06-02
PED0002761,17,PR_INEXISTENTE,2,2026-06-20
PED0002762,901,PR0055,-1,2026-08-19
PED0002763,942,PR0057,5,2026-06-02
PED0002764,858,PR0043,4,2026-07-08
PED0002765,443,PR0014,1,2026-07-24
PED0002766,555,PR0015,3,2026-06-07
PED0002767,182,PR0064,3,2026-09-11
PED0002768,357,PR0114,2,2026-07-24
PED0002769,5,PR0072,3,2026-07-06
PED0002770,6,PR0053,1,2026-09-11
PED0002771,887,PR0112,5,2026-07-29
PED0002772,948,PR0083,3,2026-08-11
PED0002773,514,PR0087,5,2026-06-10
PED0002774,457,PR0070,3,2026-06-17
PED0002775,122,PR_INEXISTENTE,5,2026-06-05
PED0002776,212,PR0061,5,2026-07-25
PED0002777,937,PR0075,1,2026-08-27
PED0002778,998,PR0074,3,2026-09-03
PED0002779,516,PR0091,5,2026-07-31
PED0002780,31,PR0108,4,2026-06-06
PED0002781,896,PR0036,-1,2026-08-05
PED0002782,938,PR0084,5,2026-08-06
PED0002783,262,PR0004,2,2026-08-02
PED0002784,985,PR0064,6,2026-08-15
PED0002785,526,PR0108,5,2026-07-29
PED0002786,844,PR0078,2,2026-08-13
PED0002787,35,PR0033,2,2026-07-22
PED0002788,222,PR0073,6,2026-06-16
PED0002789,697,PR0043,4,2026-06-09
PED0002790,479,PR0052,5,2026-09-04
PED0002791,708,PR0028,5,2026-07-17
PED0002792,725,PR0075,1,2026-07-04
PED0002793,500,PR0024,5,2026-07-01
PED0002794,6,PR0054,3,2026-06-06
PED0002795,96,PR0113,6,2026-09-08
PED0002796,369,PR0091,2,2026-06-09
PED0002797,366,PR0050,1,2026-06-23
PED0002798,960,PR0117,4,2026-07-19
PED0002799,807,PR0002,4,2026-07-08
PED0002800,287,PR_INEXISTENTE,4,2026-06-05
PED0002801,626,PR0043,2,2026-07-05
PED0002802,555,PR0099,3,2026-08-21
PED0002803,631,PR0114,6,2026-06-27
PED0002804,847,PR_INEXISTENTE,5,2026-08-30
PED0002805,730,PR0074,6,2026-07-08
PED0002806,465,PR0090,2,2026-06-02
PED0002807,64,PR0029,6,2026-06-12
PED0002808,488,PR0022,3,2026-08-25
PED0002809,317,PR0042,6,2026-07-13
PED0002810,936,PR0058,6,2026-09-12
PED0002811,502,PR0090,1,2026-08-22
PED0002812,597,PR0031,6,2026-06-04
PED0002813,265,PR0068,4,2026-07-03
PED0002814,754,PR0001,5,2026-08-16
PED0002815,960,PR0004,4,2026-06-07
PED0002816,949,PR0117,2,2026-09-13
PED0002817,858,PR0103,6,2026-06-18
PED0002818,324,PR0104,1,2026-08-23
PED0002819,989,PR0040,5,2026-08-28
PED0002820,570,PR0062,2,2026-07-24
PED0002821,952,PR0081,5,2026-08-24
PED0002822,93,PR0031,3,2026-09-01
PED0002823,180,PR0090,2,2026-08-17
PED0002824,668,PR0084,2,2026-08-14
PED0002825,502,PR0049,2,2026-07-11
PED0002826,309,PR0053,6,2026-07-01
PED0002827,526,PR0037,5,2026-08-31
PED0002828,465,PR0097,5,2026-06-24
PED0002829,668,PR0119,4,2026-07-14
PED0002830,485,PR0120,3,2026-07-24
PED0002831,177,PR0093,6,2026-07-12
PED0002832,508,PR0042,2,2026-07-10
PED0002833,40,PR0094,6,2026-08-02
PED0002834,557,PR0030,3,2026-07-05
PED0002835,860,PR0108,3,2026-09-12
PED0002836,583,PR0033,3,2026-06-19
PED0002837,725,PR0049,5,2026-07-11
PED0002838,689,PR0012,5,2026-08-28
PED0002839,382,PR0010,5,2026-07-20
PED0002840,979,PR0048,1,2026-08-14
PED0002841,825,PR0067,1,2026-08-07
PED0002842,451,PR0003,6,2026-07-05
PED0002843,366,PR0102,6,2026-08-18
PED0002844,464,PR0014,1,2026-06-25
PED0002845,849,PR0120,6,2026-08-18
PED0002846,236,PR0033,2,2026-06-14
PED0002847,901,PR_INEXISTENTE,6,2026-08-12
PED0002848,781,PR0020,6,2026-06-12
PED0002849,407,PR0099,4,2026-08-31
PED0002850,415,PR0088,2,2026-08-05
PED0002851,154,PR0010,5,2026-06-05
PED0002852,792,PR0013,1,2026-06-12
PED0002853,830,PR0074,3,2026-06-20
PED0002854,422,PR0104,4,2026-09-09
PED0002855,128,PR_INEXISTENTE,1,2026-08-01
PED0002856,979,PR0027,3,2026-06-30
PED0002857,267,PR0066,5,2026-06-30
PED0002858,965,PR0014,1,2026-06-03
PED0002859,618,PR0037,3,2026-06-22
PED0002860,265,PR0002,1,2026-08-29
PED0002861,687,PR0060,4,2026-08-02
PED0002862,41,PR0086,1,2026-07-09
PED0002863,253,PR0050,2,2026-06-03
PED0002864,253,PR0031,4,2026-07-07
PED0002865,440,PR0051,2,2026-07-11
PED0002866,58,PR0062,2,2026-06-13
PED0002867,477,PR0020,6,2026-08-03
PED0002868,856,PR0014,5,2026-08-09
PED0002869,214,PR0022,1,2026-09-13
PED0002870,485,PR0119,6,2026-07-08
PED0002871,60,PR0087,3,2026-06-29
PED0002872,827,PR0016,1,2026-08-26
PED0002873,898,PR0037,6,2026-07-07
PED0002874,177,PR0050,3,2026-08-06
PED0002875,74,PR0022,2,2026-08-17
PED0002876,664,PR0103,1,2026-09-01
PED0002877,261,PR0113,0,2026-07-04
PED0002878,960,PR0030,2,2026-08-05
PED0002879,153,PR0002,4,2026-06-14
PED0002880,202,PR0033,2,2026-08-21
PED0002881,794,PR0070,6,2026-06-05
PED0002882,794,PR0098,5,2026-08-13
PED0002883,463,PR0041,4,2026-06-22
PED0002884,30,PR0033,3,2026-07-19
PED0002885,862,PR0030,4,2026-06-09
PED0002886,506,PR0001,3,2026-08-12
PED0002887,776,PR0002,6,2026-07-21
PED0002888,294,PR0052,5,2026-08-09
PED0002889,464,PR0075,1,2026-07-07
PED0002890,632,PR0002,5,2026-06-01
PED0002891,882,PR0025,2,2026-08-01
PED0002892,180,PR0110,2,2026-08-13
PED0002893,387,PR0119,3,2026-08-09
PED0002894,784,PR0078,2,2026-06-28
PED0002895,415,PR0063,0,2026-08-15
PED0002896,412,PR0070,6,2026-07-27
PED0002897,663,PR0045,1,2026-06-23
PED0002898,93,PR0025,2,2026-06-12
PED0002899,484,PR0046,3,2026-07-05
PED0002900,200,PR0084,5,2026-06-03
PED0002901,624,PR_INEXISTENTE,4,2026-08-15
PED0002902,441,PR0082,5,2026-06-02
PED0002903,48,PR0074,1,2026-06-06
PED0002904,921,PR0008,4,2026-06-17
PED0002905,609,PR0076,2,2026-07-05
PED0002906,88,PR0106,2,2026-06-03
PED0002907,860,PR0078,5,2026-08-06
PED0002908,536,PR0070,1,2026-06-14
PED0002909,37,PR0027,1,2026-08-24
PED0002910,831,PR0096,3,2026-07-29
PED0002911,372,PR0055,5,2026-06-09
PED0002912,767,PR0032,4,2026-07-13
PED0002913,213,PR0059,1,2026-06-15
PED0002914,1000,PR0015,5,2026-09-11
PED0002915,54,PR0112,3,2026-08-02
PED0002916,16,PR0085,5,2026-08-24
PED0002917,735,PR0040,0,2026-07-10
PED0002918,326,PR0096,6,2026-06-16
PED0002919,960,PR0007,2,2026-06-25
PED0002920,862,PR0047,6,2026-07-14
PED0002921,657,PR0079,3,2026-08-20
PED0002922,793,PR0003,5,2026-07-16
PED0002923,377,PR0086,4,2026-09-06
PED0002924,878,PR0099,1,2026-07-09
PED0002925,746,PR0072,1,2026-06-25
PED0002926,817,PR0025,3,2026-07-23
PED0002927,625,PR0090,2,2026-06-12
PED0002928,771,PR0041,4,2026-08-10
PED0002929,663,PR0089,-1,2026-06-11
PED0002930,520,PR0076,4,2026-08-07
PED0002931,1000,PR0012,2,2026-07-11
PED0002932,804,PR0012,2,2026-07-08
PED0002933,296,PR0002,3,2026-08-04
PED0002934,572,PR0009,4,2026-08-14
PED0002935,557,PR0036,3,2026-09-06
PED0002936,65,PR0004,3,2026-07-01
PED0002937,827,PR0113,3,2026-08-25
PED0002938,357,PR0110,3,2026-08-27
PED0002939,736,PR0021,3,2026-09-13
PED0002940,641,PR0038,6,2026-09-10
PED0002941,672,PR0090,4,2026-08-22
PED0002942,979,PR0080,3,2026-07-01
PED0002943,876,PR0070,5,2026-08-12
PED0002944,300,PR0119,4,2026-08-22
PED0002945,626,PR0076,6,2026-07-01
PED0002946,999999,PR0081,4,2026-08-25
PED0002947,792,PR0061,2,2026-08-13
PED0002948,37,PR0064,4,2026-07-22
PED0002949,190,PR0035,5,2026-08-30
PED0002950,490,PR0063,2,2026-06-10
PED0002951,786,PR0111,2,2026-08-11
PED0002952,465,PR0046,4,2026-08-22
PED0002953,419,PR0016,6,2026-06-05
PED0002954,725,PR0072,3,2026-07-13
PED0002955,465,PR0095,4,2026-07-25
PED0002956,369,PR0116,4,2026-06-22
PED0002957,548,PR0066,4,2026-09-01
PED0002958,839,PR0095,1,2026-08-05
PED0002959,449,PR0031,3,2026-06-29
PED0002960,353,PR0051,6,2026-07-16
PED0002961,19,PR0051,6,2026-06-12
PED0002962,836,PR0040,5,2026-06-10
PED0002963,571,PR0086,1,2026-08-18
PED0002964,884,PR0107,3,2026-09-12
PED0002965,624,PR0040,1,2026-06-30
PED0002966,165,PR0017,2,2026-06-26
PED0002967,631,PR0100,6,2026-08-11
PED0002968,684,PR0102,3,2026-07-24
PED0002969,322,PR0113,2,2026-06-15
PED0002970,566,PR0031,5,2026-08-10
PED0002971,858,PR0087,5,2026-06-23
PED0002972,99,PR0086,4,2026-06-13
PED0002973,350,PR0095,5,2026-07-19
PED0002974,369,PR0097,5,2026-08-17
PED0002975,735,PR0115,4,2026-07-25
PED0002976,509,PR0058,6,2026-08-08
PED0002977,813,PR0010,2,2026-06-25
PED0002978,855,PR0024,3,2026-07-22
PED0002979,738,PR0107,4,2026-08-14
PED0002980,990,PR0102,5,2026-07-26
PED0002981,91,PR0002,3,2026-06-26
PED0002982,931,PR0045,3,2026-09-09
PED0002983,2,PR0030,1,2026-06-08
PED0002984,398,PR0039,4,2026-09-04
PED0002985,736,PR0077,1,2026-08-16
PED0002986,514,PR0062,3,2026-06-12
PED0002987,532,PR0058,3,2026-06-27
PED0002988,730,PR0053,5,2026-07-09
PED0002989,71,PR0077,3,2026-09-09
PED0002990,388,PR0082,1,2026-07-25
PED0002991,999999,PR0006,4,2026-06-28
PED0002992,597,PR0017,2,2026-09-05
PED0002993,698,PR0041,3,2026-06-13
PED0002994,862,PR0053,2,2026-08-25
PED0002995,883,PR0120,1,2026-08-27
PED0002996,443,PR0108,6,2026-07-11
PED0002997,462,PR0078,2,2026-06-05
PED0002998,476,PR0005,4,2026-09-02
PED0002999,412,PR0013,5,2026-09-10
PED0003000,371,PR0055,3,2026-07-10
PED0003001,831,PR0071,6,2026-06-20
PED0003002,711,PR0080,3,2026-06-29
PED0003003,841,PR0018,6,2026-06-15
PED0003004,648,PR0107,3,2026-08-04
PED0003005,836,PR0060,1,2026-07-25
PED0003006,64,PR0072,6,2026-07-08
PED0003007,45,PR0005,6,2026-08-08
PED0003008,572,PR0099,6,2026-08-05
PED0003009,986,PR0066,1,2026-06-02
PED0003010,538,PR0027,6,2026-07-14
PED0003011,618,PR0039,3,2026-08-30
PED0003012,296,PR0043,6,2026-08-23
PED0003013,185,PR0004,6,2026-08-29
PED0003014,617,PR0114,2,2026-09-09
PED0003015,40,PR0097,3,2026-06-07
PED0003016,5,PR0107,2,2026-06-29
PED0003017,5,PR0043,2,2026-07-19
PED0003018,795,PR0067,4,2026-07-24
PED0003019,738,PR0055,3,2026-08-22
PED0003020,632,PR0058,4,2026-08-16
PED0003021,182,PR0071,5,2026-08-14
PED0003022,571,PR0055,2,2026-06-17
PED0003023,154,PR0093,1,2026-08-11
PED0003024,451,PR0008,5,2026-08-23
PED0003025,65,PR0024,2,2026-08-18
PED0003026,326,PR0108,2,2026-08-01
PED0003027,253,PR0106,4,2026-06-10
PED0003028,214,PR0099,2,2026-06-16
PED0003029,572,PR0045,2,2026-08-18
PED0003030,236,PR0055,2,2026-08-31
PED0003031,41,PR0004,4,2026-08-26
PED0003032,813,PR0034,6,2026-07-15
PED0003033,65,PR0088,6,2026-08-01
PED0003034,412,PR0042,5,2026-06-19
PED0003035,453,PR0058,6,2026-08-02
PED0003036,467,PR0015,4,2026-06-21
PED0003037,244,PR0060,3,2026-08-23
PED0003038,154,PR0087,5,2026-08-22
PED0003039,530,PR0069,2,2026-06-06
PED0003040,435,PR0067,5,2026-09-07
PED0003041,781,PR0110,6,2026-08-23
PED0003042,566,PR0029,3,2026-07-10
PED0003043,387,PR0036,4,2026-07-18
PED0003044,831,PR0075,5,2026-06-09
PED0003045,322,PR0058,5,2026-09-07
PED0003046,999999,PR0118,2,2026-06-11
PED0003047,734,PR0008,6,2026-09-05
PED0003048,884,PR0015,4,2026-08-08
PED0003049,36,PR0042,1,2026-09-05
PED0003050,260,PR0056,1,2026-07-09
PED0003051,735,PR0107,5,2026-09-03
PED0003052,618,PR0060,3,2026-07-15
PED0003053,952,PR0053,1,2026-07-07
PED0003054,423,PR0021,4,2026-07-06
PED0003055,248,PR0053,4,2026-09-08
PED0003056,767,PR0064,1,2026-07-19
PED0003057,699,PR0071,-1,2026-07-21
PED0003058,585,PR0073,3,2026-08-07
PED0003059,878,PR0052,5,2026-07-29
PED0003060,33,PR0019,4,2026-07-27
PED0003061,100,PR0019,1,2026-07-10
PED0003062,571,PR0019,4,2026-06-18
PED0003063,876,PR0075,6,2026-09-13
PED0003064,984,PR0103,1,2026-07-22
PED0003065,613,PR0106,6,2026-09-11
PED0003066,331,PR0038,1,2026-07-19
PED0003067,441,PR0010,4,2026-08-02
PED0003068,153,PR0076,3,2026-07-28
PED0003069,388,PR0005,5,2026-09-10
PED0003070,172,PR0076,6,2026-06-12
PED0003071,61,PR0046,6,2026-07-25
PED0003072,366,PR0101,6,2026-06-17
PED0003073,794,PR0076,5,2026-08-31
PED0003074,453,PR0089,2,2026-07-26
PED0003075,415,PR0049,3,2026-09-05
PED0003076,936,PR0101,5,2026-06-29
PED0003077,765,PR0064,2,2026-06-18
PED0003078,36,PR0076,4,2026-08-06
PED0003079,629,PR0044,4,2026-06-16
PED0003080,263,PR0054,6,2026-07-10
PED0003081,309,PR0101,1,2026-07-03
PED0003082,190,PR0048,1,2026-06-24
PED0003083,244,PR0003,1,2026-06-14
PED0003084,295,PR0046,4,2026-08-08
PED0003085,566,PR0048,4,2026-08-19
PED0003086,122,PR0051,4,2026-07-12
PED0003087,194,PR0009,2,2026-06-30
PED0003088,401,PR0016,2,2026-06-17
PED0003089,936,PR0039,3,2026-08-11
PED0003090,31,PR0051,1,2026-08-24
PED0003091,260,PR0004,5,2026-07-28
PED0003092,731,PR0047,1,2026-07-16
PED0003093,262,PR0039,5,2026-08-08
PED0003094,42,PR0005,3,2026-09-05
PED0003095,932,PR0031,6,2026-09-12
PED0003096,43,PR0034,5,2026-06-21
PED0003097,64,PR0018,3,2026-07-21
PED0003098,850,PR_INEXISTENTE,5,2026-09-01
PED0003099,60,PR0009,1,2026-08-06
PED0003100,306,PR0070,2,2026-08-25
PED0003101,126,PR0080,3,2026-09-13
PED0003102,667,PR0097,6,2026-06-11
PED0003103,990,PR0066,5,2026-08-04
PED0003104,855,PR0066,3,2026-07-26
PED0003105,887,PR0092,2,2026-06-30
PED0003106,64,PR0103,6,2026-08-08
PED0003107,736,PR0026,4,2026-06-11
PED0003108,393,PR0096,1,2026-07-23
PED0003109,609,PR0056,2,2026-07-14
PED0003110,990,PR0012,6,2026-07-11
PED0003111,952,PR0074,6,2026-08-04
PED0003112,180,PR0118,6,2026-09-08
PED0003113,922,PR0017,1,2026-09-08
PED0003114,77,PR0002,5,2026-08-13
PED0003115,849,PR0110,1,2026-07-05
PED0003116,989,PR0072,5,2026-09-10
PED0003117,395,PR0027,6,2026-09-13
PED0003118,686,PR0096,3,2026-08-28
PED0003119,200,PR0048,2,2026-08-31
PED0003120,388,PR0040,5,2026-08-25
PED0003121,994,PR0035,1,2026-08-19
PED0003122,326,PR0072,4,2026-08-16
PED0003123,467,PR0017,2,2026-08-07
PED0003124,271,PR0044,3,2026-08-07
PED0003125,938,PR0037,5,2026-07-11
PED0003126,925,PR0008,6,2026-09-02
PED0003127,830,PR0092,3,2026-08-06
PED0003128,215,PR0002,2,2026-08-04
PED0003129,443,PR0116,6,2026-08-17
PED0003130,434,PR0012,3,2026-06-08
PED0003131,698,PR0043,2,2026-09-05
PED0003132,672,PR0012,6,2026-08-01
PED0003133,784,PR0045,6,2026-09-08
PED0003134,711,PR0074,2,2026-06-11
PED0003135,281,PR0011,1,2026-06-25
PED0003136,996,PR0064,1,2026-09-08
PED0003137,712,PR0093,4,2026-08-12
PED0003138,998,PR0055,2,2026-08-07
PED0003139,71,PR0014,4,2026-07-13
PED0003140,846,PR_INEXISTENTE,5,2026-07-29
PED0003141,909,PR0023,1,2026-07-28
PED0003142,88,PR0003,6,2026-06-21
PED0003143,801,PR0053,1,2026-07-30
PED0003144,127,PR0033,1,2026-07-25
PED0003145,212,PR0004,5,2026-07-03
PED0003146,307,PR0094,4,2026-07-06
PED0003147,222,PR0072,6,2026-08-20
PED0003148,689,PR0110,4,2026-08-10
PED0003149,668,PR0058,3,2026-07-20
PED0003150,42,PR0053,5,2026-08-03
PED0003151,706,PR0102,5,2026-06-26
PED0003152,477,PR0010,5,2026-07-23
PED0003153,553,PR0044,3,2026-07-29
PED0003154,464,PR0096,6,2026-06-27
PED0003155,436,PR0036,2,2026-06-18
PED0003156,107,PR0107,3,2026-07-26
PED0003157,570,PR0035,2,2026-09-07
PED0003158,461,PR0050,2,2026-07-19
PED0003159,236,PR0108,2,2026-09-03
PED0003160,825,PR0030,4,2026-08-29
PED0003161,983,PR0117,5,2026-08-18
PED0003162,798,PR0006,3,2026-09-02
PED0003163,962,PR0032,6,2026-07-14
PED0003164,570,PR_INEXISTENTE,3,2026-08-19
PED0003165,805,PR0072,3,2026-06-16
PED0003166,827,PR0110,1,2026-07-04
PED0003167,625,PR0116,6,2026-07-30
PED0003168,294,PR0082,1,2026-06-04
PED0003169,412,PR0080,1,2026-08-20
PED0003170,626,PR0039,6,2026-09-06
PED0003171,984,PR0097,4,2026-06-12
PED0003172,735,PR0078,1,2026-09-13
PED0003173,909,PR0003,3,2026-06-10
PED0003174,697,PR0100,4,2026-06-14
PED0003175,657,PR_INEXISTENTE,1,2026-08-20
PED0003176,577,PR0058,5,2026-08-11
PED0003177,920,PR0059,5,2026-09-07
PED0003178,625,PR0099,1,2026-07-15
PED0003179,371,PR0033,4,2026-07-31
PED0003180,962,PR0048,2,2026-06-16
PED0003181,922,PR0005,5,2026-08-12
PED0003182,937,PR0042,3,2026-09-13
PED0003183,19,PR0011,2,2026-08-02
PED0003184,253,PR0070,4,2026-09-06
PED0003185,904,PR0108,3,2026-07-12
PED0003186,548,PR0056,3,2026-09-12
PED0003187,200,PR0110,6,2026-07-27
PED0003188,153,PR0118,4,2026-06-16
PED0003189,185,PR0007,3,2026-07-09
PED0003190,884,PR0062,2,2026-07-22
PED0003191,908,PR0064,4,2026-06-08
PED0003192,813,PR0047,1,2026-09-03
PED0003193,597,PR0100,6,2026-06-26
PED0003194,122,PR0048,1,2026-08-10
PED0003195,746,PR0007,5,2026-09-05
PED0003196,779,PR0066,3,2026-07-16
PED0003197,418,PR0025,5,2026-08-03
PED0003198,854,PR0043,3,2026-07-25
PED0003199,610,PR0061,1,2026-08-20
PED0003200,817,PR0087,6,2026-06-05
PED0003201,96,PR0034,5,2026-07-08
PED0003202,570,PR0046,1,2026-08-04
PED0003203,66,PR0009,1,2026-06-10
PED0003204,65,PR0047,4,2026-08-30
PED0003205,165,PR0070,6,2026-08-06
PED0003206,650,PR0075,4,2026-06-01
PED0003207,66,PR0036,1,2026-06-02
PED0003208,143,PR0008,5,2026-06-17
PED0003209,793,PR0070,3,2026-08-09
PED0003210,326,PR0079,4,2026-07-25
PED0003211,994,PR0011,3,2026-07-21
PED0003212,919,PR0061,1,2026-07-29
PED0003213,652,PR0012,1,2026-07-22
PED0003214,798,PR0055,4,2026-07-07
PED0003215,770,PR0077,4,2026-06-01
PED0003216,270,PR0087,2,2026-06-03
PED0003217,102,PR0086,1,2026-08-12
PED0003218,540,PR0091,5,2026-08-18
PED0003219,417,PR0029,1,2026-06-26
PED0003220,658,PR0102,2,2026-06-26
PED0003221,417,PR0042,3,2026-07-13
PED0003222,526,PR0045,5,2026-08-07
PED0003223,216,PR0095,6,2026-08-02
PED0003224,185,PR0040,4,2026-07-29
PED0003225,173,PR0009,6,2026-06-04
PED0003226,989,PR0086,4,2026-07-16
PED0003227,262,PR0080,6,2026-08-19
PED0003228,652,PR0070,2,2026-08-01
PED0003229,183,PR0018,1,2026-08-24
PED0003230,314,PR0076,5,2026-08-12
PED0003231,191,PR0024,6,2026-09-03
PED0003232,324,PR0067,5,2026-07-31
PED0003233,831,PR0061,3,2026-07-30
PED0003234,985,PR0093,3,2026-07-29
PED0003235,350,PR0118,1,2026-06-28
PED0003236,805,PR0023,3,2026-07-16
PED0003237,999999,PR0014,5,2026-06-18
PED0003238,494,PR0067,1,2026-07-16
PED0003239,33,PR0115,3,2026-06-16
PED0003240,45,PR0019,2,2026-07-22
PED0003241,121,PR0059,3,2026-09-09
PED0003242,613,PR0049,5,2026-07-18
PED0003243,195,PR0039,6,2026-08-17
PED0003244,17,PR0080,3,2026-07-17
PED0003245,999999,PR0036,5,2026-09-04
PED0003246,37,PR0060,5,2026-06-23
PED0003247,679,PR0102,6,2026-08-27
PED0003248,630,PR0046,5,2026-08-16
PED0003249,398,PR_INEXISTENTE,4,2026-09-02
PED0003250,362,PR0107,5,2026-06-14
PED0003251,128,PR0033,2,2026-09-02
PED0003252,508,PR0093,5,2026-09-04
PED0003253,440,PR0092,5,2026-07-02
PED0003254,577,PR0064,4,2026-08-05
PED0003255,173,PR0011,1,2026-08-01
PED0003256,779,PR0115,4,2026-06-06
PED0003257,855,PR0082,5,2026-07-26
PED0003258,200,PR0051,2,2026-08-09
PED0003259,999999,PR0103,5,2026-06-22
PED0003260,657,PR0095,6,2026-07-08
PED0003261,301,PR0092,4,2026-08-01
PED0003262,952,PR0021,6,2026-09-06
PED0003263,798,PR0076,6,2026-06-07
PED0003264,443,PR0035,3,2026-09-07
PED0003265,182,PR0010,6,2026-08-25
PED0003266,48,PR0041,6,2026-08-28
PED0003267,58,PR0013,1,2026-06-06
PED0003268,296,PR0013,6,2026-07-30
PED0003269,769,PR0088,1,2026-07-09
PED0003270,263,PR0061,3,2026-09-05
PED0003271,804,PR0048,6,2026-08-17
PED0003272,959,PR0024,5,2026-08-08
PED0003273,904,PR0093,2,2026-06-03
PED0003274,514,PR0077,4,2026-08-31
PED0003275,154,PR0071,2,2026-07-22
PED0003276,942,PR0023,2,2026-06-17
PED0003277,91,PR0015,6,2026-08-31
PED0003278,167,PR0015,1,2026-09-03
PED0003279,457,PR0004,6,2026-07-23
PED0003280,45,PR0117,3,2026-08-09
PED0003281,435,PR0045,1,2026-08-04
PED0003282,281,PR0079,5,2026-07-02
PED0003283,419,PR0118,1,2026-08-18
PED0003284,896,PR0113,2,2026-09-13
PED0003285,215,PR0039,2,2026-09-07
PED0003286,371,PR0059,5,2026-08-12
PED0003287,88,PR0056,3,2026-07-08
PED0003288,876,PR0005,4,2026-09-04
PED0003289,901,PR0093,1,2026-09-06
PED0003290,214,PR0069,5,2026-06-01
PED0003291,626,PR0045,5,2026-07-06
PED0003292,735,PR0067,2,2026-07-28
PED0003293,200,PR0089,6,2026-07-31
PED0003294,233,PR0002,3,2026-08-14
PED0003295,807,PR0078,5,2026-07-24
PED0003296,750,PR0104,2,2026-06-02
PED0003297,233,PR0088,6,2026-06-18
PED0003298,825,PR0075,2,2026-08-20
PED0003299,8,PR0011,4,2026-08-12
PED0003300,896,PR0090,1,2026-08-08
PED0003301,949,PR0091,1,2026-07-17
PED0003302,817,PR0060,1,2026-06-29
PED0003303,377,PR0070,6,2026-07-03
PED0003304,154,PR0075,2,2026-08-12
PED0003305,786,PR0015,6,2026-07-23
PED0003306,846,PR0031,4,2026-06-14
PED0003307,999999,PR0096,1,2026-07-12
PED0003308,52,PR0117,3,2026-08-26
PED0003309,635,PR0033,3,2026-08-02
PED0003310,44,PR0049,2,2026-08-30
PED0003311,593,PR0110,4,2026-07-24
PED0003312,423,PR0020,6,2026-07-21
PED0003313,197,PR0032,6,2026-09-08
PED0003314,980,PR0007,4,2026-07-24
PED0003315,102,PR0029,6,2026-06-15
PED0003316,265,PR0077,6,2026-07-13
PED0003317,254,PR0042,1,2026-08-08
PED0003318,366,PR0119,4,2026-07-07
PED0003319,736,PR0107,5,2026-07-14
PED0003320,922,PR0108,1,2026-08-31
PED0003321,434,PR0088,4,2026-07-16
PED0003322,850,PR0085,6,2026-07-03
PED0003323,989,PR0062,2,2026-06-12
PED0003324,664,PR0119,6,2026-07-13
PED0003325,883,PR0012,6,2026-08-20
PED0003326,195,PR0087,4,2026-07-02
PED0003327,616,PR0017,4,2026-07-20
PED0003328,899,PR0041,4,2026-08-08
PED0003329,515,PR0031,3,2026-09-06
PED0003330,610,PR0073,3,2026-08-25
PED0003331,465,PR0095,4,2026-07-01
PED0003332,700,PR0010,3,2026-06-18
PED0003333,93,PR0073,5,2026-08-10
PED0003334,679,PR0027,5,2026-06-27
PED0003335,632,PR0010,3,2026-07-12
PED0003336,88,PR0051,4,2026-06-11
PED0003337,185,PR0070,-1,2026-08-21
PED0003338,767,PR0025,2,2026-06-17
PED0003339,572,PR0047,3,2026-07-10
PED0003340,514,PR0115,1,2026-07-13
PED0003341,143,PR0042,6,2026-06-05
PED0003342,271,PR0120,1,2026-08-21
PED0003343,61,PR0101,2,2026-08-04
PED0003344,18,PR0045,2,2026-07-27
PED0003345,490,PR0070,2,2026-06-19
PED0003346,999999,PR0086,3,2026-06-06
PED0003347,387,PR0056,5,2026-06-06
PED0003348,537,PR0049,6,2026-08-05
PED0003349,896,PR0040,2,2026-08-18
PED0003350,99,PR0017,2,2026-08-23
PED0003351,887,PR0003,3,2026-08-24
PED0003352,901,PR0041,2,2026-07-12
PED0003353,181,PR0096,5,2026-06-01
PED0003354,952,PR0029,2,2026-06-26
PED0003355,256,PR0022,3,2026-08-22
PED0003356,638,PR0040,4,2026-08-20
PED0003357,42,PR0072,3,2026-07-24
PED0003358,61,PR0026,4,2026-06-03
PED0003359,508,PR0027,5,2026-08-21
PED0003360,436,PR0014,4,2026-08-25
PED0003361,884,PR0040,3,2026-06-24
PED0003362,795,PR0027,6,2026-08-24
PED0003363,173,PR0100,6,2026-08-07
PED0003364,960,PR0109,6,2026-09-02
PED0003365,530,PR0045,1,2026-08-05
PED0003366,976,PR0011,6,2026-06-10
PED0003367,479,PR0011,6,2026-08-07
PED0003368,371,PR0039,5,2026-06-12
PED0003369,830,PR0056,5,2026-06-28
PED0003370,884,PR0064,3,2026-08-31
PED0003371,435,PR0037,5,2026-09-10
PED0003372,694,PR0043,4,2026-07-20
PED0003373,465,PR0035,5,2026-07-01
PED0003374,447,PR0063,3,2026-07-12
PED0003375,863,PR0084,5,2026-06-26
PED0003376,127,PR0006,5,2026-07-31
PED0003377,856,PR0058,6,2026-07-15
PED0003378,371,PR0078,2,2026-06-07
PED0003379,807,PR0081,6,2026-08-04
PED0003380,182,PR0068,2,2026-08-07
PED0003381,725,PR0064,6,2026-08-10
PED0003382,824,PR0082,1,2026-09-08
PED0003383,597,PR0046,2,2026-08-13
PED0003384,908,PR0069,-1,2026-08-10
PED0003385,956,PR0039,4,2026-06-23
PED0003386,618,PR0053,5,2026-07-19
PED0003387,846,PR0015,3,2026-07-16
PED0003388,618,PR0043,1,2026-09-09
PED0003389,566,PR0018,4,2026-07-20
PED0003390,18,PR0028,4,2026-08-12
PED0003391,937,PR0051,4,2026-07-27
PED0003392,65,PR_INEXISTENTE,3,2026-06-06
PED0003393,154,PR0114,6,2026-09-07
PED0003394,488,PR0004,5,2026-08-10
PED0003395,904,PR0108,2,2026-06-25
PED0003396,194,PR0040,1,2026-06-07
PED0003397,672,PR0087,2,2026-09-07
PED0003398,395,PR0082,1,2026-07-03
PED0003399,519,PR0117,5,2026-06-02
PED0003400,128,PR0014,4,2026-08-04
PED0003401,583,PR0117,3,2026-06-02
PED0003402,5,PR0008,4,2026-06-23
PED0003403,941,PR0106,5,2026-09-02
PED0003404,672,PR0079,5,2026-06-05
PED0003405,767,PR0058,3,2026-08-18
PED0003406,200,PR0048,4,2026-08-04
PED0003407,236,PR0012,4,2026-07-03
PED0003408,64,PR0097,6,2026-07-01
PED0003409,181,PR0088,5,2026-07-20
PED0003410,8,PR0113,2,2026-07-26
PED0003411,986,PR0088,6,2026-09-02
PED0003412,798,PR_INEXISTENTE,3,2026-06-28
PED0003413,371,PR0107,5,2026-08-01
PED0003414,730,PR0052,6,2026-08-12
PED0003415,965,PR0085,5,2026-06-02
PED0003416,412,PR0032,1,2026-09-03
PED0003417,996,PR0096,2,2026-09-13
PED0003418,99,PR0074,5,2026-06-10
PED0003419,618,PR0053,1,2026-06-28
PED0003420,779,PR0076,1,2026-08-22
PED0003421,462,PR0034,2,2026-08-24
PED0003422,509,PR0075,3,2026-06-17
PED0003423,616,PR0057,1,2026-09-05
PED0003424,514,PR0039,-1,2026-07-05
PED0003425,831,PR0118,3,2026-07-01
PED0003426,844,PR0008,4,2026-07-08
PED0003427,108,PR0091,4,2026-08-10
PED0003428,975,PR0026,5,2026-06-22
PED0003429,883,PR0027,6,2026-07-28
PED0003430,511,PR0019,1,2026-06-08
PED0003431,191,PR0013,5,2026-06-16
PED0003432,108,PR0015,1,2026-08-20
PED0003433,449,PR0100,3,2026-07-11
PED0003434,421,PR0112,3,2026-08-23
PED0003435,349,PR0071,5,2026-08-17
PED0003436,792,PR0002,2,2026-09-13
PED0003437,270,PR0104,6,2026-06-15
PED0003438,972,PR0073,3,2026-09-07
PED0003439,561,PR0063,5,2026-09-02
PED0003440,731,PR_INEXISTENTE,6,2026-07-16
PED0003441,16,PR0050,4,2026-06-15
PED0003442,937,PR0044,1,2026-06-15
PED0003443,25,PR0094,5,2026-07-24
PED0003444,975,PR0064,3,2026-06-02
PED0003445,975,PR0087,3,2026-06-11
PED0003446,369,PR0084,3,2026-07-26
PED0003447,712,PR0101,2,2026-07-30
PED0003448,195,PR0039,2,2026-08-30
PED0003449,30,PR0009,6,2026-09-11
PED0003450,936,PR0058,2,2026-06-29
PED0003451,509,PR0078,3,2026-07-05
PED0003452,121,PR0099,5,2026-06-21
PED0003453,362,PR0033,2,2026-06-24
PED0003454,443,PR0090,4,2026-07-17
PED0003455,984,PR0100,6,2026-09-13
PED0003456,735,PR0098,5,2026-09-02
PED0003457,262,PR0097,1,2026-09-04
PED0003458,641,PR0119,3,2026-07-18
PED0003459,700,PR0080,1,2026-08-09
PED0003460,349,PR0045,4,2026-08-15
PED0003461,730,PR0053,2,2026-06-26
PED0003462,561,PR0090,6,2026-07-19
PED0003463,395,PR0029,2,2026-07-28
PED0003464,108,PR0073,6,2026-07-10
PED0003465,636,PR0069,3,2026-07-20
PED0003466,461,PR0080,6,2026-07-17
PED0003467,453,PR0051,2,2026-06-07
PED0003468,906,PR0089,2,2026-08-20
PED0003469,508,PR0009,3,2026-09-03
PED0003470,693,PR0090,6,2026-08-19
PED0003471,463,PR0098,5,2026-09-07
PED0003472,127,PR0107,5,2026-07-16
PED0003473,181,PR0111,4,2026-06-06
PED0003474,280,PR0042,5,2026-06-29
PED0003475,464,PR0006,4,2026-08-29
PED0003476,968,PR0079,5,2026-06-15
PED0003477,500,PR0011,6,2026-07-28
PED0003478,248,PR0034,6,2026-06-01
PED0003479,215,PR0085,4,2026-07-04
PED0003480,770,PR_INEXISTENTE,3,2026-06-12
PED0003481,646,PR0073,4,2026-06-12
PED0003482,31,PR0091,5,2026-06-18
PED0003483,128,PR0020,6,2026-07-27
PED0003484,172,PR0095,5,2026-08-12
PED0003485,825,PR0071,6,2026-07-01
PED0003486,998,PR0051,5,2026-08-25
PED0003487,58,PR0056,6,2026-07-12
PED0003488,887,PR0062,5,2026-08-17
PED0003489,860,PR0067,6,2026-07-26
PED0003490,725,PR0041,2,2026-08-15
PED0003491,922,PR0027,6,2026-09-11
PED0003492,841,PR0021,3,2026-09-13
PED0003493,616,PR0041,5,2026-08-01
PED0003494,70,PR0032,3,2026-09-10
PED0003495,750,PR0062,3,2026-08-13
PED0003496,122,PR0110,5,2026-06-29
PED0003497,887,PR0013,4,2026-09-07
PED0003498,763,PR0038,5,2026-06-16
PED0003499,679,PR0006,1,2026-07-20
PED0003500,908,PR0117,6,2026-06-17
PED0003501,601,PR0085,3,2026-08-22
PED0003502,35,PR0029,5,2026-09-03
PED0003503,350,PR0050,2,2026-08-25
PED0003504,613,PR0087,4,2026-06-11
PED0003505,548,PR0115,4,2026-06-29
PED0003506,383,PR0069,1,2026-07-06
PED0003507,813,PR0033,3,2026-06-13
PED0003508,506,PR0084,4,2026-07-26
PED0003509,295,PR0083,6,2026-06-04
PED0003510,122,PR0078,6,2026-08-04
PED0003511,841,PR0006,3,2026-07-31
PED0003512,712,PR0085,4,2026-08-02
PED0003513,43,PR0003,2,2026-09-04
PED0003514,260,PR0109,6,2026-08-22
PED0003515,45,PR0106,6,2026-06-28
PED0003516,532,PR0068,6,2026-07-31
PED0003517,630,PR0078,3,2026-08-24
PED0003518,326,PR0009,3,2026-08-29
PED0003519,108,PR0105,5,2026-08-07
PED0003520,175,PR0033,-1,2026-06-09
PED0003521,43,PR0032,2,2026-07-16
PED0003522,952,PR0085,4,2026-08-30
PED0003523,941,PR0113,4,2026-06-08
PED0003524,244,PR0060,3,2026-08-01
PED0003525,836,PR0061,3,2026-07-27
PED0003526,746,PR0066,2,2026-06-24
PED0003527,19,PR0035,3,2026-07-07
PED0003528,108,PR0072,2,2026-09-11
PED0003529,464,PR0116,2,2026-08-02
PED0003530,983,PR0046,2,2026-09-07
PED0003531,985,PR0093,3,2026-07-20
PED0003532,588,PR0093,4,2026-08-28
PED0003533,845,PR0103,3,2026-08-05
PED0003534,771,PR0087,1,2026-09-04
PED0003535,440,PR0111,5,2026-07-05
PED0003536,419,PR0086,3,2026-07-11
PED0003537,996,PR0118,4,2026-06-05
PED0003538,763,PR0086,4,2026-06-24
PED0003539,824,PR0101,4,2026-06-15
PED0003540,588,PR0107,3,2026-06-20
PED0003541,100,PR0119,5,2026-07-03
PED0003542,892,PR0072,6,2026-08-31
PED0003543,406,PR0086,6,2026-07-10
PED0003544,561,PR0117,3,2026-08-26
PED0003545,287,PR0046,3,2026-08-25
PED0003546,762,PR0015,1,2026-09-11
PED0003547,708,PR0107,3,2026-07-24
PED0003548,706,PR0076,6,2026-08-29
PED0003549,93,PR0052,2,2026-07-15
PED0003550,18,PR0087,6,2026-08-06
PED0003551,703,PR0004,5,2026-08-25
PED0003552,706,PR0058,4,2026-06-15
PED0003553,895,PR0032,4,2026-06-07
PED0003554,906,PR0035,5,2026-06-18
PED0003555,982,PR0117,1,2026-08-15
PED0003556,519,PR0067,1,2026-07-20
PED0003557,627,PR0017,2,2026-06-30
PED0003558,99,PR0044,5,2026-08-20
PED0003559,668,PR0030,3,2026-06-02
PED0003560,858,PR0110,2,2026-06-19
PED0003561,597,PR0035,1,2026-07-20
PED0003562,699,PR0043,3,2026-09-05
PED0003563,441,PR0041,3,2026-08-18
PED0003564,126,PR0022,2,2026-08-11
PED0003565,884,PR0094,1,2026-08-14
PED0003566,74,PR0070,5,2026-07-03
PED0003567,617,PR0053,5,2026-07-18
PED0003568,143,PR0048,2,2026-09-02
PED0003569,426,PR0081,3,2026-08-16
PED0003570,860,PR0012,2,2026-08-02
PED0003571,434,PR0112,3,2026-06-09
PED0003572,577,PR0068,1,2026-08-16
PED0003573,418,PR0028,6,2026-07-09
PED0003574,862,PR0065,5,2026-07-11
PED0003575,778,PR0103,6,2026-08-10
PED0003576,99,PR0021,2,2026-07-12
PED0003577,813,PR0063,6,2026-07-31
PED0003578,942,PR0072,4,2026-06-02
PED0003579,435,PR0098,2,2026-06-20
PED0003580,406,PR0069,2,2026-07-27
PED0003581,959,PR0089,5,2026-09-09
PED0003582,801,PR0093,5,2026-08-19
PED0003583,281,PR0107,5,2026-07-14
PED0003584,377,PR0044,2,2026-09-10
PED0003585,553,PR0085,4,2026-06-29
PED0003586,922,PR0030,6,2026-09-02
PED0003587,190,PR0102,1,2026-07-13
PED0003588,809,PR0115,2,2026-06-10
PED0003589,706,PR0036,1,2026-06-01
PED0003590,583,PR0068,1,2026-09-11
PED0003591,376,PR0099,6,2026-08-07
PED0003592,295,PR0004,2,2026-06-16
PED0003593,862,PR0085,2,2026-09-13
PED0003594,804,PR0099,1,2026-06-05
PED0003595,636,PR0105,6,2026-07-06
PED0003596,490,PR0024,3,2026-08-18
PED0003597,30,PR0091,5,2026-06-06
PED0003598,922,PR0095,2,2026-09-04
PED0003599,878,PR0001,4,2026-08-11
PED0003600,989,PR0085,6,2026-09-08
PED0003601,667,PR0076,5,2026-08-27
PED0003602,694,PR0117,4,2026-08-26
PED0003603,421,PR0006,2,2026-06-24
PED0003604,856,PR0116,2,2026-06-22
PED0003605,771,PR0069,4,2026-06-26
PED0003606,902,PR0033,3,2026-06-17
PED0003607,82,PR0047,1,2026-08-09
PED0003608,956,PR0092,2,2026-06-07
PED0003609,815,PR0120,3,2026-07-15
PED0003610,398,PR0039,2,2026-08-01
PED0003611,998,PR0119,4,2026-07-27
PED0003612,588,PR0076,2,2026-07-22
PED0003613,109,PR0024,2,2026-06-24
PED0003614,393,PR0072,1,2026-06-12
PED0003615,423,PR0097,4,2026-09-12
PED0003616,630,PR0007,2,2026-07-19
PED0003617,35,PR0010,4,2026-08-02
PED0003618,618,PR0001,6,2026-07-30
PED0003619,601,PR0069,6,2026-07-09
PED0003620,693,PR_INEXISTENTE,5,2026-08-15
PED0003621,846,PR0112,5,2026-07-10
PED0003622,294,PR0016,6,2026-07-14
PED0003623,40,PR0009,5,2026-08-24
PED0003624,362,PR0031,2,2026-07-04
PED0003625,738,PR0092,4,2026-08-13
PED0003626,882,PR0109,6,2026-08-09
PED0003627,801,PR0031,5,2026-06-04
PED0003628,999999,PR0063,3,2026-08-11
PED0003629,746,PR0093,2,2026-08-24
PED0003630,260,PR0096,1,2026-06-29
PED0003631,793,PR0019,3,2026-09-05
PED0003632,793,PR0101,5,2026-06-03
PED0003633,464,PR0105,4,2026-06-19
PED0003634,638,PR0089,1,2026-09-08
PED0003635,786,PR0064,6,2026-08-29
PED0003636,453,PR0047,3,2026-08-19
PED0003637,925,PR0107,3,2026-08-03
PED0003638,769,PR0104,5,2026-06-22
PED0003639,522,PR0063,3,2026-07-22
PED0003640,30,PR0090,4,2026-07-30
PED0003641,970,PR0048,6,2026-06-10
PED0003642,919,PR0090,4,2026-08-02
PED0003643,904,PR0011,4,2026-06-10
PED0003644,779,PR0109,3,2026-06-14
PED0003645,994,PR0062,6,2026-06-18
PED0003646,770,PR0072,1,2026-06-21
PED0003647,61,PR0023,2,2026-06-09
PED0003648,183,PR0064,6,2026-09-09
PED0003649,895,PR0001,3,2026-08-24
PED0003650,538,PR0107,2,2026-07-24
PED0003651,225,PR0090,3,2026-07-09
PED0003652,77,PR0055,2,2026-06-21
PED0003653,652,PR0101,4,2026-09-08
PED0003654,480,PR0098,2,2026-08-23
PED0003655,33,PR0015,3,2026-08-18
PED0003656,503,PR0007,6,2026-07-20
PED0003657,806,PR0031,1,2026-06-03
PED0003658,143,PR0001,5,2026-08-07
PED0003659,412,PR0069,1,2026-07-22
PED0003660,270,PR0064,3,2026-07-02
PED0003661,625,PR0065,5,2026-07-04
PED0003662,841,PR0009,6,2026-06-07
PED0003663,601,PR0111,2,2026-08-31
PED0003664,638,PR0118,1,2026-06-18
PED0003665,244,PR0071,5,2026-08-25
PED0003666,464,PR0001,6,2026-09-11
PED0003667,684,PR0048,4,2026-06-05
PED0003668,443,PR0087,1,2026-08-05
PED0003669,652,PR0090,4,2026-06-08
PED0003670,746,PR0030,3,2026-08-27
PED0003671,601,PR0099,3,2026-07-24
PED0003672,813,PR0117,1,2026-06-03
PED0003673,488,PR0062,2,2026-08-21
PED0003674,691,PR0046,6,2026-08-20
PED0003675,635,PR0064,1,2026-09-06
PED0003676,850,PR0004,6,2026-07-21
PED0003677,270,PR0063,4,2026-09-06
PED0003678,858,PR0004,4,2026-08-09
PED0003679,931,PR0005,6,2026-07-26
PED0003680,811,PR0067,2,2026-07-08
PED0003681,820,PR0062,6,2026-07-01
PED0003682,183,PR0119,2,2026-08-05
PED0003683,514,PR0061,3,2026-08-17
PED0003684,479,PR0118,-1,2026-06-04
PED0003685,746,PR0097,4,2026-07-14
PED0003686,396,PR0041,2,2026-06-05
PED0003687,262,PR0112,5,2026-07-12
PED0003688,350,PR0058,1,2026-08-23
PED0003689,453,PR0072,4,2026-08-12
PED0003690,563,PR0013,4,2026-06-14
PED0003691,863,PR_INEXISTENTE,4,2026-08-15
PED0003692,632,PR0063,4,2026-06-02
PED0003693,526,PR0033,5,2026-06-02
PED0003694,506,PR0072,6,2026-09-04
PED0003695,267,PR0010,2,2026-06-04
PED0003696,856,PR0031,3,2026-06-28
PED0003697,369,PR0080,4,2026-06-14
PED0003698,686,PR0074,3,2026-08-01
PED0003699,216,PR0119,6,2026-07-25
PED0003700,636,PR0108,4,2026-08-28
PED0003701,593,PR0098,4,2026-09-12
PED0003702,975,PR0001,2,2026-08-18
PED0003703,178,PR0073,3,2026-07-20
PED0003704,233,PR0028,0,2026-06-05
PED0003705,537,PR0033,3,2026-09-05
PED0003706,754,PR0026,5,2026-07-29
PED0003707,540,PR0055,1,2026-06-23
PED0003708,66,PR0015,1,2026-07-27
PED0003709,214,PR0064,3,2026-07-12
PED0003710,2,PR0020,2,2026-07-07
PED0003711,878,PR0061,5,2026-07-18
PED0003712,165,PR0076,6,2026-08-19
PED0003713,485,PR0022,3,2026-06-18
PED0003714,490,PR0013,4,2026-09-10
PED0003715,863,PR0097,2,2026-06-07
PED0003716,975,PR0089,4,2026-06-16
PED0003717,331,PR0032,5,2026-08-11
PED0003718,876,PR0107,5,2026-06-16
PED0003719,350,PR0027,6,2026-08-21
PED0003720,526,PR0112,4,2026-08-17
PED0003721,461,PR0014,3,2026-07-16
PED0003722,638,PR0080,1,2026-07-18
PED0003723,366,PR0003,5,2026-09-13
PED0003724,571,PR0024,5,2026-08-23
PED0003725,999999,PR0049,4,2026-08-06
PED0003726,178,PR0011,6,2026-06-15
PED0003727,488,PR0055,2,2026-08-01
PED0003728,281,PR0028,1,2026-06-05
PED0003729,831,PR0012,4,2026-06-27
PED0003730,331,PR0116,1,2026-08-13
PED0003731,214,PR0118,1,2026-07-13
PED0003732,175,PR0116,0,2026-09-13
PED0003733,254,PR0019,3,2026-09-07
PED0003734,121,PR0046,4,2026-06-10
PED0003735,154,PR0040,5,2026-09-01
PED0003736,395,PR0040,3,2026-08-30
PED0003737,414,PR0050,4,2026-06-12
PED0003738,405,PR0062,4,2026-07-11
PED0003739,467,PR0059,4,2026-09-08
PED0003740,453,PR0036,5,2026-06-02
PED0003741,977,PR0118,3,2026-06-07
PED0003742,697,PR0118,4,2026-07-24
PED0003743,895,PR0040,4,2026-09-09
PED0003744,212,PR0027,1,2026-06-30
PED0003745,658,PR0064,2,2026-08-21
PED0003746,262,PR0045,1,2026-08-12
PED0003747,712,PR0119,2,2026-06-16
PED0003748,919,PR0052,-1,2026-07-01
PED0003749,786,PR0005,6,2026-08-05
PED0003750,863,PR0016,6,2026-07-21
PED0003751,177,PR0009,5,2026-06-25
PED0003752,441,PR0046,4,2026-06-22
PED0003753,143,PR0038,2,2026-07-29
PED0003754,382,PR0103,3,2026-08-26
PED0003755,805,PR0107,5,2026-07-14
PED0003756,260,PR0017,6,2026-09-06
PED0003757,763,PR0114,6,2026-08-10
PED0003758,553,PR0071,3,2026-07-13
PED0003759,794,PR0037,3,2026-08-14
PED0003760,855,PR0049,4,2026-07-18
PED0003761,256,PR0053,1,2026-08-19
PED0003762,667,PR0021,1,2026-09-12
PED0003763,999999,PR0105,1,2026-08-22
PED0003764,979,PR0002,5,2026-06-15
PED0003765,982,PR0009,2,2026-06-08
PED0003766,5,PR0033,5,2026-08-24
PED0003767,841,PR0018,3,2026-08-28
PED0003768,977,PR0008,5,2026-07-30
PED0003769,395,PR0047,1,2026-06-26
PED0003770,986,PR0046,2,2026-09-01
PED0003771,530,PR0016,2,2026-07-18
PED0003772,419,PR0098,3,2026-07-01
PED0003773,862,PR0106,4,2026-07-09
PED0003774,617,PR0087,2,2026-07-02
PED0003775,618,PR0063,5,2026-06-30
PED0003776,706,PR0114,6,2026-07-05
PED0003777,107,PR0043,1,2026-08-10
PED0003778,393,PR0052,1,2026-06-02
PED0003779,417,PR0002,6,2026-07-09
PED0003780,5,PR0085,0,2026-06-18
PED0003781,256,PR0012,6,2026-08-08
PED0003782,694,PR0080,5,2026-09-13
PED0003783,836,PR0094,5,2026-08-22
PED0003784,779,PR0027,1,2026-06-27
PED0003785,553,PR0074,4,2026-07-24
PED0003786,621,PR0037,3,2026-06-03
PED0003787,746,PR0048,6,2026-07-14
PED0003788,540,PR0064,1,2026-06-30
PED0003789,921,PR0030,1,2026-07-23
PED0003790,760,PR0096,4,2026-07-13
PED0003791,820,PR0048,6,2026-08-11
PED0003792,686,PR0056,6,2026-07-28
PED0003793,451,PR0098,4,2026-09-07
PED0003794,883,PR0028,3,2026-06-08
PED0003795,509,PR0055,2,2026-09-08
PED0003796,412,PR0120,6,2026-08-22
PED0003797,161,PR0048,2,2026-08-14
PED0003798,172,PR0014,1,2026-08-26
PED0003799,771,PR0035,4,2026-06-06
PED0003800,850,PR0115,3,2026-06-23
PED0003801,1000,PR0092,3,2026-06-01
PED0003802,322,PR0098,6,2026-08-23
PED0003803,401,PR0031,2,2026-07-08
PED0003804,771,PR0101,6,2026-07-08
PED0003805,708,PR0048,2,2026-08-04
PED0003806,236,PR0096,2,2026-07-15
PED0003807,930,PR0106,1,2026-08-06
PED0003808,52,PR0025,5,2026-09-07
PED0003809,545,PR0113,6,2026-07-05
PED0003810,362,PR0076,6,2026-09-02
PED0003811,784,PR0088,2,2026-07-26
PED0003812,436,PR0091,5,2026-07-10
PED0003813,545,PR0021,1,2026-09-05
PED0003814,999999,PR0090,4,2026-07-22
PED0003815,465,PR0026,5,2026-06-14
PED0003816,42,PR0033,1,2026-07-01
PED0003817,824,PR0014,1,2026-08-28
PED0003818,274,PR0022,1,2026-07-25
PED0003819,948,PR0118,5,2026-07-29
PED0003820,817,PR0040,4,2026-08-11
PED0003821,213,PR0047,1,2026-06-21
PED0003822,229,PR0058,4,2026-06-10
PED0003823,999999,PR0086,5,2026-07-17
PED0003824,902,PR0069,2,2026-09-05
PED0003825,462,PR0065,4,2026-06-14
PED0003826,74,PR0101,2,2026-08-15
PED0003827,979,PR0060,2,2026-09-11
PED0003828,827,PR0093,3,2026-06-11
PED0003829,175,PR0110,3,2026-06-14
PED0003830,999999,PR0082,3,2026-08-31
PED0003831,999999,PR0005,2,2026-06-12
PED0003832,754,PR0032,3,2026-08-18
PED0003833,48,PR0075,4,2026-08-23
PED0003834,202,PR0058,3,2026-07-03
PED0003835,484,PR0035,4,2026-07-01
PED0003836,31,PR0041,1,2026-07-25
PED0003837,844,PR0010,1,2026-07-24
PED0003838,109,PR0029,6,2026-08-30
PED0003839,770,PR0094,3,2026-08-02
PED0003840,296,PR0002,4,2026-09-10
PED0003841,236,PR0101,5,2026-06-26
PED0003842,180,PR0041,1,2026-06-30
PED0003843,754,PR0097,0,2026-06-26
PED0003844,553,PR0031,3,2026-08-08
PED0003845,324,PR0100,6,2026-06-04
PED0003846,181,PR0069,3,2026-08-30
PED0003847,18,PR_INEXISTENTE,3,2026-08-21
PED0003848,629,PR0008,4,2026-09-12
PED0003849,725,PR0096,2,2026-09-09
PED0003850,936,PR0033,4,2026-06-08
PED0003851,693,PR0044,6,2026-08-18
PED0003852,122,PR0006,4,2026-07-23
PED0003853,126,PR0115,1,2026-08-17
PED0003854,708,PR0077,5,2026-08-31
PED0003855,140,PR0118,1,2026-08-01
PED0003856,960,PR0069,1,2026-06-01
PED0003857,739,PR0019,2,2026-08-30
PED0003858,830,PR0041,2,2026-07-16
PED0003859,371,PR0053,1,2026-07-19
PED0003860,836,PR0018,1,2026-08-01
PED0003861,191,PR0112,5,2026-09-04
PED0003862,30,PR0115,3,2026-07-26
PED0003863,983,PR0068,2,2026-06-22
PED0003864,996,PR0071,3,2026-08-16
PED0003865,165,PR0085,-1,2026-08-06
PED0003866,108,PR0082,5,2026-06-07
PED0003867,846,PR0008,2,2026-07-26
PED0003868,858,PR0064,2,2026-08-22
PED0003869,42,PR0094,6,2026-09-01
PED0003870,396,PR0097,4,2026-06-30
PED0003871,577,PR0072,6,2026-07-25
PED0003872,281,PR0108,2,2026-08-26
PED0003873,936,PR0071,1,2026-08-01
PED0003874,979,PR0046,3,2026-07-15
PED0003875,393,PR0054,2,2026-06-20
PED0003876,202,PR_INEXISTENTE,5,2026-06-05
PED0003877,667,PR0107,5,2026-08-12
PED0003878,698,PR0028,1,2026-09-10
PED0003879,514,PR0036,4,2026-08-03
PED0003880,956,PR0079,3,2026-08-21
PED0003881,453,PR0092,4,2026-08-11
PED0003882,300,PR0048,3,2026-07-07
PED0003883,983,PR0078,4,2026-07-25
PED0003884,353,PR0001,5,2026-06-29
PED0003885,70,PR0036,2,2026-06-24
PED0003886,621,PR0115,2,2026-08-01
PED0003887,300,PR0070,5,2026-08-07
PED0003888,557,PR0105,6,2026-09-12
PED0003889,451,PR0027,3,2026-06-25
PED0003890,856,PR0035,6,2026-07-01
PED0003891,407,PR0117,2,2026-06-18
PED0003892,586,PR0120,5,2026-09-08
PED0003893,331,PR0106,6,2026-08-22
PED0003894,882,PR0039,2,2026-07-05
PED0003895,830,PR0097,1,2026-09-10
PED0003896,820,PR0056,4,2026-08-13
PED0003897,679,PR0102,6,2026-07-21
PED0003898,294,PR0103,1,2026-07-11
PED0003899,532,PR0053,4,2026-07-30
PED0003900,925,PR0037,6,2026-06-09
PED0003901,725,PR0117,1,2026-06-19
PED0003902,127,PR0055,4,2026-09-07
PED0003903,805,PR0052,0,2026-06-22
PED0003904,537,PR0080,2,2026-06-18
PED0003905,876,PR0113,3,2026-08-30
PED0003906,976,PR0016,2,2026-09-08
PED0003907,70,PR0119,1,2026-08-25
PED0003908,999999,PR0051,5,2026-06-11
PED0003909,106,PR0004,2,2026-08-28
PED0003910,5,PR0038,6,2026-06-29
PED0003911,994,PR0056,2,2026-06-02
PED0003912,996,PR0082,4,2026-09-05
PED0003913,447,PR0068,5,2026-06-29
PED0003914,847,PR0017,3,2026-08-09
PED0003915,353,PR0059,3,2026-06-08
PED0003916,253,PR0028,5,2026-06-20
PED0003917,627,PR0033,1,2026-09-01
PED0003918,526,PR0086,5,2026-08-02
PED0003919,922,PR0097,5,2026-09-13
PED0003920,769,PR0019,5,2026-06-19
PED0003921,441,PR0073,3,2026-09-02
PED0003922,740,PR0051,3,2026-08-31
PED0003923,570,PR0041,4,2026-09-06
PED0003924,624,PR0086,4,2026-06-06
PED0003925,71,PR0030,6,2026-06-11
PED0003926,999999,PR0092,6,2026-07-26
PED0003927,708,PR0049,1,2026-06-13
PED0003928,181,PR0012,1,2026-06-07
PED0003929,526,PR0096,6,2026-08-25
PED0003930,185,PR0103,3,2026-08-12
PED0003931,96,PR0068,4,2026-08-28
PED0003932,281,PR0087,1,2026-09-07
PED0003933,896,PR0018,1,2026-06-15
PED0003934,423,PR0041,3,2026-08-27
PED0003935,281,PR0042,5,2026-06-05
PED0003936,960,PR0092,5,2026-07-10
PED0003937,121,PR0043,6,2026-07-02
PED0003938,366,PR0088,2,2026-06-25
PED0003939,904,PR0037,2,2026-08-15
PED0003940,423,PR0073,4,2026-06-13
PED0003941,792,PR0026,4,2026-08-24
PED0003942,421,PR0068,1,2026-08-31
PED0003943,625,PR0010,3,2026-08-09
PED0003944,353,PR0089,6,2026-06-09
PED0003945,807,PR0004,1,2026-08-02
PED0003946,366,PR0120,5,2026-08-06
PED0003947,860,PR0101,3,2026-07-10
PED0003948,994,PR0070,4,2026-07-09
PED0003949,641,PR0110,4,2026-07-20
PED0003950,532,PR0098,5,2026-09-13
PED0003951,30,PR0018,4,2026-06-01
PED0003952,738,PR0090,1,2026-07-24
PED0003953,42,PR0046,2,2026-07-04
PED0003954,878,PR0103,6,2026-07-28
PED0003955,173,PR0104,1,2026-06-01
PED0003956,792,PR0115,5,2026-09-05
PED0003957,382,PR0055,4,2026-07-18
PED0003958,746,PR0024,1,2026-09-10
PED0003959,902,PR0016,1,2026-06-17
PED0003960,175,PR0020,6,2026-08-01
PED0003961,36,PR0120,1,2026-08-11
PED0003962,779,PR0071,1,2026-08-23
PED0003963,930,PR0043,1,2026-06-01
PED0003964,979,PR0054,4,2026-08-06
PED0003965,706,PR0021,6,2026-06-16
PED0003966,322,PR0069,2,2026-07-15
PED0003967,99,PR0052,5,2026-06-06
PED0003968,986,PR0096,5,2026-06-07
PED0003969,620,PR0003,2,2026-08-20
PED0003970,417,PR0112,1,2026-08-15
PED0003971,520,PR0008,3,2026-09-03
PED0003972,806,PR0051,1,2026-08-13
PED0003973,694,PR0041,1,2026-08-02
PED0003974,349,PR0087,3,2026-06-13
PED0003975,751,PR0079,5,2026-08-20
PED0003976,635,PR0024,6,2026-06-25
PED0003977,537,PR0059,4,2026-06-12
PED0003978,820,PR0065,2,2026-08-16
PED0003979,860,PR0056,2,2026-08-01
PED0003980,617,PR0003,4,2026-06-16
PED0003981,855,PR0022,2,2026-07-28
PED0003982,126,PR0061,4,2026-08-12
PED0003983,817,PR0032,5,2026-07-23
PED0003984,393,PR0066,6,2026-08-15
PED0003985,811,PR0020,1,2026-07-23
PED0003986,617,PR0089,2,2026-07-08
PED0003987,620,PR0023,2,2026-06-24
PED0003988,143,PR0078,4,2026-06-28
PED0003989,776,PR0101,2,2026-08-24
PED0003990,70,PR0044,6,2026-07-10
PED0003991,440,PR0017,6,2026-08-15
PED0003992,484,PR0001,2,2026-07-08
PED0003993,906,PR0044,3,2026-07-26
PED0003994,746,PR0014,3,2026-08-03
PED0003995,750,PR0106,1,2026-07-21
PED0003996,983,PR0117,6,2026-08-18
PED0003997,515,PR0118,5,2026-09-06
PED0003998,449,PR0111,2,2026-08-30
PED0003999,807,PR0071,4,2026-09-05
PED0004000,999999,PR0040,3,2026-06-04
PED0004001,530,PR0054,2,2026-08-19
PED0004002,82,PR0032,2,2026-08-16
PED0004003,334,PR0101,1,2026-07-14
PED0004004,377,PR0053,5,2026-07-03
PED0004005,477,PR0047,4,2026-06-06
PED0004006,222,PR0083,6,2026-08-28
PED0004007,372,PR0045,1,2026-08-28
PED0004008,503,PR0043,4,2026-06-08
PED0004009,588,PR0028,4,2026-08-01
PED0004010,371,PR0009,4,2026-07-28
PED0004011,949,PR0005,6,2026-06-19
PED0004012,570,PR0049,3,2026-07-28
PED0004013,509,PR0120,1,2026-08-25
PED0004014,932,PR0032,1,2026-07-05
PED0004015,824,PR0077,3,2026-08-16
PED0004016,795,PR0039,2,2026-09-10
PED0004017,511,PR0037,1,2026-07-18
PED0004018,436,PR0020,1,2026-06-12
PED0004019,372,PR0068,2,2026-07-02
PED0004020,419,PR0080,1,2026-06-15
PED0004021,899,PR0043,3,2026-07-08
PED0004022,227,PR0064,4,2026-08-07
PED0004023,225,PR0058,2,2026-06-22
PED0004024,401,PR0033,1,2026-07-25
PED0004025,586,PR0084,4,2026-09-13
PED0004026,435,PR0067,1,2026-06-28
PED0004027,650,PR0008,5,2026-09-01
PED0004028,668,PR0060,3,2026-07-02
PED0004029,453,PR0047,3,2026-08-04
PED0004030,248,PR0096,2,2026-06-17
PED0004031,52,PR0037,2,2026-06-29
PED0004032,781,PR0115,1,2026-08-31
PED0004033,561,PR0074,4,2026-08-01
PED0004034,627,PR0016,1,2026-07-30
PED0004035,406,PR0049,5,2026-07-24
PED0004036,786,PR0107,2,2026-06-26
PED0004037,324,PR0031,4,2026-09-06
PED0004038,393,PR0085,4,2026-07-12
PED0004039,96,PR0095,4,2026-06-02
PED0004040,426,PR0084,5,2026-09-04
PED0004041,856,PR0011,4,2026-06-05
PED0004042,626,PR0045,6,2026-09-02
PED0004043,839,PR0042,2,2026-06-28
PED0004044,597,PR0042,5,2026-06-08
PED0004045,650,PR0106,3,2026-06-24
PED0004046,740,PR0001,4,2026-08-08
PED0004047,393,PR0065,3,2026-07-28
PED0004048,520,PR0118,6,2026-06-17
PED0004049,650,PR0106,2,2026-07-02
PED0004050,863,PR0073,4,2026-06-23
PED0004051,626,PR0120,0,2026-08-08
PED0004052,197,PR0049,4,2026-08-30
PED0004053,8,PR0074,1,2026-06-27
PED0004054,7,PR0066,3,2026-09-02
PED0004055,480,PR0006,1,2026-07-13
PED0004056,443,PR0005,2,2026-06-09
PED0004057,516,PR0108,3,2026-07-04
PED0004058,387,PR0021,2,2026-08-31
PED0004059,708,PR0043,3,2026-08-24
PED0004060,616,PR0075,1,2026-08-16
PED0004061,435,PR0070,5,2026-07-12
PED0004062,901,PR0062,5,2026-08-21
PED0004063,526,PR0118,3,2026-08-14
PED0004064,244,PR0095,1,2026-08-23
PED0004065,847,PR0114,1,2026-07-29
PED0004066,287,PR0080,5,2026-07-24
PED0004067,393,PR0118,6,2026-09-10
PED0004068,750,PR0073,6,2026-09-08
PED0004069,58,PR0066,3,2026-07-27
PED0004070,16,PR0098,3,2026-06-22
PED0004071,825,PR0105,1,2026-07-13
PED0004072,657,PR0009,1,2026-07-24
PED0004073,463,PR0110,5,2026-08-11
PED0004074,227,PR0083,3,2026-07-04
PED0004075,392,PR0108,3,2026-06-05
PED0004076,419,PR0086,3,2026-08-26
PED0004077,213,PR0112,2,2026-09-08
PED0004078,309,PR0034,6,2026-06-09
PED0004079,754,PR0023,5,2026-07-04
PED0004080,847,PR0024,5,2026-07-16
PED0004081,679,PR0031,3,2026-08-19
PED0004082,734,PR0026,5,2026-08-21
PED0004083,140,PR0053,3,2026-07-07
PED0004084,262,PR0024,4,2026-07-03
PED0004085,214,PR0019,1,2026-07-13
PED0004086,126,PR0063,5,2026-06-26
PED0004087,185,PR0096,1,2026-07-16
PED0004088,999999,PR0017,5,2026-06-28
PED0004089,906,PR0062,4,2026-06-07
PED0004090,463,PR0080,1,2026-08-14
PED0004091,694,PR_INEXISTENTE,4,2026-08-22
PED0004092,41,PR0013,2,2026-07-01
PED0004093,998,PR0089,3,2026-07-13
PED0004094,418,PR0004,1,2026-07-13
PED0004095,858,PR0029,5,2026-06-03
PED0004096,627,PR0039,4,2026-07-28
PED0004097,815,PR0103,3,2026-07-19
PED0004098,202,PR0024,6,2026-09-07
PED0004099,538,PR0094,4,2026-07-10
PED0004100,213,PR0119,4,2026-08-23
PED0004101,712,PR0116,1,2026-07-12
PED0004102,882,PR0037,4,2026-06-20
PED0004103,197,PR0012,5,2026-07-07
PED0004104,421,PR0027,6,2026-09-01
PED0004105,121,PR0093,4,2026-06-27
PED0004106,423,PR0024,2,2026-08-28
PED0004107,994,PR0078,5,2026-08-09
PED0004108,892,PR0045,1,2026-08-18
PED0004109,307,PR0093,2,2026-08-19
PED0004110,64,PR0073,6,2026-07-25
PED0004111,465,PR0071,5,2026-08-03
PED0004112,585,PR0094,6,2026-06-08
PED0004113,739,PR0115,3,2026-08-13
PED0004114,345,PR0044,5,2026-08-14
PED0004115,99,PR0064,5,2026-06-11
PED0004116,194,PR0076,2,2026-07-25
PED0004117,597,PR0099,6,2026-07-24
PED0004118,809,PR0058,6,2026-07-03
PED0004119,646,PR0045,1,2026-06-07
PED0004120,736,PR0102,5,2026-06-02
PED0004121,817,PR0115,0,2026-06-22
PED0004122,324,PR0069,5,2026-06-25
PED0004123,485,PR0013,4,2026-06-23
PED0004124,909,PR0035,2,2026-08-03
PED0004125,516,PR0056,1,2026-07-15
PED0004126,809,PR0085,4,2026-06-12
PED0004127,601,PR0081,6,2026-06-09
PED0004128,449,PR0099,5,2026-08-08
PED0004129,426,PR0004,2,2026-09-07
PED0004130,546,PR0056,6,2026-08-26
PED0004131,412,PR0085,3,2026-08-19
PED0004132,500,PR0119,4,2026-07-04
PED0004133,341,PR0018,2,2026-08-13
PED0004134,650,PR0106,4,2026-06-09
PED0004135,931,PR0001,4,2026-06-18
PED0004136,700,PR0024,5,2026-06-15
PED0004137,820,PR0102,3,2026-06-20
PED0004138,760,PR0095,4,2026-07-08
PED0004139,326,PR0117,4,2026-06-05
PED0004140,854,PR0073,3,2026-08-25
PED0004141,630,PR0074,4,2026-08-15
PED0004142,996,PR0065,1,2026-08-06
PED0004143,901,PR0062,6,2026-06-19
PED0004144,58,PR0062,1,2026-08-31
PED0004145,212,PR0036,6,2026-06-01
PED0004146,856,PR0103,5,2026-09-13
PED0004147,805,PR0043,6,2026-08-16
PED0004148,197,PR0074,1,2026-06-22
PED0004149,979,PR0081,2,2026-06-21
PED0004150,515,PR0065,1,2026-08-12
PED0004151,849,PR0074,3,2026-08-24
PED0004152,813,PR0006,6,2026-07-19
PED0004153,71,PR0038,5,2026-06-07
PED0004154,314,PR0054,5,2026-07-22
PED0004155,451,PR0048,6,2026-07-21
PED0004156,467,PR0109,1,2026-07-05
PED0004157,70,PR0108,5,2026-09-03
PED0004158,668,PR0086,2,2026-07-06
PED0004159,122,PR0043,5,2026-06-26
PED0004160,965,PR0007,5,2026-08-11
PED0004161,976,PR0091,5,2026-08-04
PED0004162,687,PR0107,3,2026-08-05
PED0004163,736,PR0059,4,2026-07-23
PED0004164,618,PR0100,3,2026-07-04
PED0004165,994,PR0112,4,2026-06-28
PED0004166,563,PR0066,3,2026-06-13
PED0004167,763,PR0026,3,2026-06-20
PED0004168,977,PR0003,2,2026-07-31
PED0004169,121,PR0091,3,2026-07-13
PED0004170,401,PR0068,5,2026-08-17
PED0004171,920,PR0019,6,2026-08-24
PED0004172,730,PR0007,1,2026-07-29
PED0004173,418,PR0117,2,2026-06-11
PED0004174,173,PR0039,4,2026-06-01
PED0004175,920,PR0040,5,2026-06-24
PED0004176,545,PR0076,2,2026-06-30
PED0004177,457,PR0044,2,2026-06-08
PED0004178,968,PR0110,1,2026-08-21
PED0004179,485,PR0082,1,2026-07-09
PED0004180,646,PR0043,1,2026-08-17
PED0004181,248,PR0032,5,2026-06-22
PED0004182,502,PR0104,6,2026-06-02
PED0004183,588,PR0072,3,2026-06-15
PED0004184,858,PR0111,2,2026-07-20
PED0004185,779,PR0042,6,2026-07-21
PED0004186,793,PR0003,2,2026-07-16
PED0004187,815,PR0108,1,2026-09-09
PED0004188,919,PR0029,1,2026-08-08
PED0004189,609,PR0102,3,2026-08-16
PED0004190,646,PR0086,5,2026-06-14
PED0004191,106,PR0028,3,2026-07-19
PED0004192,904,PR0091,3,2026-08-05
PED0004193,2,PR0010,3,2026-08-01
PED0004194,494,PR0048,6,2026-09-08
PED0004195,434,PR0043,5,2026-07-20
PED0004196,989,PR0079,4,2026-07-10
PED0004197,195,PR0065,3,2026-09-08
PED0004198,694,PR0074,4,2026-07-06
PED0004199,64,PR0058,6,2026-07-30
PED0004200,446,PR0089,4,2026-06-03
PED0004201,739,PR0020,5,2026-06-18
PED0004202,407,PR0087,1,2026-06-07
PED0004203,975,PR0007,6,2026-07-14
PED0004204,412,PR0011,6,2026-09-06
PED0004205,463,PR0087,5,2026-06-08
PED0004206,882,PR0019,6,2026-09-11
PED0004207,418,PR0093,4,2026-08-31
PED0004208,418,PR0016,2,2026-06-01
PED0004209,185,PR0018,4,2026-06-02
PED0004210,216,PR0112,4,2026-09-03
PED0004211,536,PR0022,1,2026-08-01
PED0004212,423,PR0110,2,2026-06-19
PED0004213,31,PR0042,2,2026-09-09
PED0004214,307,PR0096,4,2026-07-29
PED0004215,122,PR0113,1,2026-08-06
PED0004216,526,PR0015,5,2026-08-11
PED0004217,19,PR0040,1,2026-06-22
PED0004218,771,PR0069,6,2026-07-08
PED0004219,792,PR0104,5,2026-06-14
PED0004220,765,PR0023,3,2026-07-26
PED0004221,93,PR0023,3,2026-09-12
PED0004222,706,PR0045,5,2026-08-05
PED0004223,372,PR0025,1,2026-08-12
PED0004224,434,PR0033,5,2026-06-21
PED0004225,392,PR0016,4,2026-07-27
PED0004226,613,PR0100,2,2026-09-13
PED0004227,989,PR0096,6,2026-06-10
PED0004228,185,PR0018,4,2026-06-22
PED0004229,936,PR0065,1,2026-08-15
PED0004230,849,PR0078,4,2026-06-02
PED0004231,630,PR0076,3,2026-06-22
PED0004232,202,PR0119,5,2026-09-08
PED0004233,735,PR0077,3,2026-06-03
PED0004234,862,PR0083,6,2026-07-16
PED0004235,699,PR0004,6,2026-07-05
PED0004236,106,PR0010,1,2026-07-12
PED0004237,463,PR0075,3,2026-06-28
PED0004238,177,PR0109,2,2026-06-29
PED0004239,278,PR0048,3,2026-08-19
PED0004240,862,PR0078,1,2026-06-03
PED0004241,697,PR0026,4,2026-06-14
PED0004242,309,PR0055,1,2026-06-28
PED0004243,847,PR0091,4,2026-08-26
PED0004244,537,PR0080,3,2026-07-12
PED0004245,684,PR0014,6,2026-06-04
PED0004246,942,PR0106,6,2026-07-25
PED0004247,956,PR0112,4,2026-08-05
PED0004248,291,PR0058,3,2026-07-19
PED0004249,287,PR0041,5,2026-06-10
PED0004250,845,PR0064,5,2026-09-01
PED0004251,977,PR0097,1,2026-08-30
PED0004252,863,PR0055,3,2026-09-04
PED0004253,571,PR0004,6,2026-09-10
PED0004254,813,PR0009,2,2026-07-04
PED0004255,128,PR0098,1,2026-07-15
PED0004256,265,PR0095,6,2026-09-09
PED0004257,765,PR0093,6,2026-07-18
PED0004258,248,PR0016,4,2026-08-30
PED0004259,178,PR0021,4,2026-08-08
PED0004260,463,PR0048,3,2026-09-06
PED0004261,398,PR0028,3,2026-06-02
PED0004262,301,PR0047,6,2026-08-14
PED0004263,962,PR0068,6,2026-08-24
PED0004264,519,PR0034,3,2026-06-21
PED0004265,322,PR0015,2,2026-08-17
PED0004266,586,PR0049,2,2026-06-21
PED0004267,177,PR0087,1,2026-09-04
PED0004268,52,PR0075,3,2026-09-04
PED0004269,762,PR0039,4,2026-06-01
PED0004270,70,PR0038,5,2026-07-24
PED0004271,405,PR0071,5,2026-07-11
PED0004272,572,PR0021,3,2026-09-02
PED0004273,792,PR0101,2,2026-07-04
PED0004274,583,PR0105,6,2026-08-15
PED0004275,712,PR0004,5,2026-06-13
PED0004276,526,PR_INEXISTENTE,4,2026-06-23
PED0004277,983,PR0003,1,2026-09-12
PED0004278,334,PR0056,3,2026-07-11
PED0004279,699,PR0081,4,2026-08-20
PED0004280,566,PR0040,6,2026-09-10
PED0004281,919,PR0025,4,2026-09-10
PED0004282,850,PR0006,3,2026-06-03
PED0004283,770,PR0088,3,2026-06-25
PED0004284,627,PR0005,3,2026-08-15
PED0004285,925,PR0059,1,2026-09-06
PED0004286,1000,PR0048,1,2026-09-11
PED0004287,180,PR0117,5,2026-08-15
PED0004288,519,PR0112,3,2026-06-11
PED0004289,765,PR0099,6,2026-08-17
PED0004290,436,PR0088,3,2026-06-29
PED0004291,306,PR0066,6,2026-08-24
PED0004292,618,PR0042,2,2026-07-28
PED0004293,798,PR0020,2,2026-06-20
PED0004294,794,PR0117,4,2026-08-28
PED0004295,71,PR0047,5,2026-09-12
PED0004296,500,PR0052,1,2026-07-24
PED0004297,625,PR0017,-1,2026-08-25
PED0004298,74,PR0034,2,2026-06-07
PED0004299,407,PR0077,5,2026-06-29
PED0004300,334,PR0052,4,2026-06-14
PED0004301,182,PR0071,4,2026-06-30
PED0004302,937,PR0026,2,2026-07-10
PED0004303,195,PR0010,2,2026-07-16
PED0004304,376,PR0107,4,2026-07-04
PED0004305,847,PR0052,3,2026-07-28
PED0004306,962,PR0044,5,2026-06-24
PED0004307,931,PR0035,1,2026-07-07
PED0004308,464,PR0079,2,2026-08-28
PED0004309,214,PR0068,1,2026-07-30
PED0004310,965,PR0047,1,2026-06-03
PED0004311,878,PR0112,2,2026-07-05
PED0004312,652,PR0109,3,2026-08-27
PED0004313,684,PR0024,1,2026-06-19
PED0004314,990,PR0078,1,2026-09-05
PED0004315,182,PR0117,6,2026-07-02
PED0004316,809,PR0059,4,2026-08-06
PED0004317,494,PR0004,5,2026-07-20
PED0004318,985,PR0016,5,2026-08-05
PED0004319,213,PR0081,1,2026-08-23
PED0004320,96,PR0109,4,2026-06-16
PED0004321,863,PR0016,6,2026-07-07
PED0004322,570,PR0066,3,2026-07-30
PED0004323,341,PR0060,6,2026-06-28
PED0004324,96,PR0035,6,2026-07-10
PED0004325,100,PR0076,4,2026-09-02
PED0004326,256,PR0106,1,2026-06-25
PED0004327,309,PR0029,4,2026-06-20
PED0004328,572,PR0007,6,2026-08-01
PED0004329,530,PR0044,4,2026-06-11
PED0004330,968,PR0038,5,2026-06-01
PED0004331,980,PR0088,4,2026-08-31
PED0004332,627,PR_INEXISTENTE,3,2026-06-30
PED0004333,976,PR0003,6,2026-06-13
PED0004334,921,PR0041,1,2026-08-08
PED0004335,161,PR0089,3,2026-07-21
PED0004336,485,PR0058,1,2026-07-18
PED0004337,577,PR0068,4,2026-07-17
PED0004338,294,PR0032,6,2026-06-16
PED0004339,172,PR0039,6,2026-08-30
PED0004340,190,PR0016,2,2026-06-01
PED0004341,307,PR0010,5,2026-07-21
PED0004342,462,PR0005,6,2026-06-29
PED0004343,601,PR0075,6,2026-08-07
PED0004344,902,PR0019,0,2026-07-28
PED0004345,922,PR0069,2,2026-07-11
PED0004346,415,PR0115,3,2026-07-27
PED0004347,516,PR0084,5,2026-06-24
PED0004348,395,PR0070,4,2026-06-14
PED0004349,776,PR0015,3,2026-09-04
PED0004350,635,PR0059,2,2026-08-04
PED0004351,638,PR0107,4,2026-08-08
PED0004352,467,PR0047,3,2026-09-13
PED0004353,77,PR0100,3,2026-09-03
PED0004354,480,PR0086,6,2026-08-01
PED0004355,920,PR0033,1,2026-08-23
PED0004356,167,PR0017,2,2026-07-26
PED0004357,555,PR0003,6,2026-06-25
PED0004358,697,PR0034,6,2026-08-05
PED0004359,465,PR0040,2,2026-09-04
PED0004360,693,PR0079,6,2026-09-01
PED0004361,74,PR0069,2,2026-07-24
PED0004362,263,PR0058,1,2026-09-08
PED0004363,667,PR0087,2,2026-06-21
PED0004364,855,PR0093,4,2026-06-05
PED0004365,805,PR0086,1,2026-07-13
PED0004366,998,PR0108,2,2026-06-22
PED0004367,2,PR0044,5,2026-09-09
PED0004368,77,PR0099,4,2026-06-13
PED0004369,191,PR0051,4,2026-07-27
PED0004370,318,PR_INEXISTENTE,6,2026-08-21
PED0004371,566,PR0018,0,2026-06-12
PED0004372,270,PR0011,6,2026-06-05
PED0004373,762,PR0115,3,2026-07-29
PED0004374,436,PR0021,6,2026-09-03
PED0004375,962,PR0101,5,2026-06-02
PED0004376,407,PR0095,2,2026-06-03
PED0004377,909,PR0053,2,2026-09-06
PED0004378,254,PR0110,4,2026-08-03
PED0004379,42,PR0109,4,2026-08-13
PED0004380,813,PR0112,-1,2026-06-29
PED0004381,979,PR0060,2,2026-07-03
PED0004382,930,PR0036,6,2026-07-20
PED0004383,635,PR0006,5,2026-06-23
PED0004384,679,PR0101,2,2026-07-17
PED0004385,341,PR0105,0,2026-09-09
PED0004386,931,PR0065,1,2026-08-18
PED0004387,776,PR0009,3,2026-08-31
PED0004388,61,PR0099,1,2026-07-23
PED0004389,43,PR0036,4,2026-08-22
PED0004390,261,PR0066,2,2026-07-15
PED0004391,175,PR0080,2,2026-08-04
PED0004392,693,PR0018,2,2026-08-16
PED0004393,181,PR0008,2,2026-08-26
PED0004394,287,PR0010,1,2026-09-06
PED0004395,827,PR0116,4,2026-06-12
PED0004396,532,PR0115,6,2026-08-23
PED0004397,941,PR0052,2,2026-08-14
PED0004398,37,PR0052,5,2026-08-17
PED0004399,262,PR0049,4,2026-06-02
PED0004400,630,PR0043,2,2026-07-22
PED0004401,515,PR0066,1,2026-09-09
PED0004402,369,PR0043,5,2026-09-03
PED0004403,878,PR0074,1,2026-06-25
PED0004404,296,PR_INEXISTENTE,3,2026-07-22
PED0004405,845,PR0076,1,2026-08-30
PED0004406,693,PR0114,5,2026-09-06
PED0004407,664,PR0025,6,2026-07-05
PED0004408,530,PR0008,2,2026-08-24
PED0004409,227,PR0064,2,2026-08-27
PED0004410,841,PR0015,4,2026-06-16
PED0004411,324,PR0028,4,2026-06-04
PED0004412,762,PR0095,3,2026-06-05
PED0004413,108,PR0051,3,2026-06-16
PED0004414,618,PR0066,2,2026-08-17
PED0004415,806,PR0094,2,2026-07-11
PED0004416,106,PR0016,4,2026-08-12
PED0004417,453,PR0058,5,2026-06-10
PED0004418,180,PR0005,5,2026-08-03
PED0004419,698,PR0060,4,2026-08-18
PED0004420,735,PR0027,5,2026-09-11
PED0004421,99,PR0110,4,2026-07-04
PED0004422,636,PR0032,3,2026-07-28
PED0004423,754,PR0025,3,2026-07-21
PED0004424,537,PR0002,4,2026-07-07
PED0004425,769,PR0016,2,2026-08-07
PED0004426,887,PR0026,5,2026-07-30
PED0004427,128,PR0028,2,2026-08-27
PED0004428,561,PR0089,1,2026-06-03
PED0004429,931,PR0107,3,2026-06-24
PED0004430,69,PR0103,1,2026-07-31
PED0004431,500,PR0115,2,2026-07-31
PED0004432,976,PR0108,3,2026-09-03
PED0004433,706,PR0055,1,2026-08-10
PED0004434,393,PR0047,2,2026-06-01
PED0004435,306,PR0078,4,2026-07-22
PED0004436,895,PR0039,3,2026-08-28
PED0004437,5,PR0073,6,2026-08-31
PED0004438,109,PR0120,1,2026-08-24
PED0004439,322,PR0024,5,2026-07-21
PED0004440,494,PR0093,4,2026-06-12
PED0004441,613,PR0113,4,2026-06-23
PED0004442,69,PR0065,5,2026-08-28
PED0004443,295,PR0043,1,2026-07-06
PED0004444,6,PR0031,5,2026-08-20
PED0004445,536,PR0021,2,2026-06-04
PED0004446,173,PR0039,4,2026-07-22
PED0004447,817,PR0090,2,2026-09-08
PED0004448,349,PR0062,3,2026-06-26
PED0004449,760,PR0027,5,2026-06-04
PED0004450,25,PR0066,6,2026-07-01
PED0004451,127,PR0098,6,2026-06-07
PED0004452,350,PR0002,5,2026-08-04
PED0004453,371,PR0003,4,2026-06-21
PED0004454,494,PR0116,4,2026-06-26
PED0004455,180,PR0090,6,2026-08-01
PED0004456,849,PR0070,2,2026-07-05
PED0004457,287,PR0109,6,2026-08-08
PED0004458,820,PR0071,4,2026-09-06
PED0004459,414,PR0063,4,2026-09-06
PED0004460,419,PR0026,4,2026-08-16
PED0004461,91,PR0098,5,2026-09-10
PED0004462,508,PR0092,5,2026-08-17
PED0004463,357,PR0036,1,2026-06-08
PED0004464,107,PR0089,5,2026-09-09
PED0004465,167,PR0088,5,2026-07-30
PED0004466,126,PR0012,6,2026-06-01
PED0004467,500,PR0020,6,2026-08-05
PED0004468,736,PR0072,6,2026-06-26
PED0004469,566,PR0075,1,2026-07-27
PED0004470,739,PR0079,4,2026-08-09
PED0004471,42,PR0045,6,2026-06-03
PED0004472,698,PR0101,6,2026-07-17
PED0004473,760,PR0054,4,2026-06-06
PED0004474,415,PR0025,6,2026-06-12
PED0004475,883,PR0014,6,2026-06-23
PED0004476,371,PR0106,1,2026-08-22
PED0004477,345,PR0085,6,2026-07-14
PED0004478,627,PR0056,4,2026-06-05
PED0004479,99,PR0026,4,2026-08-18
PED0004480,419,PR0012,2,2026-07-28
PED0004481,762,PR0019,6,2026-06-15
PED0004482,109,PR0013,2,2026-07-30
PED0004483,2,PR0064,3,2026-06-27
PED0004484,500,PR0024,2,2026-08-06
PED0004485,173,PR0016,6,2026-09-08
PED0004486,526,PR0034,3,2026-07-04
PED0004487,222,PR0084,1,2026-08-18
PED0004488,878,PR0060,1,2026-06-03
PED0004489,143,PR0019,6,2026-07-13
PED0004490,231,PR0090,2,2026-09-02
PED0004491,281,PR0059,5,2026-06-08
PED0004492,256,PR0023,1,2026-09-06
PED0004493,698,PR0083,6,2026-06-10
PED0004494,96,PR0120,4,2026-07-21
PED0004495,462,PR0065,2,2026-06-20
PED0004496,536,PR0020,6,2026-06-03
PED0004497,769,PR0038,2,2026-07-07
PED0004498,548,PR0072,6,2026-07-31
PED0004499,436,PR0120,4,2026-08-15
PED0004500,537,PR0112,3,2026-07-04
PED0004501,668,PR0112,1,2026-07-22
PED0004502,962,PR0100,2,2026-06-20
PED0004503,349,PR0069,1,2026-08-16
PED0004504,7,PR0078,6,2026-06-18
PED0004505,417,PR0089,1,2026-08-30
PED0004506,392,PR0086,1,2026-06-19
PED0004507,817,PR0077,1,2026-08-09
PED0004508,863,PR_INEXISTENTE,6,2026-07-05
PED0004509,825,PR0106,6,2026-09-13
PED0004510,341,PR0002,5,2026-06-30
PED0004511,895,PR0052,1,2026-09-08
PED0004512,278,PR0053,4,2026-08-27
PED0004513,668,PR0120,6,2026-07-20
PED0004514,197,PR0011,1,2026-07-23
PED0004515,895,PR0058,5,2026-07-08
PED0004516,426,PR0043,1,2026-07-15
PED0004517,767,PR0012,5,2026-07-19
PED0004518,845,PR0027,4,2026-06-16
PED0004519,40,PR0051,6,2026-07-04
PED0004520,537,PR0110,3,2026-08-31
PED0004521,856,PR0047,5,2026-09-11
PED0004522,901,PR0106,6,2026-06-06
PED0004523,334,PR0089,2,2026-08-16
PED0004524,631,PR0099,4,2026-06-26
PED0004525,267,PR0103,3,2026-08-08
PED0004526,127,PR0086,3,2026-08-05
PED0004527,536,PR0089,5,2026-09-01
PED0004528,91,PR0019,2,2026-08-13
PED0004529,882,PR0087,1,2026-08-26
PED0004530,750,PR0006,3,2026-08-24
PED0004531,222,PR0089,5,2026-08-07
PED0004532,664,PR0079,1,2026-07-14
PED0004533,668,PR0091,3,2026-07-06
PED0004534,620,PR0078,5,2026-07-07
PED0004535,750,PR0045,3,2026-07-08
PED0004536,1000,PR0045,4,2026-07-01
PED0004537,99,PR0072,4,2026-07-03
PED0004538,795,PR0057,5,2026-07-30
PED0004539,537,PR0041,6,2026-06-29
PED0004540,392,PR0059,3,2026-07-07
PED0004541,854,PR0065,3,2026-08-14
PED0004542,421,PR0029,2,2026-07-05
PED0004543,45,PR0077,3,2026-06-12
PED0004544,7,PR0038,6,2026-06-02
PED0004545,895,PR0033,4,2026-08-20
PED0004546,88,PR0051,5,2026-09-08
PED0004547,999999,PR0013,3,2026-08-11
PED0004548,982,PR0073,5,2026-06-07
PED0004549,999999,PR0089,5,2026-07-30
PED0004550,700,PR0115,4,2026-06-29
PED0004551,667,PR0035,6,2026-07-04
PED0004552,736,PR0065,6,2026-09-05
PED0004553,190,PR_INEXISTENTE,1,2026-08-26
PED0004554,936,PR0088,2,2026-08-17
PED0004555,383,PR0075,6,2026-07-23
PED0004556,712,PR0097,3,2026-07-31
PED0004557,616,PR0103,2,2026-09-05
PED0004558,300,PR0014,5,2026-08-09
PED0004559,769,PR0043,4,2026-07-31
PED0004560,371,PR0079,1,2026-06-11
PED0004561,883,PR0066,1,2026-09-13
PED0004562,287,PR0058,5,2026-08-24
PED0004563,494,PR0021,5,2026-07-09
PED0004564,236,PR0069,3,2026-06-27
PED0004565,798,PR0089,6,2026-09-10
PED0004566,294,PR0005,1,2026-09-09
PED0004567,839,PR0071,6,2026-07-15
PED0004568,636,PR0109,1,2026-06-25
PED0004569,778,PR0069,4,2026-08-23
PED0004570,952,PR0115,6,2026-08-05
PED0004571,396,PR0043,4,2026-09-03
PED0004572,922,PR0001,5,2026-07-28
PED0004573,231,PR_INEXISTENTE,3,2026-07-28
PED0004574,962,PR0026,2,2026-06-16
PED0004575,856,PR0002,2,2026-08-03
PED0004576,636,PR0022,1,2026-07-09
PED0004577,154,PR0113,2,2026-06-22
PED0004578,815,PR0094,2,2026-08-22
PED0004579,324,PR0034,5,2026-07-07
PED0004580,882,PR0072,2,2026-06-23
PED0004581,256,PR0041,1,2026-09-09
PED0004582,779,PR0022,5,2026-09-10
PED0004583,222,PR0119,4,2026-07-22
PED0004584,43,PR0098,2,2026-07-02
PED0004585,904,PR0044,5,2026-06-17
PED0004586,968,PR0043,2,2026-08-05
PED0004587,809,PR0098,5,2026-08-04
PED0004588,30,PR0056,1,2026-08-04
PED0004589,979,PR0046,4,2026-08-20
PED0004590,809,PR0047,4,2026-07-20
PED0004591,798,PR0054,3,2026-08-11
PED0004592,855,PR0063,5,2026-08-08
PED0004593,165,PR0005,3,2026-08-23
PED0004594,503,PR0058,4,2026-08-18
PED0004595,376,PR0053,2,2026-06-04
PED0004596,557,PR0033,4,2026-08-04
PED0004597,631,PR0043,5,2026-09-11
PED0004598,811,PR0051,6,2026-07-29
PED0004599,566,PR0044,3,2026-07-26
PED0004600,490,PR0110,3,2026-08-03
PED0004601,984,PR0064,3,2026-07-29
PED0004602,5,PR0061,6,2026-07-13
PED0004603,618,PR0032,6,2026-09-13
PED0004604,415,PR0110,4,2026-06-08
PED0004605,667,PR0003,5,2026-08-25
PED0004606,616,PR0067,1,2026-06-17
PED0004607,725,PR0021,5,2026-06-22
PED0004608,882,PR0093,5,2026-08-03
PED0004609,904,PR0046,5,2026-08-06
PED0004610,781,PR0036,4,2026-09-06
PED0004611,540,PR0007,-1,2026-07-01
PED0004612,586,PR0095,4,2026-06-03
PED0004613,222,PR0048,6,2026-06-27
PED0004614,58,PR0032,2,2026-07-28
PED0004615,641,PR0102,4,2026-07-08
PED0004616,641,PR0003,3,2026-06-27
PED0004617,74,PR0057,6,2026-09-04
PED0004618,479,PR0020,6,2026-07-29
PED0004619,16,PR0016,6,2026-08-10
PED0004620,440,PR0003,2,2026-08-18
PED0004621,231,PR0023,3,2026-07-13
PED0004622,215,PR0114,-1,2026-08-17
PED0004623,412,PR0054,6,2026-09-10
PED0004624,465,PR0120,2,2026-08-16
PED0004625,557,PR0033,4,2026-07-02
PED0004626,855,PR0092,3,2026-08-21
PED0004627,515,PR0011,6,2026-06-25
PED0004628,16,PR0013,5,2026-06-08
PED0004629,419,PR0002,5,2026-07-17
PED0004630,153,PR0108,4,2026-07-24
PED0004631,446,PR0081,1,2026-07-20
PED0004632,813,PR0090,-1,2026-06-28
PED0004633,976,PR0112,1,2026-06-29
PED0004634,844,PR0040,3,2026-09-05
PED0004635,35,PR0087,3,2026-07-01
PED0004636,827,PR0061,3,2026-08-22
PED0004637,180,PR0066,6,2026-06-28
PED0004638,648,PR0080,2,2026-06-12
PED0004639,236,PR0057,4,2026-06-07
PED0004640,334,PR0003,2,2026-06-26
PED0004641,500,PR0010,6,2026-08-28
PED0004642,353,PR0061,5,2026-07-18
PED0004643,502,PR0069,3,2026-08-12
PED0004644,140,PR0088,1,2026-09-10
PED0004645,58,PR0069,1,2026-06-06
PED0004646,892,PR0023,0,2026-06-12
PED0004647,334,PR0045,3,2026-09-05
PED0004648,263,PR0054,6,2026-07-30
PED0004649,274,PR0119,-1,2026-08-04
PED0004650,621,PR0064,4,2026-07-06
PED0004651,769,PR0077,3,2026-08-26
PED0004652,731,PR0089,1,2026-08-07
PED0004653,248,PR0044,4,2026-06-28
PED0004654,899,PR0116,5,2026-08-08
PED0004655,36,PR0081,6,2026-06-01
PED0004656,597,PR0102,4,2026-06-26
PED0004657,462,PR0090,2,2026-06-22
PED0004658,996,PR0075,6,2026-08-22
PED0004659,388,PR0004,2,2026-08-17
PED0004660,35,PR0071,5,2026-06-10
PED0004661,417,PR0016,6,2026-09-04
PED0004662,930,PR0073,1,2026-08-25
PED0004663,508,PR0085,6,2026-07-16
PED0004664,407,PR0066,2,2026-06-23
PED0004665,287,PR0038,3,2026-07-15
PED0004666,626,PR0008,2,2026-08-01
PED0004667,41,PR0081,1,2026-08-06
PED0004668,878,PR0084,5,2026-07-07
PED0004669,562,PR0058,3,2026-06-11
PED0004670,703,PR0086,4,2026-08-04
PED0004671,511,PR0094,3,2026-08-14
PED0004672,222,PR0062,5,2026-06-29
PED0004673,887,PR0006,6,2026-08-07
PED0004674,593,PR0105,4,2026-07-30
PED0004675,975,PR0057,1,2026-07-23
PED0004676,725,PR0081,2,2026-06-01
PED0004677,751,PR0110,3,2026-07-03
PED0004678,395,PR0044,1,2026-07-10
PED0004679,960,PR0075,2,2026-08-27
PED0004680,989,PR0003,2,2026-08-26
PED0004681,70,PR0107,6,2026-08-31
PED0004682,836,PR0008,3,2026-07-19
PED0004683,839,PR0065,6,2026-07-05
PED0004684,401,PR0043,4,2026-07-23
PED0004685,181,PR_INEXISTENTE,4,2026-08-23
PED0004686,809,PR0056,6,2026-08-05
PED0004687,58,PR0113,5,2026-08-03
PED0004688,700,PR0021,2,2026-07-16
PED0004689,805,PR0036,2,2026-08-13
PED0004690,451,PR0023,4,2026-08-31
PED0004691,624,PR0015,1,2026-08-10
PED0004692,693,PR0028,1,2026-07-13
PED0004693,422,PR0069,1,2026-08-28
PED0004694,451,PR_INEXISTENTE,5,2026-09-07
PED0004695,620,PR0083,3,2026-08-23
PED0004696,461,PR0093,1,2026-09-01
PED0004697,309,PR0086,5,2026-06-28
PED0004698,263,PR0046,4,2026-07-15
PED0004699,449,PR0109,5,2026-06-27
PED0004700,548,PR0021,1,2026-07-09
PED0004701,736,PR0084,6,2026-08-17
PED0004702,45,PR0014,2,2026-08-11
PED0004703,699,PR0092,4,2026-06-01
PED0004704,884,PR0011,4,2026-08-19
PED0004705,233,PR0026,2,2026-06-21
PED0004706,536,PR0047,3,2026-06-20
PED0004707,371,PR0084,1,2026-07-28
PED0004708,212,PR0006,3,2026-06-26
PED0004709,904,PR0031,5,2026-09-10
PED0004710,215,PR0041,2,2026-06-16
PED0004711,357,PR0088,4,2026-06-16
PED0004712,392,PR0116,6,2026-08-19
PED0004713,583,PR0074,2,2026-07-01
PED0004714,165,PR0061,2,2026-08-15
PED0004715,503,PR0041,1,2026-08-11
PED0004716,376,PR0099,4,2026-06-20
PED0004717,820,PR0013,2,2026-07-31
PED0004718,561,PR0016,6,2026-07-27
PED0004719,181,PR0025,2,2026-06-10
PED0004720,406,PR0033,4,2026-08-20
PED0004721,511,PR0056,2,2026-08-30
PED0004722,545,PR0114,2,2026-09-08
PED0004723,980,PR0079,2,2026-06-10
PED0004724,845,PR0047,4,2026-06-19
PED0004725,30,PR0026,1,2026-08-26
PED0004726,882,PR0078,1,2026-07-02
PED0004727,263,PR0031,4,2026-08-05
PED0004728,61,PR0118,4,2026-07-07
PED0004729,345,PR0058,2,2026-06-23
PED0004730,371,PR0067,3,2026-08-05
PED0004731,307,PR0109,3,2026-06-22
PED0004732,811,PR0037,5,2026-06-15
PED0004733,841,PR0057,3,2026-07-26
PED0004734,706,PR0064,6,2026-06-21
PED0004735,121,PR0033,2,2026-06-21
PED0004736,663,PR0007,2,2026-08-21
PED0004737,699,PR0035,3,2026-07-26
PED0004738,970,PR0014,1,2026-07-27
PED0004739,597,PR0082,5,2026-06-16
PED0004740,765,PR0001,3,2026-06-17
PED0004741,906,PR0038,3,2026-07-12
PED0004742,601,PR0107,4,2026-07-11
PED0004743,54,PR0069,1,2026-07-18
PED0004744,167,PR0081,3,2026-06-15
PED0004745,479,PR0081,6,2026-09-03
PED0004746,35,PR0036,4,2026-07-09
PED0004747,514,PR0076,4,2026-08-25
PED0004748,892,PR0027,4,2026-07-13
PED0004749,679,PR0077,3,2026-07-20
PED0004750,638,PR0082,6,2026-06-12
PED0004751,395,PR0106,6,2026-08-11
PED0004752,630,PR0111,3,2026-06-07
PED0004753,960,PR0003,6,2026-08-18
PED0004754,190,PR0036,1,2026-09-01
PED0004755,296,PR0066,2,2026-07-08
PED0004756,436,PR0039,2,2026-09-02
PED0004757,449,PR0075,5,2026-08-13
PED0004758,804,PR0103,4,2026-06-01
PED0004759,287,PR0031,3,2026-06-22
PED0004760,850,PR0108,2,2026-08-07
PED0004761,781,PR0106,4,2026-08-13
PED0004762,398,PR0110,2,2026-06-10
PED0004763,699,PR0009,3,2026-08-11
PED0004764,236,PR0036,3,2026-08-25
PED0004765,227,PR0015,6,2026-06-10
PED0004766,180,PR0015,5,2026-09-01
PED0004767,350,PR0007,2,2026-07-26
PED0004768,100,PR0053,6,2026-08-04
PED0004769,898,PR0011,4,2026-06-06
PED0004770,532,PR0036,3,2026-08-04
PED0004771,863,PR0118,4,2026-07-18
PED0004772,306,PR0107,2,2026-07-10
PED0004773,998,PR0113,1,2026-08-21
PED0004774,175,PR0005,3,2026-06-27
PED0004775,256,PR0080,5,2026-06-07
PED0004776,2,PR0077,3,2026-07-23
PED0004777,948,PR0016,3,2026-08-18
PED0004778,421,PR0109,6,2026-06-15
PED0004779,519,PR0049,6,2026-09-12
PED0004780,301,PR0118,3,2026-08-10
PED0004781,376,PR0014,1,2026-09-07
PED0004782,212,PR0079,5,2026-07-20
PED0004783,36,PR0016,5,2026-06-13
PED0004784,949,PR0114,6,2026-06-19
PED0004785,88,PR0073,6,2026-07-23
PED0004786,173,PR0010,4,2026-08-01
PED0004787,260,PR0026,1,2026-08-17
PED0004788,962,PR0044,2,2026-08-23
PED0004789,809,PR0002,5,2026-08-20
PED0004790,959,PR0002,4,2026-08-01
PED0004791,387,PR0112,3,2026-06-02
PED0004792,45,PR0118,3,2026-07-26
PED0004793,650,PR0065,5,2026-08-26
PED0004794,341,PR0109,3,2026-08-29
PED0004795,641,PR0079,1,2026-08-27
PED0004796,694,PR0004,6,2026-06-02
PED0004797,281,PR0086,3,2026-07-16
PED0004798,71,PR0003,2,2026-08-04
PED0004799,345,PR0098,1,2026-06-26
PED0004800,588,PR0045,3,2026-07-14
PED0004801,984,PR0017,6,2026-06-11
PED0004802,925,PR0032,1,2026-06-21
PED0004803,638,PR0083,2,2026-06-01
PED0004804,485,PR0102,2,2026-09-11
PED0004805,225,PR0069,1,2026-08-30
PED0004806,658,PR0020,4,2026-07-13
PED0004807,435,PR0109,2,2026-06-01
PED0004808,93,PR0095,5,2026-07-06
PED0004809,225,PR0050,3,2026-07-16
PED0004810,177,PR0067,4,2026-06-18
PED0004811,876,PR0116,1,2026-08-09
PED0004812,121,PR0046,2,2026-09-13
PED0004813,990,PR0004,3,2026-08-28
PED0004814,8,PR0018,1,2026-08-29
PED0004815,216,PR0073,3,2026-08-27
PED0004816,372,PR0120,3,2026-06-08
PED0004817,771,PR0089,3,2026-07-28
PED0004818,262,PR0075,4,2026-07-30
PED0004819,657,PR0039,5,2026-06-11
PED0004820,465,PR0053,5,2026-06-16
PED0004821,540,PR0005,1,2026-07-30
PED0004822,776,PR0045,4,2026-08-15
PED0004823,672,PR0075,6,2026-06-22
PED0004824,349,PR0109,6,2026-07-21
PED0004825,388,PR0111,2,2026-06-08
PED0004826,213,PR0099,5,2026-06-12
PED0004827,921,PR0003,5,2026-07-31
PED0004828,109,PR0098,3,2026-07-29
PED0004829,932,PR0027,6,2026-08-18
PED0004830,324,PR0074,4,2026-09-04
PED0004831,922,PR0114,5,2026-06-20
PED0004832,451,PR0107,5,2026-07-06
PED0004833,999999,PR0080,5,2026-08-29
PED0004834,294,PR0036,6,2026-06-06
PED0004835,809,PR0063,6,2026-08-26
PED0004836,938,PR0085,3,2026-09-08
PED0004837,629,PR0062,4,2026-06-11
PED0004838,490,PR0049,4,2026-06-15
PED0004839,985,PR0049,6,2026-08-11
PED0004840,892,PR0072,3,2026-07-20
PED0004841,845,PR0005,2,2026-09-12
PED0004842,767,PR0120,5,2026-07-28
PED0004843,222,PR0013,6,2026-08-08
PED0004844,318,PR0119,6,2026-06-25
PED0004845,813,PR0005,1,2026-07-05
PED0004846,563,PR0062,6,2026-06-19
PED0004847,161,PR0051,5,2026-06-16
PED0004848,793,PR0069,1,2026-06-12
PED0004849,480,PR0053,1,2026-09-02
PED0004850,999999,PR0108,2,2026-06-08
PED0004851,712,PR0002,6,2026-07-25
PED0004852,593,PR0119,5,2026-07-24
PED0004853,930,PR0083,4,2026-06-06
PED0004854,858,PR0094,4,2026-08-28
PED0004855,25,PR0017,3,2026-07-23
PED0004856,703,PR0008,6,2026-06-14
PED0004857,571,PR0048,1,2026-06-14
PED0004858,318,PR0039,2,2026-08-13
PED0004859,855,PR0094,2,2026-08-05
PED0004860,70,PR0108,0,2026-07-14
PED0004861,824,PR0052,4,2026-07-13
PED0004862,77,PR0093,5,2026-06-04
PED0004863,825,PR0008,6,2026-06-04
PED0004864,648,PR0090,2,2026-07-27
PED0004865,371,PR0012,6,2026-07-09
PED0004866,896,PR0081,1,2026-06-27
PED0004867,801,PR0046,5,2026-07-10
PED0004868,58,PR0050,5,2026-08-03
PED0004869,657,PR0034,5,2026-07-01
PED0004870,806,PR0049,1,2026-07-07
PED0004871,37,PR0105,6,2026-06-30
PED0004872,31,PR0098,5,2026-08-09
PED0004873,172,PR0041,1,2026-06-06
PED0004874,500,PR0036,4,2026-09-05
PED0004875,376,PR0062,5,2026-07-29
PED0004876,694,PR0083,3,2026-06-26
PED0004877,949,PR0022,3,2026-08-19
PED0004878,317,PR0088,2,2026-09-07
PED0004879,451,PR0114,4,2026-06-07
PED0004880,461,PR0102,6,2026-06-22
PED0004881,70,PR0066,4,2026-06-16
PED0004882,476,PR0039,5,2026-06-08
PED0004883,314,PR0039,5,2026-08-17
PED0004884,215,PR0090,5,2026-06-21
PED0004885,70,PR0055,3,2026-07-11
PED0004886,509,PR0013,5,2026-08-25
PED0004887,795,PR0082,2,2026-08-04
PED0004888,419,PR0017,4,2026-08-11
PED0004889,231,PR0119,2,2026-06-11
PED0004890,664,PR0051,-1,2026-09-10
PED0004891,693,PR0042,5,2026-06-09
PED0004892,66,PR0007,4,2026-08-14
PED0004893,708,PR0021,3,2026-08-07
PED0004894,128,PR0114,4,2026-07-14
PED0004895,854,PR0065,5,2026-08-28
PED0004896,754,PR0109,2,2026-09-02
PED0004897,668,PR0115,0,2026-06-08
PED0004898,572,PR0006,2,2026-09-09
PED0004899,807,PR0046,1,2026-06-26
PED0004900,956,PR0101,5,2026-08-23
PED0004901,960,PR0060,5,2026-08-26
PED0004902,457,PR0062,3,2026-07-29
PED0004903,197,PR0069,4,2026-08-30
PED0004904,334,PR0085,5,2026-08-26
PED0004905,182,PR0113,5,2026-07-25
PED0004906,307,PR0107,6,2026-06-19
PED0004907,601,PR_INEXISTENTE,6,2026-07-16
PED0004908,548,PR0070,3,2026-09-03
PED0004909,687,PR0044,2,2026-06-22
PED0004910,30,PR0014,1,2026-09-13
PED0004911,520,PR0086,4,2026-06-20
PED0004912,965,PR0001,4,2026-08-09
PED0004913,956,PR0084,5,2026-08-07
PED0004914,804,PR0060,1,2026-06-21
PED0004915,699,PR0095,5,2026-07-20
PED0004916,684,PR0114,5,2026-06-16
PED0004917,61,PR0067,5,2026-07-09
PED0004918,317,PR0069,4,2026-09-09
PED0004919,376,PR0059,1,2026-06-06
PED0004920,500,PR0045,3,2026-08-31
PED0004921,708,PR0011,4,2026-08-11
PED0004922,274,PR0004,4,2026-08-18
PED0004923,983,PR0087,4,2026-06-30
PED0004924,514,PR0110,4,2026-09-08
PED0004925,976,PR0007,4,2026-06-27
PED0004926,941,PR0040,2,2026-07-23
PED0004927,638,PR0073,4,2026-06-04
PED0004928,921,PR0085,2,2026-09-02
PED0004929,979,PR0089,3,2026-08-13
PED0004930,805,PR0084,3,2026-06-18
PED0004931,962,PR0011,5,2026-08-09
PED0004932,153,PR0031,6,2026-06-20
PED0004933,882,PR0057,4,2026-07-17
PED0004934,862,PR0008,1,2026-07-24
PED0004935,16,PR0042,5,2026-09-06
PED0004936,994,PR0047,2,2026-07-05
PED0004937,177,PR0118,1,2026-06-02
PED0004938,426,PR0039,2,2026-07-16
PED0004939,570,PR0117,6,2026-09-06
PED0004940,769,PR0085,3,2026-08-23
PED0004941,627,PR0084,2,2026-06-07
PED0004942,960,PR0099,1,2026-06-06
PED0004943,108,PR0102,4,2026-08-19
PED0004944,407,PR0027,5,2026-08-15
PED0004945,703,PR0051,3,2026-07-29
PED0004946,781,PR0064,1,2026-06-10
PED0004947,632,PR0118,3,2026-06-30
PED0004948,711,PR0005,4,2026-08-28
PED0004949,627,PR0058,1,2026-06-15
PED0004950,262,PR0026,2,2026-06-22
PED0004951,314,PR0025,1,2026-07-18
PED0004952,588,PR0092,3,2026-08-17
PED0004953,794,PR0025,2,2026-08-26
PED0004954,632,PR0096,2,2026-08-02
PED0004955,200,PR0120,1,2026-07-22
PED0004956,484,PR0094,5,2026-07-11
PED0004957,736,PR0021,3,2026-06-05
PED0004958,698,PR0018,6,2026-06-29
PED0004959,762,PR0053,3,2026-06-23
PED0004960,725,PR0067,2,2026-06-07
PED0004961,511,PR0094,2,2026-08-18
PED0004962,60,PR0051,6,2026-07-08
PED0004963,652,PR0021,4,2026-07-24
PED0004964,306,PR0119,2,2026-06-22
PED0004965,451,PR0109,4,2026-08-02
PED0004966,632,PR0079,4,2026-06-15
PED0004967,484,PR0084,1,2026-08-11
PED0004968,326,PR0113,5,2026-08-17
PED0004969,778,PR0057,1,2026-07-03
PED0004970,896,PR0018,2,2026-06-23
PED0004971,401,PR0073,5,2026-08-21
PED0004972,25,PR0055,3,2026-06-24
PED0004973,322,PR0096,2,2026-06-19
PED0004974,740,PR0093,1,2026-07-06
PED0004975,440,PR0057,4,2026-09-10
PED0004976,96,PR0045,5,2026-07-19
PED0004977,860,PR0051,2,2026-06-28
PED0004978,941,PR0076,3,2026-07-24
PED0004979,760,PR0077,3,2026-07-07
PED0004980,817,PR0062,6,2026-08-09
PED0004981,172,PR0064,-1,2026-07-17
PED0004982,858,PR0120,2,2026-08-01
PED0004983,985,PR0031,4,2026-07-16
PED0004984,779,PR0021,6,2026-07-21
PED0004985,638,PR0096,3,2026-07-17
PED0004986,839,PR0113,1,2026-07-12
PED0004987,334,PR0074,2,2026-09-10
PED0004988,942,PR0049,4,2026-06-28
PED0004989,185,PR0042,6,2026-08-24
PED0004990,795,PR0057,2,2026-08-14
PED0004991,725,PR0007,1,2026-07-26
PED0004992,167,PR0064,2,2026-07-04
PED0004993,71,PR0033,3,2026-07-21
PED0004994,942,PR0032,1,2026-08-29
PED0004995,82,PR0068,1,2026-06-20
PED0004996,932,PR0116,4,2026-08-01
PED0004997,630,PR0025,5,2026-08-20
PED0004998,180,PR0110,2,2026-08-06
PED0004999,627,PR0063,4,2026-06-16
PED0005000,830,PR0117,4,2026-07-24
PED0005001,213,PR0046,5,2026-06-20
PED0005002,994,PR0120,6,2026-09-06
PED0005003,795,PR0080,6,2026-07-07
PED0005004,902,PR0081,2,2026-07-15
PED0005005,300,PR0068,6,2026-08-30
PED0005006,143,PR0055,1,2026-07-15
PED0005007,657,PR0064,6,2026-06-21
PED0005008,795,PR0103,1,2026-09-02
PED0005009,318,PR0096,1,2026-08-08
PED0005010,638,PR0003,1,2026-08-03
PED0005011,82,PR0084,1,2026-06-08
PED0005012,860,PR0101,3,2026-07-18
PED0005013,887,PR0090,4,2026-07-19
PED0005014,296,PR0060,5,2026-06-28
PED0005015,48,PR0041,1,2026-07-30
PED0005016,40,PR0081,2,2026-06-26
PED0005017,570,PR0080,1,2026-07-20
PED0005018,449,PR0045,1,2026-08-24
PED0005019,291,PR0049,5,2026-08-17
PED0005020,406,PR0045,4,2026-06-30
PED0005021,372,PR0006,2,2026-06-22
PED0005022,309,PR0004,2,2026-06-01
PED0005023,760,PR0010,6,2026-07-07
PED0005024,984,PR0051,4,2026-06-03
PED0005025,909,PR0062,2,2026-06-14
PED0005026,585,PR0050,6,2026-09-11
PED0005027,415,PR0115,2,2026-08-29
PED0005028,618,PR0027,2,2026-07-29
PED0005029,31,PR0048,5,2026-08-21
PED0005030,585,PR0030,4,2026-07-22
PED0005031,52,PR0036,1,2026-08-03
PED0005032,372,PR0071,5,2026-09-05
PED0005033,641,PR0038,2,2026-06-09
PED0005034,648,PR0039,5,2026-07-07
PED0005035,601,PR0081,3,2026-06-13
PED0005036,850,PR_INEXISTENTE,5,2026-08-23
PED0005037,490,PR0026,6,2026-08-26
PED0005038,632,PR0014,5,2026-08-15
PED0005039,629,PR0029,6,2026-08-03
PED0005040,646,PR0070,4,2026-07-21
PED0005041,902,PR0116,1,2026-06-03
PED0005042,652,PR0020,4,2026-08-21
PED0005043,362,PR0006,3,2026-09-02
PED0005044,996,PR0064,5,2026-09-10
PED0005045,190,PR0119,2,2026-07-06
PED0005046,546,PR0067,5,2026-06-22
PED0005047,522,PR0111,3,2026-08-08
PED0005048,689,PR0078,5,2026-06-02
PED0005049,128,PR0004,3,2026-06-07
PED0005050,434,PR0052,3,2026-08-26
PED0005051,975,PR0093,2,2026-09-09
PED0005052,817,PR0062,5,2026-07-13
PED0005053,545,PR0024,1,2026-07-24
PED0005054,349,PR0022,2,2026-07-28
PED0005055,801,PR0080,3,2026-06-15
PED0005056,271,PR0056,1,2026-06-24
PED0005057,70,PR0069,6,2026-07-02
PED0005058,570,PR0045,3,2026-08-28
PED0005059,949,PR0041,2,2026-07-17
PED0005060,35,PR0080,-1,2026-08-15
PED0005061,641,PR0001,2,2026-06-21
PED0005062,706,PR0053,4,2026-09-09
PED0005063,577,PR0045,3,2026-09-01
PED0005064,350,PR0094,2,2026-07-20
PED0005065,172,PR0088,6,2026-06-24
PED0005066,61,PR0052,4,2026-09-11
PED0005067,962,PR0032,3,2026-08-24
PED0005068,464,PR0029,4,2026-07-24
PED0005069,920,PR0026,4,2026-06-29
PED0005070,694,PR0033,1,2026-08-05
PED0005071,154,PR0092,5,2026-07-09
PED0005072,725,PR0006,2,2026-08-10
PED0005073,8,PR0004,1,2026-08-27
PED0005074,617,PR0065,4,2026-07-22
PED0005075,609,PR0027,6,2026-06-06
PED0005076,976,PR0100,-1,2026-07-30
PED0005077,1000,PR0091,2,2026-08-30
PED0005078,561,PR0093,3,2026-06-24
PED0005079,66,PR0055,4,2026-09-09
PED0005080,494,PR0053,2,2026-07-09
PED0005081,100,PR0052,5,2026-08-11
PED0005082,786,PR0024,2,2026-08-13
PED0005083,16,PR0069,2,2026-06-20
PED0005084,181,PR0104,1,2026-06-05
PED0005085,61,PR0031,5,2026-09-08
PED0005086,734,PR0007,1,2026-08-13
PED0005087,807,PR0068,5,2026-08-06
PED0005088,200,PR0048,6,2026-07-02
PED0005089,965,PR0096,1,2026-06-12
PED0005090,610,PR0103,1,2026-06-29
PED0005091,41,PR0115,6,2026-07-28
PED0005092,48,PR0048,1,2026-08-12
PED0005093,919,PR0109,3,2026-07-04
PED0005094,82,PR0015,6,2026-06-23
PED0005095,185,PR0045,1,2026-06-27
PED0005096,345,PR0032,4,2026-09-09
PED0005097,631,PR0111,3,2026-08-06
PED0005098,632,PR0073,3,2026-09-13
PED0005099,100,PR0044,6,2026-06-01
PED0005100,349,PR0019,4,2026-07-19
PED0005101,463,PR0094,2,2026-07-19
PED0005102,177,PR0079,6,2026-07-13
PED0005103,161,PR0103,4,2026-07-12
PED0005104,849,PR0053,1,2026-06-09
PED0005105,500,PR0018,3,2026-06-04
PED0005106,494,PR0041,2,2026-08-21
PED0005107,353,PR0075,4,2026-07-17
PED0005108,8,PR0029,6,2026-06-18
PED0005109,844,PR0009,1,2026-07-07
PED0005110,300,PR0099,5,2026-09-06
PED0005111,636,PR0064,6,2026-07-20
PED0005112,948,PR0048,6,2026-09-13
PED0005113,994,PR0067,4,2026-06-17
PED0005114,778,PR_INEXISTENTE,2,2026-06-13
PED0005115,462,PR0001,1,2026-07-30
PED0005116,686,PR0053,6,2026-08-11
PED0005117,449,PR0031,3,2026-09-12
PED0005118,161,PR0012,3,2026-07-19
PED0005119,423,PR0005,5,2026-06-22
PED0005120,941,PR0053,5,2026-07-27
PED0005121,697,PR0066,5,2026-07-03
PED0005122,977,PR0061,6,2026-06-19
PED0005123,172,PR0094,6,2026-06-10
PED0005124,769,PR0055,2,2026-08-15
PED0005125,996,PR_INEXISTENTE,2,2026-08-07
PED0005126,583,PR0098,2,2026-06-18
PED0005127,999999,PR0079,4,2026-07-29
PED0005128,526,PR0110,4,2026-09-01
PED0005129,694,PR0027,6,2026-08-25
PED0005130,229,PR0095,6,2026-07-18
PED0005131,260,PR0084,5,2026-06-07
PED0005132,165,PR0070,1,2026-08-06
PED0005133,108,PR0001,5,2026-07-25
PED0005134,216,PR0065,6,2026-09-05
PED0005135,253,PR0104,6,2026-07-29
PED0005136,412,PR0078,3,2026-08-17
PED0005137,58,PR0001,5,2026-07-26
PED0005138,334,PR0035,3,2026-07-27
PED0005139,976,PR0069,1,2026-07-04
PED0005140,353,PR0098,3,2026-07-13
PED0005141,667,PR0054,2,2026-07-02
PED0005142,725,PR0103,6,2026-07-19
PED0005143,353,PR0096,2,2026-09-08
PED0005144,968,PR0033,1,2026-07-06
PED0005145,996,PR0024,4,2026-07-19
PED0005146,222,PR0109,4,2026-09-08
PED0005147,479,PR0071,4,2026-06-16
PED0005148,457,PR0102,1,2026-06-27
PED0005149,985,PR0111,3,2026-07-22
PED0005150,153,PR0051,6,2026-07-13
PED0005151,938,PR0006,1,2026-07-06
PED0005152,65,PR0110,5,2026-08-21
PED0005153,18,PR0071,1,2026-07-23
PED0005154,646,PR0015,2,2026-07-09
PED0005155,545,PR0064,6,2026-07-21
PED0005156,687,PR0004,2,2026-09-02
PED0005157,609,PR0035,4,2026-09-12
PED0005158,362,PR0042,3,2026-06-26
PED0005159,985,PR0055,4,2026-06-05
PED0005160,609,PR0068,3,2026-06-04
PED0005161,845,PR0101,3,2026-07-17
PED0005162,213,PR0043,5,2026-08-06
PED0005163,173,PR0089,4,2026-06-06
PED0005164,566,PR0114,4,2026-07-24
PED0005165,858,PR0090,5,2026-07-12
PED0005166,2,PR0031,3,2026-09-06
PED0005167,197,PR0082,5,2026-08-03
PED0005168,511,PR_INEXISTENTE,5,2026-07-15
PED0005169,925,PR0058,6,2026-08-01
PED0005170,735,PR0077,3,2026-06-15
PED0005171,815,PR0036,4,2026-07-20
PED0005172,667,PR0001,0,2026-07-05
PED0005173,5,PR0101,1,2026-06-20
PED0005174,121,PR0088,1,2026-07-12
PED0005175,294,PR0015,4,2026-08-07
PED0005176,898,PR0046,2,2026-08-01
PED0005177,462,PR0032,2,2026-09-10
PED0005178,60,PR0118,-1,2026-06-29
PED0005179,932,PR0114,3,2026-08-13
PED0005180,976,PR0083,1,2026-07-28
PED0005181,33,PR0053,4,2026-08-31
PED0005182,836,PR0007,4,2026-09-04
PED0005183,849,PR0030,1,2026-08-14
PED0005184,994,PR0012,2,2026-07-15
PED0005185,44,PR0095,2,2026-07-27
PED0005186,307,PR0011,5,2026-08-08
PED0005187,195,PR0082,2,2026-08-24
PED0005188,620,PR0115,1,2026-06-25
PED0005189,295,PR0037,2,2026-08-31
PED0005190,793,PR0083,3,2026-08-24
PED0005191,532,PR0106,5,2026-06-10
PED0005192,999999,PR0052,1,2026-06-29
PED0005193,421,PR0054,6,2026-06-25
PED0005194,446,PR0025,2,2026-07-31
PED0005195,494,PR0052,3,2026-06-22
PED0005196,233,PR0105,1,2026-07-02
PED0005197,712,PR0080,2,2026-06-20
PED0005198,650,PR0025,3,2026-06-08
PED0005199,371,PR0064,4,2026-07-19
PED0005200,37,PR0085,5,2026-07-04
PED0005201,260,PR0010,4,2026-07-23
PED0005202,538,PR0092,0,2026-06-23
PED0005203,571,PR0025,3,2026-07-01
PED0005204,616,PR0036,5,2026-09-02
PED0005205,977,PR0050,4,2026-08-24
PED0005206,884,PR0061,4,2026-06-28
PED0005207,295,PR0110,4,2026-06-17
PED0005208,70,PR0027,4,2026-09-11
PED0005209,847,PR0031,6,2026-08-11
PED0005210,44,PR0046,4,2026-07-22
PED0005211,762,PR0103,4,2026-08-13
PED0005212,536,PR0116,3,2026-06-24
PED0005213,296,PR0055,3,2026-07-15
PED0005214,270,PR0084,5,2026-07-12
PED0005215,708,PR0111,6,2026-08-15
PED0005216,91,PR0102,5,2026-06-20
PED0005217,477,PR0082,4,2026-07-22
PED0005218,629,PR0065,5,2026-08-27
PED0005219,244,PR0119,1,2026-06-21
PED0005220,546,PR0029,2,2026-06-13
PED0005221,999999,PR0044,2,2026-08-26
PED0005222,485,PR0086,4,2026-08-31
PED0005223,434,PR0003,5,2026-07-16
PED0005224,577,PR0061,1,2026-06-05
PED0005225,948,PR0103,2,2026-07-27
PED0005226,860,PR0022,3,2026-07-02
PED0005227,952,PR0097,6,2026-08-01
PED0005228,697,PR0050,1,2026-06-15
PED0005229,181,PR0104,6,2026-08-24
PED0005230,369,PR0077,2,2026-08-11
PED0005231,457,PR0019,2,2026-08-07
PED0005232,937,PR0089,4,2026-07-24
PED0005233,371,PR0007,5,2026-06-24
PED0005234,700,PR0030,6,2026-09-07
PED0005235,99,PR0107,1,2026-06-28
PED0005236,225,PR0106,1,2026-07-09
PED0005237,996,PR0006,3,2026-09-06
PED0005238,236,PR0046,4,2026-06-05
PED0005239,793,PR0012,2,2026-06-14
PED0005240,366,PR0033,4,2026-08-19
PED0005241,453,PR0117,2,2026-07-09
PED0005242,901,PR0024,6,2026-07-31
PED0005243,530,PR0077,2,2026-07-31
PED0005244,896,PR0097,4,2026-08-26
PED0005245,440,PR0106,4,2026-08-05
PED0005246,909,PR0043,1,2026-07-15
PED0005247,262,PR0084,4,2026-07-28
PED0005248,69,PR0059,1,2026-08-17
PED0005249,440,PR0013,4,2026-07-10
PED0005250,626,PR0027,4,2026-06-18
PED0005251,621,PR0090,1,2026-07-22
PED0005252,326,PR0083,2,2026-09-13
PED0005253,88,PR0063,2,2026-06-12
PED0005254,820,PR0094,6,2026-06-19
PED0005255,664,PR0083,2,2026-09-13
PED0005256,522,PR0041,6,2026-08-27
PED0005257,65,PR0036,4,2026-06-13
PED0005258,778,PR0114,6,2026-06-23
PED0005259,461,PR0117,5,2026-08-12
PED0005260,372,PR0004,2,2026-08-22
PED0005261,975,PR0095,4,2026-08-17
PED0005262,106,PR0016,5,2026-08-30
PED0005263,771,PR0104,1,2026-07-24
PED0005264,287,PR0071,0,2026-09-01
PED0005265,794,PR0083,3,2026-08-02
PED0005266,630,PR0085,1,2026-07-20
PED0005267,407,PR0073,6,2026-08-06
PED0005268,202,PR0031,2,2026-07-16
PED0005269,121,PR0097,6,2026-08-03
PED0005270,920,PR0067,2,2026-08-27
PED0005271,998,PR0066,4,2026-09-09
PED0005272,949,PR0039,3,2026-07-31
PED0005273,30,PR0002,6,2026-06-01
PED0005274,33,PR0067,6,2026-08-05
PED0005275,776,PR0042,5,2026-06-27
PED0005276,69,PR_INEXISTENTE,6,2026-06-25
PED0005277,449,PR0044,5,2026-09-01
PED0005278,624,PR0117,2,2026-07-17
PED0005279,479,PR0082,6,2026-08-22
PED0005280,16,PR0055,4,2026-07-09
PED0005281,173,PR0085,3,2026-08-03
PED0005282,572,PR0078,2,2026-08-09
PED0005283,362,PR0075,5,2026-09-02
PED0005284,236,PR0070,2,2026-06-21
PED0005285,613,PR0112,4,2026-07-29
PED0005286,731,PR0039,1,2026-07-13
PED0005287,476,PR0052,4,2026-07-19
PED0005288,278,PR0031,4,2026-08-29
PED0005289,107,PR0069,4,2026-06-15
PED0005290,331,PR0119,4,2026-07-28
PED0005291,281,PR0074,6,2026-07-11
PED0005292,860,PR0025,6,2026-09-03
PED0005293,462,PR0111,3,2026-06-23
PED0005294,804,PR0095,6,2026-06-25
PED0005295,326,PR0053,0,2026-06-10
PED0005296,295,PR0018,1,2026-07-17
PED0005297,263,PR0049,3,2026-06-02
PED0005298,689,PR0097,5,2026-07-23
PED0005299,813,PR0070,4,2026-06-24
PED0005300,214,PR0023,1,2026-07-13
PED0005301,553,PR0020,3,2026-08-03
PED0005302,952,PR0117,3,2026-08-11
PED0005303,694,PR0054,5,2026-06-07
PED0005304,262,PR0083,4,2026-06-16
PED0005305,395,PR0044,1,2026-07-04
PED0005306,930,PR0011,1,2026-07-25
PED0005307,127,PR0050,2,2026-09-01
PED0005308,962,PR0084,1,2026-06-15
PED0005309,514,PR0041,6,2026-06-08
PED0005310,140,PR0073,2,2026-08-06
PED0005311,225,PR0053,4,2026-09-11
PED0005312,35,PR0041,1,2026-08-27
PED0005313,770,PR0031,3,2026-07-30
PED0005314,446,PR0032,6,2026-06-03
PED0005315,31,PR0031,4,2026-07-31
PED0005316,806,PR0087,2,2026-07-18
PED0005317,813,PR0041,5,2026-07-17
PED0005318,784,PR0089,4,2026-07-22
PED0005319,613,PR0038,2,2026-07-29
PED0005320,841,PR0040,6,2026-08-15
PED0005321,895,PR0111,6,2026-06-21
PED0005322,571,PR0106,4,2026-06-08
PED0005323,984,PR0049,1,2026-06-06
PED0005324,265,PR0033,3,2026-07-13
PED0005325,601,PR0086,4,2026-07-24
PED0005326,845,PR0009,6,2026-08-22
PED0005327,514,PR0055,5,2026-07-16
PED0005328,326,PR0072,2,2026-07-26
PED0005329,514,PR0082,4,2026-09-11
PED0005330,684,PR0013,2,2026-08-18
PED0005331,784,PR0001,3,2026-08-12
PED0005332,197,PR0034,4,2026-07-09
PED0005333,77,PR0015,4,2026-06-16
PED0005334,703,PR0061,3,2026-09-05
PED0005335,197,PR0111,3,2026-07-29
PED0005336,972,PR0035,5,2026-06-09
PED0005337,577,PR0055,4,2026-07-21
PED0005338,776,PR_INEXISTENTE,1,2026-06-10
PED0005339,7,PR0006,5,2026-09-12
PED0005340,376,PR0085,4,2026-07-26
PED0005341,17,PR0031,5,2026-08-22
PED0005342,856,PR0066,5,2026-07-20
PED0005343,621,PR0082,2,2026-06-03
PED0005344,265,PR0101,6,2026-08-07
PED0005345,801,PR0023,6,2026-08-08
PED0005346,781,PR0070,1,2026-06-25
PED0005347,767,PR0110,2,2026-08-15
PED0005348,194,PR0059,2,2026-06-24
PED0005349,414,PR0005,6,2026-08-12
PED0005350,537,PR0032,6,2026-08-18
PED0005351,300,PR0096,2,2026-06-15
PED0005352,597,PR0096,4,2026-07-01
PED0005353,804,PR0038,2,2026-06-18
PED0005354,280,PR_INEXISTENTE,1,2026-08-16
PED0005355,215,PR0036,2,2026-06-25
PED0005356,265,PR0030,1,2026-08-07
PED0005357,771,PR0089,6,2026-07-14
PED0005358,180,PR0101,5,2026-06-09
PED0005359,267,PR0006,2,2026-09-01
PED0005360,563,PR0089,4,2026-08-14
PED0005361,331,PR0091,2,2026-06-28
PED0005362,746,PR0074,4,2026-09-01
PED0005363,140,PR0105,6,2026-08-14
PED0005364,609,PR0005,6,2026-08-25
PED0005365,989,PR0084,5,2026-06-19
PED0005366,970,PR0016,2,2026-06-01
PED0005367,813,PR0108,2,2026-06-07
PED0005368,616,PR0060,1,2026-07-27
PED0005369,746,PR0011,1,2026-08-22
PED0005370,746,PR0090,4,2026-09-04
PED0005371,485,PR0090,4,2026-09-09
PED0005372,109,PR0056,6,2026-08-02
PED0005373,919,PR0038,1,2026-08-06
PED0005374,200,PR0003,2,2026-07-01
PED0005375,183,PR0109,5,2026-06-01
PED0005376,949,PR0023,5,2026-06-21
PED0005377,172,PR0102,3,2026-06-06
PED0005378,419,PR0071,1,2026-08-11
PED0005379,725,PR0083,3,2026-07-23
PED0005380,904,PR0084,2,2026-08-20
PED0005381,64,PR0103,4,2026-06-16
PED0005382,45,PR0005,6,2026-09-04
PED0005383,555,PR0119,2,2026-08-15
PED0005384,563,PR0006,1,2026-09-04
PED0005385,212,PR0120,5,2026-08-08
PED0005386,975,PR0032,1,2026-07-06
PED0005387,624,PR0102,6,2026-08-05
PED0005388,61,PR0011,5,2026-08-03
PED0005389,16,PR0056,3,2026-06-19
PED0005390,626,PR0066,3,2026-06-11
PED0005391,417,PR0115,3,2026-08-08
PED0005392,44,PR0015,3,2026-06-10
PED0005393,626,PR0005,6,2026-06-11
PED0005394,792,PR0078,5,2026-06-08
PED0005395,593,PR0006,2,2026-08-05
PED0005396,465,PR0094,2,2026-09-06
PED0005397,798,PR0005,4,2026-07-23
PED0005398,686,PR0117,4,2026-06-17
PED0005399,736,PR0064,5,2026-07-24
PED0005400,980,PR0114,2,2026-07-21
PED0005401,109,PR0016,3,2026-08-02
PED0005402,836,PR0033,1,2026-07-16
PED0005403,93,PR0055,3,2026-07-26
PED0005404,999999,PR0004,5,2026-07-05
PED0005405,847,PR0013,2,2026-09-04
PED0005406,906,PR0040,2,2026-07-27
PED0005407,185,PR0089,3,2026-07-03
PED0005408,820,PR0086,6,2026-06-01
PED0005409,516,PR0011,4,2026-08-11
PED0005410,395,PR0008,6,2026-07-10
PED0005411,798,PR0079,1,2026-06-27
PED0005412,952,PR0044,6,2026-07-21
PED0005413,200,PR0096,1,2026-07-21
PED0005414,190,PR0036,2,2026-08-24
PED0005415,896,PR0044,3,2026-07-27
PED0005416,899,PR0027,2,2026-08-13
PED0005417,306,PR0032,6,2026-08-07
PED0005418,698,PR0085,6,2026-08-29
PED0005419,161,PR0057,4,2026-06-01
PED0005420,730,PR0080,3,2026-07-10
PED0005421,557,PR0010,5,2026-08-15
PED0005422,405,PR0065,5,2026-06-15
PED0005423,153,PR0056,3,2026-07-17
PED0005424,331,PR0110,5,2026-07-13
PED0005425,664,PR0051,2,2026-08-24
PED0005426,398,PR0013,2,2026-09-10
PED0005427,102,PR0084,1,2026-06-12
PED0005428,613,PR0018,1,2026-06-23
PED0005429,959,PR0110,2,2026-08-21
PED0005430,618,PR0047,4,2026-06-19
PED0005431,922,PR0095,6,2026-07-23
PED0005432,294,PR0079,4,2026-09-08
PED0005433,322,PR0056,3,2026-09-11
PED0005434,107,PR0071,2,2026-09-08
PED0005435,1000,PR0022,1,2026-06-15
PED0005436,127,PR0009,4,2026-06-16
PED0005437,990,PR0092,1,2026-06-19
PED0005438,17,PR0116,5,2026-08-20
PED0005439,401,PR0104,3,2026-06-19
PED0005440,999999,PR0037,3,2026-07-16
PED0005441,109,PR0043,1,2026-08-25
PED0005442,586,PR0044,2,2026-07-22
PED0005443,845,PR0085,1,2026-09-07
PED0005444,419,PR0075,5,2026-07-23
PED0005445,931,PR0096,3,2026-07-10
PED0005446,693,PR0114,5,2026-09-10
PED0005447,635,PR0048,4,2026-07-28
PED0005448,301,PR0080,6,2026-06-20
PED0005449,750,PR0061,5,2026-08-06
PED0005450,856,PR0115,1,2026-08-21
PED0005451,318,PR0043,1,2026-08-28
PED0005452,446,PR0023,6,2026-06-01
PED0005453,849,PR0046,2,2026-06-12
PED0005454,377,PR0075,5,2026-08-06
PED0005455,636,PR0115,4,2026-08-17
PED0005456,462,PR0100,5,2026-08-08
PED0005457,938,PR0003,2,2026-07-11
PED0005458,16,PR0062,2,2026-08-19
PED0005459,632,PR0020,4,2026-07-31
PED0005460,985,PR0044,-1,2026-09-06
PED0005461,858,PR0114,2,2026-07-09
PED0005462,418,PR0119,4,2026-08-19
PED0005463,287,PR0019,2,2026-06-16
PED0005464,693,PR0017,2,2026-08-16
PED0005465,100,PR0084,6,2026-08-16
PED0005466,996,PR0050,2,2026-06-27
PED0005467,143,PR0052,6,2026-06-07
PED0005468,362,PR0105,6,2026-09-13
PED0005469,538,PR0111,5,2026-06-09
PED0005470,563,PR0109,1,2026-07-20
PED0005471,798,PR0094,2,2026-06-01
PED0005472,195,PR0118,6,2026-07-14
PED0005473,317,PR0087,1,2026-08-26
PED0005474,54,PR0107,4,2026-07-23
PED0005475,449,PR0065,4,2026-06-26
PED0005476,540,PR0007,6,2026-07-12
PED0005477,476,PR0098,6,2026-06-10
PED0005478,353,PR0112,2,2026-08-02
PED0005479,621,PR0038,4,2026-06-01
PED0005480,434,PR0052,4,2026-07-07
PED0005481,383,PR0069,6,2026-06-07
PED0005482,901,PR0079,4,2026-06-26
PED0005483,494,PR0081,1,2026-06-08
PED0005484,267,PR0048,6,2026-09-06
PED0005485,287,PR0103,4,2026-08-21
PED0005486,631,PR0098,2,2026-09-06
PED0005487,626,PR0114,2,2026-08-11
PED0005488,362,PR0070,2,2026-07-23
PED0005489,532,PR0010,5,2026-06-19
PED0005490,668,PR0102,6,2026-09-10
PED0005491,570,PR0010,3,2026-09-05
PED0005492,815,PR0024,1,2026-07-14
PED0005493,449,PR0035,6,2026-06-24
PED0005494,140,PR0023,4,2026-07-11
PED0005495,767,PR0087,4,2026-07-12
PED0005496,197,PR0053,1,2026-09-05
PED0005497,260,PR0027,6,2026-06-08
PED0005498,261,PR0001,1,2026-08-06
PED0005499,830,PR0026,4,2026-08-20
PED0005500,341,PR0084,4,2026-08-20
PED0005501,233,PR0096,0,2026-06-21
PED0005502,636,PR0036,4,2026-07-14
PED0005503,477,PR_INEXISTENTE,3,2026-07-06
PED0005504,794,PR0067,4,2026-07-13
PED0005505,451,PR0094,3,2026-06-10
PED0005506,401,PR0009,3,2026-06-09
PED0005507,7,PR0096,5,2026-06-03
PED0005508,153,PR0021,5,2026-09-10
PED0005509,588,PR0031,1,2026-07-14
PED0005510,318,PR0075,6,2026-06-24
PED0005511,571,PR0007,1,2026-08-23
PED0005512,942,PR0037,2,2026-07-22
PED0005513,214,PR0017,3,2026-07-09
PED0005514,194,PR0026,2,2026-06-13
PED0005515,122,PR0093,3,2026-07-11
PED0005516,657,PR0028,2,2026-08-07
PED0005517,451,PR0006,3,2026-08-05
PED0005518,326,PR0026,5,2026-07-12
PED0005519,421,PR0011,5,2026-08-04
PED0005520,561,PR0075,3,2026-08-20
PED0005521,195,PR0117,2,2026-09-06
PED0005522,618,PR0021,5,2026-07-26
PED0005523,182,PR0088,1,2026-06-24
PED0005524,952,PR0044,3,2026-06-14
PED0005525,553,PR0009,2,2026-06-17
PED0005526,781,PR0083,4,2026-06-02
PED0005527,976,PR0026,1,2026-07-29
PED0005528,610,PR0062,5,2026-06-23
PED0005529,426,PR0061,2,2026-06-24
PED0005530,33,PR0072,4,2026-08-16
PED0005531,711,PR0017,4,2026-07-04
PED0005532,407,PR0031,3,2026-08-26
PED0005533,109,PR0089,3,2026-06-15
PED0005534,863,PR0112,2,2026-07-06
PED0005535,736,PR0002,5,2026-06-06
PED0005536,65,PR0050,4,2026-07-27
PED0005537,975,PR0106,2,2026-06-14
PED0005538,215,PR0035,2,2026-06-26
PED0005539,446,PR0054,3,2026-08-17
PED0005540,585,PR0109,6,2026-09-01
PED0005541,419,PR0117,6,2026-07-28
PED0005542,143,PR0079,3,2026-09-10
PED0005543,423,PR0084,-1,2026-08-19
PED0005544,383,PR0074,1,2026-08-19
PED0005545,412,PR0035,4,2026-09-13
PED0005546,405,PR0107,2,2026-06-10
PED0005547,516,PR0005,5,2026-06-25
PED0005548,451,PR0008,4,2026-07-16
PED0005549,467,PR0073,2,2026-08-04
PED0005550,100,PR0101,6,2026-09-13
PED0005551,93,PR0098,5,2026-06-11
PED0005552,453,PR0082,2,2026-06-25
PED0005553,652,PR0046,1,2026-07-02
PED0005554,387,PR_INEXISTENTE,2,2026-08-10
PED0005555,609,PR0052,3,2026-09-08
PED0005556,561,PR0031,3,2026-09-07
PED0005557,679,PR0051,5,2026-08-18
PED0005558,350,PR0013,6,2026-08-21
PED0005559,999999,PR0039,5,2026-07-14
PED0005560,451,PR0113,6,2026-08-03
PED0005561,405,PR_INEXISTENTE,1,2026-06-18
PED0005562,65,PR0018,1,2026-07-24
PED0005563,421,PR0035,6,2026-07-01
PED0005564,706,PR0032,4,2026-09-06
PED0005565,314,PR0034,2,2026-07-09
PED0005566,712,PR0083,5,2026-07-12
PED0005567,711,PR0108,2,2026-07-13
PED0005568,636,PR0086,5,2026-09-03
PED0005569,191,PR0059,6,2026-09-06
PED0005570,393,PR0020,3,2026-07-16
PED0005571,588,PR0018,4,2026-09-13
PED0005572,999999,PR0098,5,2026-08-19
PED0005573,882,PR0082,6,2026-08-28
PED0005574,194,PR0062,4,2026-09-05
PED0005575,222,PR0070,2,2026-07-05
PED0005576,33,PR0102,2,2026-07-28
PED0005577,631,PR0098,3,2026-06-30
PED0005578,74,PR0011,1,2026-07-03
PED0005579,960,PR0048,5,2026-07-19
PED0005580,778,PR0006,3,2026-06-06
PED0005581,449,PR0047,5,2026-06-23
PED0005582,516,PR0077,1,2026-08-24
PED0005583,771,PR0026,2,2026-06-18
PED0005584,183,PR0019,3,2026-08-05
PED0005585,41,PR0059,1,2026-08-20
PED0005586,999999,PR0063,5,2026-06-28
PED0005587,650,PR0086,4,2026-07-19
PED0005588,419,PR0002,6,2026-09-01
PED0005589,629,PR0030,5,2026-08-27
PED0005590,5,PR0094,1,2026-09-05
PED0005591,839,PR0082,6,2026-08-05
PED0005592,648,PR0108,1,2026-09-02
PED0005593,93,PR0098,6,2026-07-12
PED0005594,213,PR0101,5,2026-08-03
PED0005595,236,PR0062,5,2026-08-10
PED0005596,434,PR0116,3,2026-09-11
PED0005597,44,PR0050,1,2026-07-09
PED0005598,274,PR0109,1,2026-08-31
PED0005599,613,PR0048,1,2026-07-24
PED0005600,585,PR0054,5,2026-06-11
PED0005601,583,PR0083,4,2026-08-08
PED0005602,858,PR0048,2,2026-09-12
PED0005603,263,PR0018,1,2026-07-18
PED0005604,621,PR0108,1,2026-07-28
PED0005605,711,PR0055,2,2026-09-06
PED0005606,2,PR0112,5,2026-09-05
PED0005607,7,PR0048,6,2026-07-13
PED0005608,936,PR0117,4,2026-08-19
PED0005609,557,PR0073,6,2026-08-06
PED0005610,627,PR0093,3,2026-08-07
PED0005611,711,PR0091,2,2026-08-15
PED0005612,956,PR0025,5,2026-07-05
PED0005613,334,PR_INEXISTENTE,1,2026-07-03
PED0005614,909,PR0114,6,2026-06-03
PED0005615,422,PR0080,5,2026-08-29
PED0005616,395,PR0114,1,2026-06-30
PED0005617,419,PR_INEXISTENTE,2,2026-08-10
PED0005618,631,PR0080,4,2026-08-12
PED0005619,216,PR0058,5,2026-08-13
PED0005620,613,PR0103,2,2026-08-30
PED0005621,999999,PR0023,5,2026-08-31
PED0005622,982,PR0068,3,2026-06-01
PED0005623,281,PR0098,5,2026-08-28
PED0005624,317,PR0114,3,2026-06-22
PED0005625,464,PR0033,3,2026-08-07
PED0005626,185,PR0012,3,2026-08-10
PED0005627,451,PR0041,1,2026-06-06
PED0005628,395,PR0104,2,2026-06-30
PED0005629,990,PR0063,2,2026-09-04
PED0005630,401,PR0007,5,2026-06-15
PED0005631,620,PR0015,3,2026-06-25
PED0005632,942,PR0041,3,2026-06-09
PED0005633,983,PR0042,6,2026-06-18
PED0005634,421,PR0017,6,2026-08-06
PED0005635,625,PR0060,2,2026-08-28
PED0005636,684,PR0058,3,2026-08-02
PED0005637,540,PR0024,3,2026-06-30
PED0005638,382,PR0028,6,2026-08-30
PED0005639,173,PR0080,5,2026-07-09
PED0005640,878,PR0115,4,2026-07-04
PED0005641,398,PR0120,2,2026-07-24
PED0005642,263,PR0068,3,2026-06-15
PED0005643,88,PR0005,1,2026-07-08
PED0005644,636,PR0108,5,2026-08-23
PED0005645,817,PR0115,6,2026-08-03
PED0005646,326,PR0034,5,2026-09-12
PED0005647,691,PR0049,2,2026-08-21
PED0005648,999999,PR0004,3,2026-07-08
PED0005649,96,PR0097,6,2026-08-20
PED0005650,19,PR0094,3,2026-08-30
PED0005651,306,PR0003,6,2026-08-06
PED0005652,253,PR0085,4,2026-08-20
PED0005653,421,PR0050,3,2026-07-23
PED0005654,815,PR0066,4,2026-09-04
PED0005655,414,PR0027,2,2026-06-25
PED0005656,479,PR0098,3,2026-07-15
PED0005657,798,PR0049,2,2026-06-27
PED0005658,519,PR0101,5,2026-06-11
PED0005659,537,PR0018,4,2026-08-04
PED0005660,173,PR0071,3,2026-06-13
PED0005661,393,PR0038,5,2026-06-24
PED0005662,765,PR0116,3,2026-08-20
PED0005663,970,PR0067,6,2026-06-26
PED0005664,555,PR0087,4,2026-08-30
PED0005665,739,PR0011,6,2026-06-06
PED0005666,762,PR0082,6,2026-07-18
PED0005667,846,PR0013,2,2026-06-08
PED0005668,687,PR0044,2,2026-06-07
PED0005669,371,PR0027,6,2026-08-23
PED0005670,621,PR0001,2,2026-06-08
PED0005671,585,PR0071,5,2026-09-02
PED0005672,434,PR0029,2,2026-08-02
PED0005673,366,PR0062,6,2026-07-21
PED0005674,309,PR0092,5,2026-09-05
PED0005675,350,PR0022,4,2026-07-11
PED0005676,977,PR0086,3,2026-07-12
PED0005677,795,PR0036,4,2026-07-14
PED0005678,679,PR0040,3,2026-08-08
PED0005679,845,PR0070,3,2026-08-28
PED0005680,415,PR0076,2,2026-07-27
PED0005681,839,PR0079,1,2026-06-30
PED0005682,632,PR0024,6,2026-09-02
PED0005683,70,PR0070,5,2026-08-02
PED0005684,48,PR0032,3,2026-08-27
PED0005685,636,PR0034,5,2026-07-16
PED0005686,260,PR0114,4,2026-06-21
PED0005687,191,PR0013,4,2026-09-08
PED0005688,664,PR0050,1,2026-08-11
PED0005689,583,PR0053,4,2026-07-03
PED0005690,847,PR0030,1,2026-08-28
PED0005691,746,PR_INEXISTENTE,5,2026-06-01
PED0005692,503,PR0059,1,2026-09-06
PED0005693,760,PR0087,4,2026-07-31
PED0005694,979,PR0047,3,2026-08-01
PED0005695,99,PR0108,1,2026-06-02
PED0005696,694,PR0088,3,2026-06-19
PED0005697,177,PR0040,2,2026-08-15
PED0005698,532,PR0116,2,2026-07-29
PED0005699,88,PR0104,6,2026-06-14
PED0005700,856,PR0072,3,2026-08-09
PED0005701,516,PR0002,3,2026-08-18
PED0005702,982,PR0071,1,2026-06-29
PED0005703,856,PR0083,2,2026-08-12
PED0005704,972,PR0044,3,2026-09-11
PED0005705,784,PR0018,5,2026-07-21
PED0005706,41,PR0068,1,2026-06-25
PED0005707,984,PR0097,6,2026-09-10
PED0005708,271,PR0039,1,2026-09-04
PED0005709,693,PR0055,4,2026-07-18
PED0005710,618,PR0001,1,2026-07-15
PED0005711,553,PR0085,5,2026-08-27
PED0005712,161,PR0104,5,2026-06-01
PED0005713,274,PR0094,6,2026-07-03
PED0005714,398,PR0052,6,2026-07-28
PED0005715,314,PR0006,6,2026-08-08
PED0005716,177,PR0060,4,2026-08-05
PED0005717,172,PR_INEXISTENTE,6,2026-07-09
PED0005718,520,PR0011,1,2026-08-31
PED0005719,477,PR0026,4,2026-08-08
PED0005720,672,PR0101,6,2026-07-27
PED0005721,463,PR0069,3,2026-09-07
PED0005722,856,PR0021,6,2026-06-10
PED0005723,415,PR0003,-1,2026-08-14
PED0005724,16,PR0050,3,2026-09-06
PED0005725,362,PR0072,2,2026-08-09
PED0005726,526,PR0101,1,2026-07-30
PED0005727,121,PR0107,6,2026-07-09
PED0005728,779,PR0055,5,2026-06-29
PED0005729,760,PR0051,3,2026-07-28
PED0005730,64,PR0112,6,2026-09-03
PED0005731,684,PR0094,2,2026-07-19
PED0005732,883,PR0026,5,2026-06-13
PED0005733,583,PR0082,3,2026-07-21
PED0005734,930,PR0086,4,2026-06-11
PED0005735,847,PR0029,1,2026-09-07
PED0005736,35,PR0118,4,2026-07-27
PED0005737,508,PR0036,5,2026-06-23
PED0005738,566,PR0066,6,2026-08-05
PED0005739,982,PR0060,3,2026-07-27
PED0005740,350,PR0084,1,2026-07-24
PED0005741,794,PR0109,1,2026-08-02
PED0005742,77,PR0048,1,2026-09-06
PED0005743,739,PR0047,2,2026-08-29
PED0005744,878,PR0091,5,2026-06-28
PED0005745,983,PR0115,2,2026-06-26
PED0005746,446,PR0110,1,2026-09-12
PED0005747,925,PR0091,1,2026-08-07
PED0005748,165,PR0085,3,2026-06-03
PED0005749,440,PR0093,4,2026-07-26
PED0005750,858,PR0113,2,2026-06-13
PED0005751,43,PR0002,3,2026-06-04
PED0005752,31,PR0071,2,2026-06-20
PED0005753,930,PR0005,5,2026-06-27
PED0005754,398,PR0070,1,2026-06-09
PED0005755,500,PR0048,2,2026-08-27
PED0005756,143,PR0037,4,2026-07-17
PED0005757,919,PR0107,6,2026-07-28
PED0005758,989,PR0086,0,2026-08-30
PED0005759,5,PR0069,1,2026-08-27
PED0005760,806,PR0106,4,2026-08-26
PED0005761,271,PR0012,2,2026-06-21
PED0005762,248,PR0078,2,2026-08-18
PED0005763,641,PR0019,6,2026-09-13
PED0005764,443,PR0028,6,2026-06-01
PED0005765,464,PR0023,2,2026-08-31
PED0005766,326,PR0066,4,2026-08-30
PED0005767,372,PR0076,4,2026-08-28
PED0005768,153,PR0091,6,2026-07-12
PED0005769,970,PR0053,6,2026-06-21
PED0005770,811,PR0113,3,2026-08-16
PED0005771,735,PR0045,1,2026-08-05
PED0005772,779,PR0019,1,2026-08-16
PED0005773,451,PR0005,1,2026-06-27
PED0005774,200,PR0016,5,2026-06-19
PED0005775,183,PR0054,5,2026-09-03
PED0005776,778,PR0050,5,2026-07-25
PED0005777,999999,PR0103,1,2026-08-29
PED0005778,522,PR0016,1,2026-09-06
PED0005779,627,PR0032,2,2026-07-19
PED0005780,846,PR0118,4,2026-06-28
PED0005781,511,PR0004,1,2026-09-03
PED0005782,212,PR0051,4,2026-08-15
PED0005783,686,PR0024,6,2026-08-09
PED0005784,422,PR0065,1,2026-09-09
PED0005785,96,PR0117,5,2026-06-26
PED0005786,781,PR0028,4,2026-07-08
PED0005787,91,PR0045,6,2026-06-05
PED0005788,968,PR0054,2,2026-07-11
PED0005789,878,PR0096,2,2026-07-17
PED0005790,646,PR0119,0,2026-07-18
PED0005791,561,PR0012,5,2026-06-16
PED0005792,357,PR_INEXISTENTE,6,2026-08-24
PED0005793,36,PR0091,1,2026-07-22
PED0005794,453,PR0002,3,2026-07-17
PED0005795,267,PR0097,5,2026-08-30
PED0005796,613,PR0030,5,2026-07-22
PED0005797,657,PR0063,6,2026-09-02
PED0005798,440,PR0118,5,2026-06-24
PED0005799,58,PR0077,6,2026-08-29
PED0005800,488,PR0119,6,2026-09-12
PED0005801,296,PR0073,6,2026-08-18
PED0005802,952,PR0026,3,2026-09-02
PED0005803,725,PR0084,3,2026-08-17
PED0005804,227,PR0074,3,2026-08-03
PED0005805,61,PR0038,6,2026-08-20
PED0005806,36,PR0010,2,2026-09-09
PED0005807,824,PR0078,5,2026-08-03
PED0005808,165,PR0070,4,2026-08-12
PED0005809,648,PR0093,1,2026-06-09
PED0005810,762,PR_INEXISTENTE,3,2026-09-09
PED0005811,91,PR0065,2,2026-08-21
PED0005812,511,PR0099,5,2026-06-17
PED0005813,419,PR0107,3,2026-07-01
PED0005814,216,PR0113,0,2026-06-24
PED0005815,804,PR0026,1,2026-07-04
PED0005816,244,PR0021,1,2026-09-01
PED0005817,711,PR0070,5,2026-07-19
PED0005818,395,PR0056,6,2026-07-15
PED0005819,994,PR0029,2,2026-08-21
PED0005820,566,PR0013,5,2026-07-09
PED0005821,322,PR0018,4,2026-09-02
PED0005822,585,PR0041,3,2026-08-19
PED0005823,570,PR0089,3,2026-06-27
PED0005824,751,PR0008,5,2026-08-06
PED0005825,108,PR0013,6,2026-07-21
PED0005826,99,PR0032,3,2026-07-07
PED0005827,760,PR0105,3,2026-09-04
PED0005828,422,PR0119,5,2026-07-12
PED0005829,553,PR0053,4,2026-06-13
PED0005830,804,PR0006,3,2026-07-13
PED0005831,461,PR0002,3,2026-07-25
PED0005832,841,PR0104,4,2026-06-14
PED0005833,979,PR0054,1,2026-08-17
PED0005834,19,PR0010,1,2026-06-25
PED0005835,194,PR0101,4,2026-06-10
PED0005836,760,PR0064,2,2026-07-27
PED0005837,398,PR0042,4,2026-06-17
PED0005838,393,PR0055,5,2026-08-22
PED0005839,387,PR0028,2,2026-06-08
PED0005840,570,PR0112,3,2026-07-15
PED0005841,597,PR0095,6,2026-06-06
PED0005842,770,PR0024,1,2026-07-11
PED0005843,295,PR0089,5,2026-09-06
PED0005844,93,PR0022,2,2026-08-08
PED0005845,731,PR0055,6,2026-07-27
PED0005846,215,PR0090,3,2026-06-17
PED0005847,161,PR0005,1,2026-07-03
PED0005848,762,PR0088,5,2026-07-10
PED0005849,805,PR0028,1,2026-07-31
PED0005850,88,PR0084,3,2026-06-22
PED0005851,999999,PR0060,4,2026-09-13
PED0005852,898,PR0004,5,2026-08-08
PED0005853,937,PR0092,3,2026-07-03
PED0005854,798,PR0032,6,2026-06-12
PED0005855,122,PR0115,3,2026-08-02
PED0005856,102,PR0101,3,2026-07-18
PED0005857,908,PR0024,3,2026-08-10
PED0005858,412,PR0073,5,2026-08-02
PED0005859,190,PR0044,4,2026-08-07
PED0005860,597,PR0073,1,2026-08-27
PED0005861,691,PR0067,5,2026-07-26
PED0005862,172,PR0036,3,2026-08-16
PED0005863,508,PR0079,3,2026-07-08
PED0005864,449,PR0032,1,2026-09-08
PED0005865,376,PR0109,6,2026-07-13
PED0005866,999999,PR0114,1,2026-08-11
PED0005867,69,PR0020,6,2026-09-13
PED0005868,421,PR0088,1,2026-07-07
PED0005869,177,PR0112,4,2026-06-11
PED0005870,262,PR0016,1,2026-06-25
PED0005871,260,PR0089,3,2026-06-26
PED0005872,178,PR0113,6,2026-06-06
PED0005873,143,PR0028,4,2026-07-28
PED0005874,631,PR0070,4,2026-06-30
PED0005875,762,PR0096,1,2026-06-11
PED0005876,362,PR0041,6,2026-06-15
PED0005877,689,PR0029,3,2026-06-29
PED0005878,806,PR0048,4,2026-07-09
PED0005879,901,PR0041,6,2026-09-11
PED0005880,300,PR_INEXISTENTE,4,2026-08-13
PED0005881,183,PR0045,5,2026-08-15
PED0005882,836,PR0046,2,2026-08-12
PED0005883,566,PR0114,3,2026-08-24
PED0005884,798,PR0070,4,2026-07-04
PED0005885,641,PR0112,2,2026-06-11
PED0005886,798,PR0086,3,2026-07-24
PED0005887,999999,PR0107,5,2026-06-01
PED0005888,244,PR0024,6,2026-06-23
PED0005889,909,PR0113,5,2026-08-19
PED0005890,895,PR0114,6,2026-07-23
PED0005891,140,PR0005,6,2026-08-12
PED0005892,557,PR0043,2,2026-07-24
PED0005893,792,PR0050,6,2026-07-27
PED0005894,601,PR0051,4,2026-07-02
PED0005895,41,PR0094,6,2026-06-23
PED0005896,553,PR0084,4,2026-06-28
PED0005897,17,PR0026,1,2026-08-23
PED0005898,652,PR0074,4,2026-09-11
PED0005899,922,PR0117,5,2026-06-09
PED0005900,490,PR0053,1,2026-07-27
PED0005901,109,PR0112,4,2026-07-20
PED0005902,635,PR0078,4,2026-07-30
PED0005903,703,PR0111,3,2026-06-25
PED0005904,231,PR0109,5,2026-06-01
PED0005905,91,PR0003,1,2026-06-22
PED0005906,2,PR0097,3,2026-06-20
PED0005907,536,PR_INEXISTENTE,6,2026-06-06
PED0005908,106,PR0099,4,2026-07-08
PED0005909,300,PR0097,2,2026-08-11
PED0005910,435,PR0032,1,2026-09-10
PED0005911,5,PR0008,4,2026-08-09
PED0005912,999999,PR0051,6,2026-06-19
PED0005913,664,PR0037,1,2026-07-09
PED0005914,919,PR0067,1,2026-07-02
PED0005915,999999,PR0010,3,2026-06-23
PED0005916,462,PR0006,2,2026-09-12
PED0005917,735,PR0053,1,2026-08-08
PED0005918,383,PR0093,2,2026-07-21
PED0005919,202,PR0038,4,2026-07-16
PED0005920,376,PR0039,5,2026-07-04
PED0005921,212,PR0020,2,2026-07-14
PED0005922,824,PR0034,5,2026-08-06
PED0005923,69,PR0036,5,2026-09-06
PED0005924,663,PR_INEXISTENTE,1,2026-07-23
PED0005925,817,PR0042,6,2026-06-20
PED0005926,301,PR0035,2,2026-09-09
PED0005927,96,PR0082,5,2026-07-04
PED0005928,972,PR0041,5,2026-06-09
PED0005929,806,PR0091,6,2026-07-28
PED0005930,962,PR0073,3,2026-08-23
PED0005931,938,PR0077,4,2026-06-28
PED0005932,884,PR0071,1,2026-06-30
PED0005933,353,PR0111,0,2026-07-01
PED0005934,922,PR0031,6,2026-08-24
PED0005935,627,PR0118,1,2026-09-09
PED0005936,999999,PR0025,1,2026-08-29
PED0005937,405,PR0017,5,2026-06-24
PED0005938,738,PR0100,4,2026-08-29
PED0005939,324,PR0108,-1,2026-07-03
PED0005940,778,PR0012,2,2026-08-31
PED0005941,453,PR0072,2,2026-09-13
PED0005942,980,PR0062,5,2026-08-15
PED0005943,372,PR0027,3,2026-09-09
PED0005944,248,PR0063,5,2026-06-15
PED0005945,172,PR0083,3,2026-08-08
PED0005946,225,PR0069,3,2026-06-06
PED0005947,181,PR0063,2,2026-08-08
PED0005948,109,PR0107,4,2026-07-06
PED0005949,306,PR0028,2,2026-09-10
PED0005950,520,PR0075,6,2026-07-22
PED0005951,750,PR0038,3,2026-08-20
PED0005952,798,PR0117,5,2026-07-02
PED0005953,841,PR0031,3,2026-06-08
PED0005954,96,PR0105,3,2026-08-17
PED0005955,902,PR0076,3,2026-06-24
PED0005956,462,PR0026,3,2026-08-15
PED0005957,165,PR0092,3,2026-07-19
PED0005958,751,PR0029,6,2026-09-11
PED0005959,804,PR0032,5,2026-07-08
PED0005960,801,PR0042,1,2026-07-13
PED0005961,383,PR0082,1,2026-08-17
PED0005962,331,PR0047,1,2026-08-22
PED0005963,626,PR0069,5,2026-06-14
PED0005964,422,PR0067,2,2026-08-17
PED0005965,490,PR0024,0,2026-07-22
PED0005966,503,PR0028,5,2026-09-12
PED0005967,731,PR0037,1,2026-08-06
PED0005968,708,PR0027,1,2026-08-21
PED0005969,658,PR_INEXISTENTE,1,2026-07-07
PED0005970,876,PR0046,2,2026-06-30
PED0005971,972,PR0049,1,2026-08-22
PED0005972,536,PR0081,4,2026-06-02
PED0005973,271,PR0095,5,2026-07-31
PED0005974,878,PR0083,2,2026-09-10
PED0005975,627,PR0067,4,2026-09-13
PED0005976,412,PR0118,2,2026-08-15
PED0005977,91,PR0108,1,2026-07-23
PED0005978,658,PR0025,3,2026-08-25
PED0005979,641,PR0020,5,2026-06-02
PED0005980,532,PR0048,2,2026-08-23
PED0005981,849,PR0101,5,2026-06-20
PED0005982,618,PR0116,6,2026-08-17
PED0005983,36,PR0085,1,2026-07-07
PED0005984,40,PR0083,1,2026-08-18
PED0005985,583,PR0029,2,2026-08-03
PED0005986,122,PR0072,6,2026-09-06
PED0005987,949,PR0023,0,2026-08-22
PED0005988,831,PR0065,3,2026-09-04
PED0005989,998,PR0024,4,2026-06-16
PED0005990,236,PR0010,1,2026-07-10
PED0005991,830,PR0117,1,2026-07-16
PED0005992,202,PR0108,1,2026-06-04
PED0005993,730,PR0083,1,2026-06-03
PED0005994,990,PR0076,4,2026-06-05
PED0005995,860,PR0029,6,2026-08-20
PED0005996,261,PR0069,3,2026-07-17
PED0005997,687,PR0090,2,2026-08-18
PED0005998,177,PR0065,2,2026-08-27
PED0005999,904,PR0034,6,2026-06-04
PED0006000,545,PR0048,6,2026-08-28
PED0006001,700,PR0101,4,2026-06-24
PED0006002,629,PR0031,3,2026-07-13
PED0006003,514,PR0116,1,2026-09-10
PED0006004,393,PR0091,6,2026-07-02
PED0006005,781,PR0107,1,2026-09-07
PED0006006,896,PR0062,1,2026-07-24
PED0006007,983,PR0027,5,2026-06-02
PED0006008,663,PR0005,2,2026-08-27
PED0006009,925,PR0065,1,2026-06-05
PED0006010,462,PR0048,4,2026-08-06
PED0006011,976,PR0014,1,2026-07-19
PED0006012,519,PR0112,2,2026-06-15
PED0006013,597,PR0117,4,2026-07-25
PED0006014,256,PR0045,2,2026-07-09
PED0006015,593,PR0081,5,2026-06-11
PED0006016,43,PR0050,1,2026-07-29
PED0006017,593,PR0060,4,2026-06-05
PED0006018,503,PR0075,1,2026-07-27
PED0006019,941,PR0050,5,2026-06-24
PED0006020,572,PR0097,5,2026-08-27
PED0006021,805,PR0023,-1,2026-09-08
PED0006022,93,PR0081,2,2026-09-06
PED0006023,440,PR0118,2,2026-09-07
PED0006024,925,PR0103,6,2026-06-11
PED0006025,326,PR0006,0,2026-07-24
PED0006026,844,PR0014,2,2026-06-24
PED0006027,739,PR0076,1,2026-06-11
PED0006028,687,PR0111,3,2026-07-12
PED0006029,989,PR0102,4,2026-07-16
PED0006030,999999,PR0109,3,2026-07-02
PED0006031,514,PR0018,5,2026-06-12
PED0006032,760,PR0063,4,2026-07-13
PED0006033,449,PR0088,6,2026-06-17
PED0006034,494,PR0075,6,2026-06-05
PED0006035,477,PR0094,3,2026-07-18
PED0006036,423,PR0026,6,2026-06-07
PED0006037,484,PR0055,3,2026-09-10
PED0006038,195,PR0054,1,2026-08-28
PED0006039,985,PR0113,2,2026-09-06
PED0006040,419,PR0025,3,2026-06-11
PED0006041,736,PR0040,6,2026-07-19
PED0006042,762,PR0003,5,2026-08-26
PED0006043,185,PR0019,1,2026-07-31
PED0006044,16,PR0118,1,2026-07-03
PED0006045,689,PR0102,4,2026-08-27
PED0006046,751,PR0032,4,2026-07-03
PED0006047,48,PR0085,5,2026-09-11
PED0006048,446,PR0072,2,2026-06-11
PED0006049,609,PR0109,5,2026-08-14
PED0006050,281,PR0037,3,2026-06-02
PED0006051,369,PR0120,3,2026-09-04
PED0006052,126,PR0045,3,2026-07-08
PED0006053,657,PR0087,6,2026-06-03
PED0006054,177,PR0048,3,2026-08-27
PED0006055,703,PR0081,4,2026-09-10
PED0006056,909,PR0041,6,2026-09-05
PED0006057,684,PR0102,1,2026-07-22
PED0006058,479,PR0077,4,2026-06-07
PED0006059,331,PR0035,5,2026-06-24
PED0006060,423,PR0116,6,2026-06-04
PED0006061,700,PR0086,1,2026-06-05
PED0006062,70,PR0052,5,2026-06-17
PED0006063,583,PR0017,5,2026-07-30
PED0006064,562,PR0117,3,2026-08-20
PED0006065,706,PR0091,5,2026-08-01
PED0006066,982,PR0081,3,2026-06-22
PED0006067,883,PR0100,4,2026-08-03
PED0006068,815,PR0073,3,2026-06-25
PED0006069,999999,PR0028,2,2026-07-19
PED0006070,405,PR_INEXISTENTE,5,2026-09-02
PED0006071,902,PR0010,2,2026-06-15
PED0006072,999999,PR0008,2,2026-08-31
PED0006073,41,PR0088,6,2026-06-29
PED0006074,225,PR0103,6,2026-08-10
PED0006075,613,PR0020,4,2026-06-28
PED0006076,396,PR0069,4,2026-06-18
PED0006077,932,PR0015,3,2026-07-18
PED0006078,691,PR0050,4,2026-07-11
PED0006079,577,PR0095,4,2026-07-24
PED0006080,798,PR0098,4,2026-06-25
PED0006081,485,PR0114,4,2026-09-11
PED0006082,300,PR0038,4,2026-08-10
PED0006083,91,PR0114,6,2026-08-28
PED0006084,689,PR0095,5,2026-08-21
PED0006085,353,PR_INEXISTENTE,3,2026-08-16
PED0006086,514,PR0040,4,2026-06-15
PED0006087,572,PR0013,2,2026-08-01
PED0006088,341,PR0111,2,2026-09-03
PED0006089,412,PR0025,5,2026-06-11
PED0006090,464,PR0033,4,2026-07-19
PED0006091,571,PR0050,1,2026-06-20
PED0006092,181,PR0017,3,2026-08-23
PED0006093,331,PR0097,6,2026-09-06
PED0006094,898,PR0084,4,2026-06-06
PED0006095,804,PR0019,6,2026-08-24
PED0006096,93,PR0020,4,2026-07-08
PED0006097,324,PR0003,1,2026-09-10
PED0006098,446,PR0114,2,2026-06-02
PED0006099,854,PR0053,1,2026-06-21
PED0006100,750,PR0079,5,2026-08-15
PED0006101,610,PR0018,5,2026-08-21
PED0006102,908,PR0028,3,2026-06-09
PED0006103,296,PR0065,5,2026-06-17
PED0006104,191,PR0026,4,2026-07-06
PED0006105,625,PR0074,5,2026-06-04
PED0006106,100,PR0111,5,2026-08-22
PED0006107,254,PR0037,3,2026-08-10
PED0006108,2,PR0073,-1,2026-08-18
PED0006109,233,PR0110,2,2026-07-20
PED0006110,372,PR0108,5,2026-08-07
PED0006111,212,PR0001,6,2026-07-31
PED0006112,625,PR0014,2,2026-08-12
PED0006113,846,PR0119,5,2026-07-18
PED0006114,770,PR0112,1,2026-08-08
PED0006115,956,PR0039,3,2026-08-07
PED0006116,638,PR0063,5,2026-08-07
PED0006117,54,PR0069,2,2026-08-31
PED0006118,734,PR0081,2,2026-07-07
PED0006119,274,PR0091,3,2026-09-01
PED0006120,194,PR0045,1,2026-06-03
PED0006121,36,PR0107,4,2026-07-22
PED0006122,463,PR0008,1,2026-07-17
PED0006123,667,PR0004,-1,2026-08-31
PED0006124,401,PR0115,2,2026-06-05
PED0006125,708,PR0022,6,2026-06-23
PED0006126,566,PR_INEXISTENTE,6,2026-07-20
PED0006127,571,PR0035,1,2026-08-25
PED0006128,172,PR0044,1,2026-07-19
PED0006129,625,PR0004,5,2026-08-07
PED0006130,227,PR0114,2,2026-06-19
PED0006131,153,PR0044,4,2026-09-08
PED0006132,494,PR0021,6,2026-08-22
PED0006133,324,PR0059,0,2026-06-05
PED0006134,854,PR0019,6,2026-08-13
PED0006135,691,PR0095,0,2026-06-14
PED0006136,641,PR0009,2,2026-07-29
PED0006137,858,PR0060,4,2026-08-14
PED0006138,417,PR0047,6,2026-09-06
PED0006139,172,PR0005,4,2026-06-08
PED0006140,942,PR0007,1,2026-07-01
PED0006141,71,PR0063,2,2026-08-12
PED0006142,706,PR0048,5,2026-06-28
PED0006143,786,PR0016,4,2026-08-14
PED0006144,844,PR0017,1,2026-06-20
PED0006145,746,PR0097,4,2026-06-18
PED0006146,806,PR0088,3,2026-07-28
PED0006147,309,PR0073,1,2026-08-12
PED0006148,480,PR0101,2,2026-06-22
PED0006149,362,PR0009,6,2026-08-31
PED0006150,904,PR0083,5,2026-08-31
PED0006151,792,PR_INEXISTENTE,1,2026-06-09
PED0006152,25,PR0025,1,2026-07-02
PED0006153,657,PR0065,3,2026-07-29
PED0006154,712,PR0093,3,2026-07-22
PED0006155,506,PR0073,3,2026-06-27
PED0006156,185,PR0030,5,2026-07-26
PED0006157,300,PR0080,2,2026-09-10
PED0006158,484,PR0092,1,2026-07-03
PED0006159,93,PR0002,5,2026-06-23
PED0006160,106,PR0069,6,2026-08-17
PED0006161,177,PR0061,2,2026-07-30
PED0006162,519,PR0045,3,2026-08-12
PED0006163,387,PR0006,4,2026-08-07
PED0006164,341,PR0011,1,2026-08-19
PED0006165,849,PR0091,6,2026-08-16
PED0006166,735,PR0100,2,2026-08-03
PED0006167,396,PR0051,4,2026-07-18
PED0006168,998,PR0113,3,2026-07-19
PED0006169,60,PR0112,5,2026-06-28
PED0006170,882,PR_INEXISTENTE,2,2026-07-18
PED0006171,972,PR0070,1,2026-08-03
PED0006172,509,PR0116,4,2026-08-15
PED0006173,167,PR0074,-1,2026-08-21
PED0006174,412,PR0113,4,2026-07-10
PED0006175,382,PR0118,5,2026-08-16
PED0006176,526,PR0024,3,2026-07-16
PED0006177,754,PR0080,1,2026-07-08
PED0006178,892,PR0088,3,2026-06-18
PED0006179,679,PR0099,6,2026-06-28
PED0006180,464,PR0042,5,2026-08-11
PED0006181,597,PR0104,-1,2026-06-23
PED0006182,215,PR0059,2,2026-06-09
PED0006183,847,PR0047,4,2026-06-29
PED0006184,69,PR0019,4,2026-09-13
PED0006185,663,PR0039,4,2026-06-16
PED0006186,88,PR0117,6,2026-06-16
PED0006187,652,PR0086,5,2026-07-13
PED0006188,434,PR0088,2,2026-07-11
PED0006189,985,PR0108,2,2026-09-05
PED0006190,418,PR0033,4,2026-06-25
PED0006191,494,PR0080,6,2026-07-14
PED0006192,648,PR0045,6,2026-07-01
PED0006193,52,PR0102,4,2026-06-27
PED0006194,750,PR0051,4,2026-07-04
PED0006195,126,PR0103,5,2026-06-27
PED0006196,996,PR0090,6,2026-08-15
PED0006197,503,PR0093,1,2026-08-22
PED0006198,863,PR0112,2,2026-06-19
PED0006199,770,PR0095,3,2026-07-23
PED0006200,616,PR0039,4,2026-06-28
PED0006201,672,PR0063,2,2026-08-31
PED0006202,426,PR0057,2,2026-06-11
PED0006203,260,PR0008,1,2026-07-13
PED0006204,353,PR0072,1,2026-07-05
PED0006205,353,PR0053,3,2026-07-09
PED0006206,999999,PR0048,6,2026-09-07
PED0006207,712,PR0014,2,2026-07-27
PED0006208,423,PR0061,2,2026-07-10
PED0006209,631,PR0070,2,2026-08-24
PED0006210,895,PR0013,6,2026-08-21
PED0006211,222,PR0077,4,2026-06-16
PED0006212,884,PR0021,4,2026-07-19
PED0006213,850,PR0018,2,2026-07-14
PED0006214,502,PR0049,6,2026-07-18
PED0006215,345,PR0047,2,2026-07-07
PED0006216,66,PR0110,6,2026-08-26
PED0006217,202,PR0009,6,2026-09-13
PED0006218,294,PR0042,4,2026-06-03
PED0006219,625,PR0089,6,2026-08-29
PED0006220,624,PR0030,6,2026-08-30
PED0006221,930,PR0118,4,2026-07-09
PED0006222,225,PR0090,5,2026-07-21
PED0006223,45,PR0114,4,2026-06-11
PED0006224,435,PR0114,4,2026-07-07
PED0006225,862,PR0014,3,2026-06-26
PED0006226,477,PR0056,4,2026-09-04
PED0006227,959,PR0090,2,2026-06-12
PED0006228,896,PR0002,2,2026-07-06
PED0006229,296,PR0055,2,2026-07-21
PED0006230,739,PR0083,1,2026-09-11
PED0006231,561,PR0096,6,2026-08-25
PED0006232,515,PR0050,2,2026-09-07
PED0006233,809,PR0104,5,2026-07-03
PED0006234,537,PR0081,3,2026-06-29
PED0006235,278,PR0006,3,2026-07-30
PED0006236,334,PR0034,2,2026-07-06
PED0006237,921,PR0113,5,2026-06-02
PED0006238,441,PR0001,4,2026-08-25
PED0006239,625,PR0013,3,2026-06-10
PED0006240,925,PR0042,4,2026-06-21
PED0006241,37,PR0120,5,2026-09-08
PED0006242,490,PR0085,4,2026-08-16
PED0006243,260,PR0018,3,2026-08-07
PED0006244,970,PR0048,6,2026-06-14
PED0006245,779,PR0113,6,2026-06-27
PED0006246,449,PR0027,6,2026-06-22
PED0006247,646,PR0070,1,2026-08-07
PED0006248,901,PR0056,6,2026-07-23
PED0006249,19,PR0092,2,2026-07-08
PED0006250,7,PR0091,4,2026-08-18
PED0006251,453,PR0100,4,2026-08-21
PED0006252,841,PR_INEXISTENTE,2,2026-08-17
PED0006253,16,PR_INEXISTENTE,1,2026-06-12
PED0006254,909,PR0084,6,2026-08-03
PED0006255,216,PR0051,6,2026-06-23
PED0006256,925,PR0081,2,2026-06-29
PED0006257,942,PR0077,4,2026-09-11
PED0006258,876,PR0045,1,2026-07-14
PED0006259,194,PR0013,4,2026-08-22
PED0006260,735,PR0117,2,2026-06-26
PED0006261,538,PR0100,5,2026-09-11
PED0006262,447,PR0108,4,2026-06-30
PED0006263,25,PR0036,3,2026-06-20
PED0006264,629,PR0038,5,2026-07-04
PED0006265,686,PR0039,3,2026-06-19
PED0006266,959,PR0004,1,2026-08-02
PED0006267,571,PR0021,4,2026-06-16
PED0006268,699,PR0037,5,2026-06-22
PED0006269,845,PR0119,3,2026-08-13
PED0006270,805,PR0025,2,2026-06-05
PED0006271,291,PR0061,1,2026-07-17
PED0006272,972,PR0066,2,2026-08-12
PED0006273,557,PR0044,5,2026-07-17
PED0006274,214,PR0111,2,2026-06-03
PED0006275,990,PR0012,6,2026-06-17
PED0006276,712,PR0105,2,2026-09-10
PED0006277,878,PR0090,3,2026-08-21
PED0006278,19,PR0037,5,2026-07-07
PED0006279,6,PR0093,4,2026-08-31
PED0006280,801,PR0052,1,2026-06-01
PED0006281,679,PR0117,1,2026-06-05
PED0006282,561,PR0005,2,2026-09-01
PED0006283,107,PR0004,6,2026-08-10
PED0006284,624,PR0066,1,2026-08-02
PED0006285,65,PR0112,1,2026-07-07
PED0006286,161,PR0008,5,2026-08-25
PED0006287,503,PR0094,4,2026-08-03
PED0006288,641,PR0113,6,2026-07-16
PED0006289,906,PR0059,2,2026-07-10
PED0006290,532,PR0105,4,2026-07-08
PED0006291,771,PR0091,1,2026-07-31
PED0006292,369,PR0026,4,2026-08-08
PED0006293,419,PR0103,1,2026-08-24
PED0006294,938,PR0084,6,2026-07-13
PED0006295,977,PR0002,3,2026-06-27
PED0006296,369,PR_INEXISTENTE,2,2026-07-29
PED0006297,307,PR0079,6,2026-08-01
PED0006298,545,PR0097,1,2026-06-30
PED0006299,477,PR0093,5,2026-06-08
PED0006300,952,PR0058,4,2026-07-05
PED0006301,627,PR0036,5,2026-06-08
PED0006302,490,PR0024,2,2026-06-09
PED0006303,750,PR0011,6,2026-09-10
PED0006304,792,PR0077,3,2026-08-22
PED0006305,630,PR0116,3,2026-06-04
PED0006306,925,PR0010,3,2026-07-07
PED0006307,519,PR0085,2,2026-06-27
PED0006308,54,PR0071,2,2026-09-11
PED0006309,846,PR0021,1,2026-07-16
PED0006310,254,PR0026,3,2026-06-28
PED0006311,412,PR0035,3,2026-08-06
PED0006312,70,PR0083,0,2026-07-20
PED0006313,8,PR0036,6,2026-06-20
PED0006314,609,PR0100,1,2026-07-03
PED0006315,401,PR0045,6,2026-06-14
PED0006316,153,PR0014,6,2026-08-12
PED0006317,181,PR0012,1,2026-09-10
PED0006318,765,PR0049,5,2026-08-24
PED0006319,461,PR0049,2,2026-07-10
PED0006320,30,PR0089,1,2026-07-22
PED0006321,412,PR0058,6,2026-06-07
PED0006322,830,PR0020,1,2026-07-09
PED0006323,48,PR0026,2,2026-06-04
PED0006324,317,PR0068,1,2026-08-18
PED0006325,811,PR0041,1,2026-09-04
PED0006326,387,PR0081,1,2026-06-21
PED0006327,557,PR0111,6,2026-08-10
PED0006328,616,PR0043,1,2026-08-02
PED0006329,687,PR0067,5,2026-07-14
PED0006330,617,PR0100,1,2026-08-17
PED0006331,262,PR0026,6,2026-08-11
PED0006332,40,PR0062,6,2026-06-29
PED0006333,962,PR0037,4,2026-08-23
PED0006334,467,PR0076,5,2026-08-08
PED0006335,345,PR0090,2,2026-07-03
PED0006336,815,PR0017,5,2026-08-17
PED0006337,153,PR0023,2,2026-08-07
PED0006338,253,PR0003,4,2026-06-13
PED0006339,820,PR0002,6,2026-06-18
PED0006340,322,PR0007,5,2026-07-05
PED0006341,555,PR0085,2,2026-06-05
PED0006342,353,PR0109,5,2026-07-13
PED0006343,609,PR0050,6,2026-07-19
PED0006344,538,PR0106,6,2026-08-21
PED0006345,740,PR0088,5,2026-06-19
PED0006346,202,PR0097,5,2026-07-30
PED0006347,190,PR0089,5,2026-08-09
PED0006348,820,PR0024,5,2026-07-18
PED0006349,771,PR0063,1,2026-09-04
PED0006350,31,PR0064,5,2026-07-04
PED0006351,849,PR0077,2,2026-07-13
PED0006352,734,PR0096,4,2026-06-01
PED0006353,484,PR0014,3,2026-07-14
PED0006354,128,PR0081,2,2026-06-03
PED0006355,629,PR0100,2,2026-09-12
PED0006356,441,PR0014,1,2026-06-26
PED0006357,401,PR0050,3,2026-08-25
PED0006358,236,PR0108,3,2026-06-13
PED0006359,583,PR0003,3,2026-06-29
PED0006360,318,PR0020,0,2026-06-13
PED0006361,999999,PR0097,4,2026-07-09
PED0006362,970,PR0021,2,2026-08-03
PED0006363,108,PR0085,6,2026-07-15
PED0006364,854,PR0109,1,2026-08-03
PED0006365,792,PR0060,1,2026-08-24
PED0006366,392,PR0059,2,2026-06-05
PED0006367,921,PR0052,3,2026-07-15
PED0006368,69,PR0045,6,2026-08-02
PED0006369,109,PR0046,4,2026-07-25
PED0006370,847,PR0067,3,2026-06-16
PED0006371,652,PR0108,6,2026-06-22
PED0006372,798,PR0118,2,2026-07-10
PED0006373,392,PR0104,6,2026-08-08
PED0006374,630,PR0015,3,2026-09-12
PED0006375,820,PR0037,2,2026-07-09
PED0006376,446,PR0091,2,2026-07-25
PED0006377,839,PR0066,1,2026-07-03
PED0006378,37,PR0041,5,2026-06-04
PED0006379,784,PR0038,4,2026-07-12
PED0006380,443,PR0015,4,2026-07-07
PED0006381,980,PR0040,4,2026-06-16
PED0006382,349,PR0051,1,2026-08-10
PED0006383,371,PR0050,6,2026-06-28
PED0006384,904,PR0066,4,2026-06-24
PED0006385,990,PR0033,5,2026-07-11
PED0006386,540,PR0025,1,2026-09-10
PED0006387,561,PR_INEXISTENTE,5,2026-08-06
PED0006388,836,PR0049,5,2026-07-15
PED0006389,261,PR0031,3,2026-08-26
PED0006390,999999,PR0077,6,2026-06-03
PED0006391,256,PR0066,4,2026-07-06
PED0006392,986,PR0070,6,2026-07-27
PED0006393,613,PR0027,5,2026-07-22
PED0006394,561,PR0087,2,2026-08-10
PED0006395,36,PR0024,6,2026-08-13
PED0006396,751,PR0101,5,2026-07-18
PED0006397,609,PR0051,2,2026-09-06
PED0006398,244,PR0050,5,2026-09-06
PED0006399,324,PR0047,3,2026-07-20
PED0006400,770,PR0051,6,2026-09-03
PED0006401,353,PR0080,2,2026-08-07
PED0006402,638,PR0060,2,2026-06-15
PED0006403,464,PR0016,3,2026-06-13
PED0006404,43,PR0068,3,2026-06-09
PED0006405,750,PR0033,4,2026-06-23
PED0006406,16,PR0013,2,2026-07-03
PED0006407,318,PR0101,5,2026-06-08
PED0006408,949,PR0038,1,2026-08-03
PED0006409,100,PR0072,2,2026-07-14
PED0006410,127,PR0021,4,2026-08-03
PED0006411,401,PR0041,2,2026-07-23
PED0006412,270,PR0047,3,2026-06-29
PED0006413,515,PR0017,4,2026-08-04
PED0006414,395,PR0117,2,2026-09-08
PED0006415,597,PR0038,6,2026-07-04
PED0006416,490,PR0070,6,2026-07-03
PED0006417,813,PR0068,6,2026-07-25
PED0006418,908,PR0052,3,2026-08-24
PED0006419,503,PR0071,3,2026-07-26
PED0006420,488,PR0068,6,2026-08-27
PED0006421,417,PR0010,5,2026-06-08
PED0006422,345,PR0081,5,2026-06-11
PED0006423,306,PR0014,2,2026-07-13
PED0006424,687,PR0053,6,2026-06-25
PED0006425,956,PR0044,4,2026-06-03
PED0006426,107,PR0054,5,2026-06-23
PED0006427,446,PR0009,5,2026-06-29
PED0006428,920,PR0085,1,2026-09-05
PED0006429,350,PR0051,1,2026-08-22
PED0006430,860,PR0008,1,2026-07-07
PED0006431,921,PR0001,4,2026-09-09
PED0006432,588,PR0065,-1,2026-08-27
PED0006433,99,PR0080,1,2026-06-27
PED0006434,577,PR0066,1,2026-07-21
PED0006435,862,PR0087,3,2026-09-05
PED0006436,479,PR0091,3,2026-07-19
PED0006437,658,PR_INEXISTENTE,1,2026-07-09
PED0006438,536,PR0118,4,2026-09-03
PED0006439,998,PR0107,6,2026-08-09
PED0006440,446,PR0096,2,2026-07-17
PED0006441,902,PR0052,1,2026-08-31
PED0006442,96,PR0061,2,2026-08-18
PED0006443,371,PR0074,2,2026-07-07
PED0006444,485,PR0021,3,2026-07-15
PED0006445,908,PR0082,1,2026-06-05
PED0006446,813,PR0071,3,2026-06-11
PED0006447,999999,PR0063,1,2026-09-09
PED0006448,357,PR0101,5,2026-06-06
PED0006449,999999,PR0083,3,2026-08-27
PED0006450,476,PR0112,1,2026-06-22
PED0006451,932,PR0118,1,2026-07-27
PED0006452,689,PR0100,3,2026-08-15
PED0006453,767,PR0036,4,2026-09-13
PED0006454,233,PR0023,2,2026-07-10
PED0006455,809,PR0036,2,2026-09-06
PED0006456,61,PR0086,4,2026-07-18
PED0006457,585,PR0104,3,2026-08-31
PED0006458,5,PR0106,1,2026-06-11
PED0006459,968,PR0083,3,2026-06-29
PED0006460,712,PR0082,2,2026-08-05
PED0006461,982,PR0115,6,2026-08-14
PED0006462,36,PR0083,5,2026-08-24
PED0006463,901,PR0017,2,2026-07-08
PED0006464,37,PR0061,2,2026-08-05
PED0006465,91,PR0044,1,2026-08-05
PED0006466,406,PR0077,5,2026-09-12
PED0006467,736,PR0077,6,2026-06-13
PED0006468,731,PR0036,2,2026-06-02
PED0006469,942,PR0036,4,2026-07-31
PED0006470,849,PR0011,2,2026-06-02
PED0006471,398,PR0036,6,2026-06-21
PED0006472,703,PR0100,2,2026-07-23
PED0006473,624,PR0079,1,2026-06-29
PED0006474,45,PR0114,6,2026-06-28
PED0006475,972,PR0112,6,2026-07-07
PED0006476,571,PR0103,3,2026-08-12
PED0006477,274,PR0022,6,2026-07-09
PED0006478,462,PR_INEXISTENTE,2,2026-08-23
PED0006479,972,PR0007,2,2026-06-17
PED0006480,99,PR0012,4,2026-06-11
PED0006481,33,PR0028,4,2026-06-18
PED0006482,694,PR0034,3,2026-09-05
PED0006483,167,PR0002,5,2026-06-30
PED0006484,830,PR0102,5,2026-06-04
PED0006485,300,PR0064,1,2026-07-04
PED0006486,36,PR0079,6,2026-08-12
PED0006487,479,PR0079,1,2026-07-09
PED0006488,465,PR0117,4,2026-07-11
PED0006489,854,PR0018,3,2026-06-10
PED0006490,195,PR0042,3,2026-08-10
PED0006491,225,PR0038,1,2026-06-24
PED0006492,371,PR0067,3,2026-06-11
PED0006493,898,PR0064,1,2026-08-15
PED0006494,657,PR0095,6,2026-09-07
PED0006495,999999,PR0068,1,2026-08-04
PED0006496,476,PR0029,3,2026-09-07
PED0006497,999999,PR0068,2,2026-07-13
PED0006498,16,PR0116,2,2026-07-25
PED0006499,635,PR0070,3,2026-07-08
PED0006500,317,PR0072,6,2026-07-24
PED0006501,256,PR0022,3,2026-09-02
PED0006502,401,PR_INEXISTENTE,6,2026-08-06
PED0006503,52,PR0026,5,2026-06-03
PED0006504,949,PR0004,3,2026-07-31
PED0006505,231,PR0055,6,2026-07-10
PED0006506,831,PR0106,3,2026-07-28
PED0006507,779,PR0054,4,2026-07-29
PED0006508,350,PR0078,5,2026-08-01
PED0006509,180,PR0103,4,2026-08-30
PED0006510,658,PR0092,5,2026-08-30
PED0006511,693,PR0079,1,2026-09-11
PED0006512,401,PR0095,3,2026-08-04
PED0006513,976,PR0034,0,2026-06-30
PED0006514,820,PR0051,2,2026-06-21
PED0006515,443,PR0048,6,2026-08-29
PED0006516,194,PR0096,2,2026-09-04
PED0006517,908,PR0050,2,2026-06-04
PED0006518,267,PR0113,2,2026-06-23
PED0006519,69,PR0023,5,2026-08-11
PED0006520,69,PR0021,1,2026-06-18
PED0006521,511,PR0086,1,2026-06-06
PED0006522,436,PR0092,5,2026-09-13
PED0006523,762,PR0082,2,2026-06-11
PED0006524,412,PR0037,1,2026-06-23
PED0006525,841,PR0002,2,2026-09-12
PED0006526,175,PR0039,3,2026-06-11
PED0006527,153,PR0056,1,2026-08-23
PED0006528,261,PR0050,6,2026-07-30
PED0006529,712,PR0111,1,2026-07-27
PED0006530,476,PR0104,3,2026-08-26
PED0006531,693,PR0094,2,2026-06-03
PED0006532,453,PR0003,2,2026-06-07
PED0006533,975,PR0016,1,2026-06-21
PED0006534,236,PR0053,6,2026-07-22
PED0006535,687,PR0075,6,2026-09-10
PED0006536,537,PR0082,1,2026-06-08
PED0006537,436,PR0036,2,2026-07-15
PED0006538,820,PR0014,6,2026-07-16
PED0006539,597,PR0040,3,2026-06-21
PED0006540,317,PR0096,1,2026-07-07
PED0006541,904,PR0119,1,2026-06-22
PED0006542,536,PR0114,3,2026-06-15
PED0006543,689,PR0072,4,2026-07-25
PED0006544,128,PR0011,4,2026-09-06
PED0006545,88,PR0117,1,2026-07-13
PED0006546,980,PR0019,3,2026-08-06
PED0006547,920,PR0033,2,2026-08-10
PED0006548,353,PR0117,4,2026-08-28
PED0006549,631,PR0061,2,2026-08-26
PED0006550,976,PR0024,2,2026-09-04
PED0006551,178,PR0061,5,2026-08-25
PED0006552,165,PR_INEXISTENTE,4,2026-09-06
PED0006553,324,PR0038,3,2026-09-10
PED0006554,597,PR0115,1,2026-08-18
PED0006555,500,PR0036,1,2026-07-22
PED0006556,461,PR0108,5,2026-07-03
PED0006557,850,PR0066,6,2026-07-30
PED0006558,975,PR0079,4,2026-08-27
PED0006559,519,PR0085,1,2026-08-19
PED0006560,6,PR0067,3,2026-07-25
PED0006561,393,PR0005,2,2026-06-08
PED0006562,262,PR0111,1,2026-06-29
PED0006563,942,PR0058,1,2026-07-31
PED0006564,982,PR0079,3,2026-07-11
PED0006565,42,PR0067,3,2026-07-18
PED0006566,267,PR0080,4,2026-07-02
PED0006567,546,PR0043,5,2026-06-08
PED0006568,572,PR0102,2,2026-07-19
PED0006569,522,PR0027,2,2026-07-17
PED0006570,173,PR0079,5,2026-08-22
PED0006571,977,PR0070,2,2026-06-12
PED0006572,6,PR0061,1,2026-07-21
PED0006573,96,PR0003,6,2026-08-29
PED0006574,45,PR0047,2,2026-06-29
PED0006575,760,PR0006,1,2026-07-04
PED0006576,172,PR0061,5,2026-06-10
PED0006577,750,PR0083,4,2026-07-31
PED0006578,801,PR0063,1,2026-08-29
PED0006579,467,PR0091,6,2026-07-21
PED0006580,515,PR0044,2,2026-07-14
PED0006581,781,PR0037,5,2026-08-18
PED0006582,908,PR0054,4,2026-07-17
PED0006583,617,PR0028,5,2026-07-12
PED0006584,779,PR0097,5,2026-08-20
PED0006585,467,PR0098,5,2026-06-30
PED0006586,844,PR0050,1,2026-08-29
PED0006587,817,PR0096,6,2026-06-29
PED0006588,200,PR0004,1,2026-07-24
PED0006589,811,PR0019,2,2026-06-27
PED0006590,844,PR0034,3,2026-08-06
PED0006591,652,PR0047,2,2026-07-16
PED0006592,265,PR0028,4,2026-06-26
PED0006593,181,PR0062,1,2026-08-18
PED0006594,962,PR0096,3,2026-09-07
PED0006595,965,PR0055,3,2026-06-03
PED0006596,357,PR0054,4,2026-07-30
PED0006597,663,PR0008,4,2026-08-15
PED0006598,447,PR0034,5,2026-08-15
PED0006599,765,PR0097,1,2026-06-24
PED0006600,484,PR0098,6,2026-06-12
PED0006601,999999,PR0013,3,2026-07-24
PED0006602,443,PR0003,3,2026-08-06
PED0006603,830,PR0100,4,2026-07-01
PED0006604,418,PR0021,1,2026-07-09
PED0006605,457,PR0069,5,2026-07-26
PED0006606,222,PR0100,2,2026-07-18
PED0006607,461,PR0095,6,2026-07-21
PED0006608,401,PR0067,1,2026-08-11
PED0006609,395,PR0046,6,2026-09-12
PED0006610,687,PR0093,3,2026-08-23
PED0006611,771,PR0084,4,2026-06-01
PED0006612,64,PR0101,6,2026-07-07
PED0006613,44,PR0062,1,2026-06-02
PED0006614,898,PR0114,3,2026-08-31
PED0006615,931,PR0093,6,2026-08-07
PED0006616,180,PR0008,1,2026-06-23
PED0006617,6,PR0036,1,2026-08-28
PED0006618,794,PR0096,4,2026-07-30
PED0006619,398,PR0014,1,2026-06-06
PED0006620,334,PR0086,6,2026-06-16
PED0006621,765,PR0041,6,2026-08-24
PED0006622,197,PR0025,2,2026-07-01
PED0006623,960,PR0065,2,2026-07-26
PED0006624,999999,PR0112,5,2026-09-03
PED0006625,278,PR0108,4,2026-07-01
PED0006626,540,PR0049,5,2026-06-02
PED0006627,686,PR0001,6,2026-06-09
PED0006628,613,PR0107,3,2026-09-05
PED0006629,809,PR0108,2,2026-08-02
PED0006630,553,PR0073,4,2026-07-05
PED0006631,664,PR0076,4,2026-06-09
PED0006632,932,PR0064,3,2026-08-13
PED0006633,271,PR0002,2,2026-06-05
PED0006634,274,PR0020,2,2026-06-10
PED0006635,180,PR0018,4,2026-08-02
PED0006636,514,PR0110,3,2026-08-07
PED0006637,882,PR0006,3,2026-07-30
PED0006638,322,PR0067,1,2026-09-04
PED0006639,126,PR0044,6,2026-06-29
PED0006640,540,PR0001,5,2026-07-29
PED0006641,231,PR0111,6,2026-07-03
PED0006642,746,PR0003,5,2026-07-09
PED0006643,706,PR0103,4,2026-06-16
PED0006644,664,PR0094,2,2026-08-23
PED0006645,586,PR0096,4,2026-08-13
PED0006646,980,PR0020,4,2026-08-14
PED0006647,613,PR0106,6,2026-06-15
PED0006648,102,PR0072,2,2026-06-13
PED0006649,377,PR0049,1,2026-08-22
PED0006650,7,PR0082,1,2026-08-09
PED0006651,920,PR0041,2,2026-06-04
PED0006652,985,PR0034,4,2026-08-09
PED0006653,48,PR0035,1,2026-09-11
PED0006654,334,PR0069,1,2026-08-18
PED0006655,965,PR0073,3,2026-06-30
PED0006656,506,PR0029,5,2026-07-04
PED0006657,613,PR0030,3,2026-08-18
PED0006658,508,PR0114,2,2026-07-13
PED0006659,804,PR0062,2,2026-08-17
PED0006660,621,PR0104,-1,2026-09-09
PED0006661,30,PR0040,3,2026-07-13
PED0006662,215,PR0035,3,2026-07-31
PED0006663,532,PR0034,5,2026-07-22
PED0006664,161,PR0064,3,2026-07-24
PED0006665,109,PR0094,3,2026-06-08
PED0006666,697,PR0061,5,2026-09-12
PED0006667,326,PR0036,2,2026-07-27
PED0006668,706,PR0116,4,2026-06-25
PED0006669,121,PR0069,4,2026-07-31
PED0006670,566,PR_INEXISTENTE,2,2026-07-12
PED0006671,349,PR0002,1,2026-08-26
PED0006672,793,PR0068,6,2026-08-19
PED0006673,751,PR0075,2,2026-07-11
PED0006674,440,PR0112,3,2026-08-14
PED0006675,369,PR0028,4,2026-06-04
PED0006676,663,PR0020,1,2026-09-10
PED0006677,96,PR0120,1,2026-07-24
PED0006678,999999,PR0067,3,2026-08-08
PED0006679,506,PR0004,6,2026-08-07
PED0006680,526,PR0013,4,2026-07-03
PED0006681,371,PR0058,4,2026-08-12
PED0006682,30,PR0075,4,2026-07-12
PED0006683,613,PR0030,6,2026-08-11
PED0006684,990,PR0044,6,2026-06-10
PED0006685,919,PR0089,1,2026-06-16
PED0006686,479,PR0117,4,2026-09-05
PED0006687,69,PR0059,4,2026-08-17
PED0006688,984,PR0050,2,2026-06-14
PED0006689,994,PR0044,6,2026-06-23
PED0006690,5,PR0017,2,2026-07-28
PED0006691,976,PR0007,6,2026-06-01
PED0006692,265,PR0101,1,2026-07-13
PED0006693,236,PR0005,4,2026-07-05
PED0006694,479,PR0099,5,2026-06-15
PED0006695,447,PR0030,4,2026-07-02
PED0006696,143,PR0084,-1,2026-07-01
PED0006697,856,PR0115,1,2026-06-08
PED0006698,222,PR0090,4,2026-08-06
PED0006699,377,PR0088,0,2026-06-29
PED0006700,291,PR0032,4,2026-06-04
PED0006701,291,PR0072,1,2026-06-03
PED0006702,620,PR0078,5,2026-09-10
PED0006703,382,PR0052,3,2026-06-13
PED0006704,212,PR0005,1,2026-09-04
PED0006705,925,PR0110,3,2026-06-18
PED0006706,942,PR0024,2,2026-06-09
PED0006707,177,PR0117,6,2026-07-28
PED0006708,372,PR0112,6,2026-08-31
PED0006709,502,PR0003,1,2026-06-08
PED0006710,418,PR0089,4,2026-07-05
PED0006711,849,PR0077,1,2026-08-19
PED0006712,999999,PR0028,3,2026-06-08
PED0006713,440,PR0098,1,2026-06-18
PED0006714,509,PR0014,5,2026-07-03
PED0006715,122,PR0030,1,2026-08-24
PED0006716,636,PR0114,6,2026-08-24
PED0006717,689,PR0090,2,2026-08-14
PED0006718,195,PR0014,2,2026-08-09
PED0006719,271,PR0018,6,2026-06-03
PED0006720,824,PR0031,6,2026-06-26
PED0006721,830,PR0009,1,2026-09-05
PED0006722,307,PR0022,1,2026-08-15
PED0006723,522,PR0069,6,2026-06-26
PED0006724,959,PR_INEXISTENTE,6,2026-08-14
PED0006725,91,PR0035,3,2026-08-16
PED0006726,77,PR0038,1,2026-08-18
PED0006727,779,PR0117,1,2026-09-11
PED0006728,999999,PR0117,2,2026-07-27
PED0006729,345,PR0102,5,2026-06-07
PED0006730,798,PR0042,1,2026-08-25
PED0006731,213,PR0064,4,2026-06-02
PED0006732,516,PR_INEXISTENTE,5,2026-08-07
PED0006733,66,PR0104,1,2026-08-23
PED0006734,441,PR0090,6,2026-06-14
PED0006735,883,PR0109,6,2026-08-23
PED0006736,901,PR0067,2,2026-08-25
PED0006737,836,PR0111,1,2026-08-08
PED0006738,227,PR0090,2,2026-07-04
PED0006739,54,PR0089,2,2026-06-22
PED0006740,902,PR0080,2,2026-08-14
PED0006741,948,PR0041,6,2026-06-17
PED0006742,921,PR0074,1,2026-08-10
PED0006743,102,PR_INEXISTENTE,2,2026-06-18
PED0006744,844,PR0078,5,2026-07-06
PED0006745,691,PR0031,1,2026-07-24
PED0006746,754,PR0096,1,2026-06-17
PED0006747,405,PR0069,2,2026-08-23
PED0006748,30,PR0086,6,2026-08-12
PED0006749,691,PR0027,6,2026-06-02
PED0006750,765,PR0096,6,2026-08-29
PED0006751,202,PR0097,6,2026-08-15
PED0006752,994,PR0018,1,2026-08-28
PED0006753,597,PR0043,3,2026-08-03
PED0006754,334,PR0082,4,2026-08-05
PED0006755,414,PR0105,1,2026-07-11
PED0006756,588,PR0089,6,2026-06-24
PED0006757,786,PR0057,4,2026-06-25
PED0006758,17,PR0036,6,2026-07-04
PED0006759,635,PR0110,2,2026-07-01
PED0006760,233,PR0105,5,2026-08-19
PED0006761,813,PR0108,1,2026-07-26
PED0006762,122,PR0037,1,2026-07-14
PED0006763,532,PR0053,4,2026-08-16
PED0006764,5,PR0030,1,2026-08-16
PED0006765,658,PR0115,2,2026-09-07
PED0006766,18,PR0105,5,2026-07-03
PED0006767,307,PR0021,3,2026-06-26
PED0006768,520,PR0030,3,2026-06-01
PED0006769,765,PR0067,2,2026-06-17
PED0006770,107,PR0050,5,2026-08-03
PED0006771,194,PR0056,6,2026-08-24
PED0006772,689,PR0045,5,2026-08-03
PED0006773,82,PR0081,3,2026-09-13
PED0006774,694,PR0108,3,2026-08-05
PED0006775,212,PR0111,1,2026-09-01
PED0006776,750,PR0055,1,2026-06-29
PED0006777,484,PR0100,2,2026-07-05
PED0006778,222,PR0084,3,2026-08-25
PED0006779,725,PR0024,6,2026-08-09
PED0006780,931,PR0096,6,2026-07-22
PED0006781,52,PR0043,1,2026-09-09
PED0006782,762,PR0076,2,2026-08-20
PED0006783,901,PR0087,1,2026-07-02
PED0006784,464,PR0114,1,2026-08-04
PED0006785,703,PR0114,3,2026-07-12
PED0006786,931,PR0097,6,2026-07-14
PED0006787,307,PR0061,2,2026-08-24
PED0006788,121,PR0049,5,2026-08-11
PED0006789,691,PR0053,3,2026-06-02
PED0006790,194,PR0115,4,2026-07-31
PED0006791,248,PR0025,6,2026-08-07
PED0006792,546,PR0063,5,2026-07-24
PED0006793,464,PR0082,5,2026-07-02
PED0006794,648,PR0003,3,2026-08-08
PED0006795,66,PR0077,1,2026-09-08
PED0006796,449,PR0032,6,2026-06-10
PED0006797,862,PR0034,6,2026-08-03
PED0006798,711,PR0075,6,2026-09-04
PED0006799,195,PR0002,3,2026-07-13
PED0006800,577,PR0019,2,2026-07-06
PED0006801,841,PR0055,2,2026-06-26
PED0006802,526,PR0071,3,2026-06-24
PED0006803,700,PR0014,3,2026-07-12
PED0006804,6,PR0044,2,2026-08-21
PED0006805,700,PR0037,6,2026-06-20
PED0006806,465,PR0065,4,2026-06-25
PED0006807,815,PR0037,2,2026-09-13
PED0006808,435,PR0001,4,2026-09-13
PED0006809,839,PR0064,5,2026-06-24
PED0006810,751,PR0102,4,2026-07-15
PED0006811,231,PR0071,6,2026-07-13
PED0006812,994,PR0044,6,2026-07-02
PED0006813,976,PR0058,3,2026-06-17
PED0006814,322,PR0017,3,2026-06-07
PED0006815,227,PR0029,2,2026-08-04
PED0006816,291,PR0053,5,2026-06-05
PED0006817,180,PR0072,6,2026-08-05
PED0006818,388,PR0059,4,2026-06-10
PED0006819,760,PR0116,2,2026-06-17
PED0006820,765,PR0077,4,2026-06-01
PED0006821,121,PR0003,5,2026-07-12
PED0006822,25,PR0063,1,2026-07-05
PED0006823,909,PR0070,4,2026-07-05
PED0006824,820,PR0006,4,2026-07-03
PED0006825,271,PR0047,4,2026-09-07
PED0006826,25,PR0105,4,2026-07-16
PED0006827,516,PR0043,6,2026-08-24
PED0006828,657,PR0055,1,2026-06-25
PED0006829,650,PR0027,4,2026-07-21
PED0006830,106,PR0010,5,2026-06-07
PED0006831,260,PR0039,5,2026-06-28
PED0006832,901,PR0093,3,2026-06-08
PED0006833,985,PR0118,6,2026-06-03
PED0006834,646,PR0080,2,2026-06-20
PED0006835,48,PR0100,3,2026-06-17
PED0006836,153,PR0078,5,2026-07-04
PED0006837,801,PR0080,3,2026-08-18
PED0006838,892,PR0052,3,2026-06-16
PED0006839,296,PR0008,4,2026-08-04
PED0006840,908,PR0050,4,2026-07-09
PED0006841,508,PR0104,6,2026-07-13
PED0006842,638,PR0065,4,2026-09-05
PED0006843,436,PR0092,2,2026-07-19
PED0006844,553,PR0007,1,2026-06-28
PED0006845,177,PR0025,6,2026-06-25
PED0006846,167,PR0036,3,2026-06-18
PED0006847,618,PR0044,2,2026-08-24
PED0006848,295,PR0119,2,2026-08-09
PED0006849,908,PR0056,1,2026-06-29
PED0006850,629,PR0080,2,2026-07-22
PED0006851,58,PR0078,5,2026-07-24
PED0006852,177,PR0051,4,2026-06-05
PED0006853,167,PR0116,4,2026-09-04
PED0006854,503,PR0027,1,2026-08-22
PED0006855,350,PR0005,5,2026-07-27
PED0006856,326,PR0090,6,2026-08-15
PED0006857,858,PR0079,6,2026-06-12
PED0006858,500,PR0032,3,2026-09-11
PED0006859,61,PR0105,4,2026-08-07
PED0006860,725,PR0020,2,2026-09-07
PED0006861,734,PR0031,6,2026-08-30
PED0006862,421,PR0019,6,2026-08-01
PED0006863,839,PR0023,2,2026-07-01
PED0006864,820,PR0088,3,2026-08-12
PED0006865,100,PR0085,2,2026-07-24
PED0006866,699,PR0078,4,2026-07-13
PED0006867,212,PR0104,2,2026-08-14
PED0006868,555,PR0009,5,2026-09-02
PED0006869,751,PR0075,6,2026-06-18
PED0006870,532,PR0014,6,2026-07-29
PED0006871,941,PR0115,2,2026-08-21
PED0006872,630,PR0077,1,2026-07-05
PED0006873,443,PR0092,5,2026-07-06
PED0006874,254,PR0069,1,2026-06-01
PED0006875,225,PR0047,3,2026-07-04
PED0006876,631,PR0083,6,2026-08-01
PED0006877,60,PR0101,3,2026-09-11
PED0006878,194,PR0022,1,2026-07-26
PED0006879,33,PR0105,6,2026-07-01
PED0006880,422,PR0088,5,2026-08-25
PED0006881,999999,PR0011,2,2026-06-20
PED0006882,45,PR0113,4,2026-06-20
PED0006883,326,PR0022,4,2026-07-25
PED0006884,621,PR0073,4,2026-08-25
PED0006885,999999,PR0016,6,2026-06-23
PED0006886,999999,PR0024,5,2026-06-02
PED0006887,405,PR0078,2,2026-08-15
PED0006888,485,PR0082,6,2026-08-01
PED0006889,465,PR0083,6,2026-08-12
PED0006890,807,PR0042,1,2026-07-12
PED0006891,830,PR0099,2,2026-06-13
PED0006892,128,PR0006,4,2026-07-05
PED0006893,253,PR0103,6,2026-07-20
PED0006894,77,PR0037,5,2026-07-16
PED0006895,794,PR0075,4,2026-09-02
PED0006896,40,PR0109,2,2026-06-24
PED0006897,751,PR0031,1,2026-07-03
PED0006898,35,PR0050,6,2026-06-20
PED0006899,503,PR0100,4,2026-07-30
PED0006900,895,PR0104,3,2026-08-24
PED0006901,127,PR0029,6,2026-09-01
PED0006902,698,PR_INEXISTENTE,1,2026-06-24
PED0006903,793,PR0040,0,2026-07-16
PED0006904,515,PR0063,6,2026-08-17
PED0006905,100,PR0046,2,2026-06-05
PED0006906,248,PR0001,6,2026-08-14
PED0006907,253,PR0111,6,2026-06-15
PED0006908,126,PR0077,1,2026-06-04
PED0006909,942,PR0056,3,2026-06-12
PED0006910,197,PR0013,5,2026-09-01
PED0006911,999999,PR0009,3,2026-08-11
PED0006912,909,PR0058,2,2026-08-22
PED0006913,985,PR0078,1,2026-08-12
PED0006914,317,PR0032,1,2026-08-23
PED0006915,577,PR0090,2,2026-07-23
PED0006916,44,PR0048,2,2026-08-24
PED0006917,436,PR0002,2,2026-06-06
PED0006918,25,PR0065,6,2026-08-01
PED0006919,5,PR0022,4,2026-08-19
PED0006920,414,PR0002,1,2026-09-13
PED0006921,102,PR0016,1,2026-07-08
PED0006922,792,PR0035,1,2026-06-19
PED0006923,708,PR0062,2,2026-08-15
PED0006924,920,PR0119,5,2026-06-08
PED0006925,227,PR0027,1,2026-08-21
PED0006926,781,PR0007,3,2026-08-13
PED0006927,36,PR0023,3,2026-08-12
PED0006928,999999,PR0039,1,2026-07-01
PED0006929,908,PR0025,1,2026-06-13
PED0006930,855,PR0039,2,2026-08-03
PED0006931,40,PR0117,1,2026-07-09
PED0006932,537,PR0046,5,2026-07-12
PED0006933,621,PR0077,6,2026-06-20
PED0006934,42,PR0083,4,2026-07-06
PED0006935,296,PR0016,5,2026-08-27
PED0006936,760,PR0030,5,2026-09-02
PED0006937,300,PR0050,6,2026-07-07
PED0006938,350,PR0056,1,2026-06-15
PED0006939,965,PR0002,6,2026-06-04
PED0006940,694,PR0078,3,2026-06-20
PED0006941,762,PR0037,4,2026-06-02
PED0006942,849,PR0039,5,2026-08-10
PED0006943,490,PR0073,3,2026-08-07
PED0006944,684,PR0114,2,2026-08-22
PED0006945,314,PR0104,1,2026-07-05
PED0006946,185,PR0118,2,2026-08-27
PED0006947,91,PR0050,1,2026-06-18
PED0006948,127,PR0015,3,2026-06-25
PED0006949,762,PR0026,5,2026-09-05
PED0006950,970,PR0042,3,2026-09-01
PED0006951,287,PR0037,4,2026-08-02
PED0006952,457,PR0025,2,2026-08-04
PED0006953,617,PR0019,4,2026-08-13
PED0006954,387,PR0023,6,2026-08-26
PED0006955,307,PR0079,2,2026-06-25
PED0006956,126,PR0059,3,2026-06-08
PED0006957,362,PR0005,6,2026-06-20
PED0006958,417,PR0068,4,2026-07-08
PED0006959,414,PR0102,-1,2026-06-25
PED0006960,462,PR0052,1,2026-07-26
PED0006961,295,PR0039,6,2026-06-15
PED0006962,827,PR0033,4,2026-07-31
PED0006963,451,PR0046,1,2026-08-14
PED0006964,357,PR0034,-1,2026-06-11
PED0006965,998,PR0111,6,2026-07-01
PED0006966,555,PR0120,6,2026-07-27
PED0006967,326,PR0042,2,2026-06-07
PED0006968,236,PR0111,3,2026-08-09
PED0006969,322,PR0103,-1,2026-08-19
PED0006970,956,PR0010,5,2026-07-08
PED0006971,61,PR0059,4,2026-06-01
PED0006972,407,PR0079,2,2026-07-23
PED0006973,882,PR0051,5,2026-08-31
PED0006974,684,PR0055,4,2026-07-01
PED0006975,8,PR0060,4,2026-08-29
PED0006976,553,PR0083,6,2026-08-31
PED0006977,377,PR0036,3,2026-06-30
PED0006978,856,PR0072,4,2026-08-02
PED0006979,698,PR0030,1,2026-06-05
PED0006980,941,PR0107,5,2026-07-28
PED0006981,153,PR0011,4,2026-09-01
PED0006982,887,PR0009,6,2026-09-08
PED0006983,769,PR0005,2,2026-06-21
PED0006984,613,PR0042,6,2026-08-09
PED0006985,860,PR0073,4,2026-06-07
PED0006986,324,PR0119,2,2026-06-30
PED0006987,904,PR0055,1,2026-08-27
PED0006988,854,PR0022,2,2026-08-07
PED0006989,588,PR0045,2,2026-07-12
PED0006990,982,PR0016,4,2026-09-09
PED0006991,82,PR0057,6,2026-08-19
PED0006992,476,PR0088,6,2026-06-03
PED0006993,811,PR0005,5,2026-06-09
PED0006994,194,PR0094,3,2026-08-05
PED0006995,588,PR0028,4,2026-09-01
PED0006996,664,PR0081,2,2026-06-17
PED0006997,849,PR0098,2,2026-07-27
PED0006998,621,PR0094,4,2026-08-25
PED0006999,476,PR0081,0,2026-08-30
PED0007000,731,PR0084,1,2026-08-07
PED0007001,909,PR0023,1,2026-09-13
PED0007002,214,PR0017,2,2026-09-07
PED0007003,980,PR0046,2,2026-08-27
PED0007004,570,PR0073,1,2026-08-10
PED0007005,976,PR0075,1,2026-09-12
PED0007006,635,PR0094,1,2026-06-02
PED0007007,256,PR0038,3,2026-06-10
PED0007008,739,PR0104,5,2026-07-24
PED0007009,294,PR0054,1,2026-08-10
PED0007010,520,PR0030,2,2026-09-03
PED0007011,762,PR0089,6,2026-08-11
PED0007012,423,PR0016,2,2026-06-25
PED0007013,69,PR0049,6,2026-09-04
PED0007014,42,PR0094,4,2026-06-09
PED0007015,784,PR0093,5,2026-06-10
PED0007016,999999,PR0031,2,2026-08-15
PED0007017,936,PR0020,2,2026-09-10
PED0007018,699,PR0004,3,2026-07-23
PED0007019,70,PR0011,1,2026-06-15
PED0007020,984,PR0100,2,2026-06-05
PED0007021,270,PR0095,6,2026-09-11
PED0007022,202,PR0061,1,2026-06-30
PED0007023,296,PR0069,4,2026-08-07
PED0007024,876,PR0040,5,2026-07-05
PED0007025,17,PR0024,1,2026-06-23
PED0007026,977,PR0002,1,2026-08-10
PED0007027,571,PR0081,4,2026-08-17
PED0007028,601,PR0005,2,2026-07-20
PED0007029,296,PR0013,6,2026-07-24
PED0007030,173,PR0096,2,2026-07-22
PED0007031,976,PR0070,1,2026-08-02
PED0007032,986,PR0059,2,2026-08-24
PED0007033,33,PR0027,2,2026-08-14
PED0007034,849,PR0018,1,2026-06-30
PED0007035,636,PR0056,4,2026-06-26
PED0007036,841,PR0044,3,2026-08-10
PED0007037,750,PR0065,4,2026-08-07
PED0007038,190,PR_INEXISTENTE,2,2026-07-09
PED0007039,202,PR0028,1,2026-08-28
PED0007040,965,PR0014,1,2026-07-14
PED0007041,711,PR0051,1,2026-07-06
PED0007042,153,PR0034,6,2026-07-29
PED0007043,657,PR0027,2,2026-06-21
PED0007044,54,PR0066,2,2026-08-13
PED0007045,66,PR0060,4,2026-09-03
PED0007046,74,PR0026,1,2026-09-08
PED0007047,618,PR0084,4,2026-07-17
PED0007048,140,PR0042,4,2026-06-29
PED0007049,736,PR0041,5,2026-07-21
PED0007050,909,PR0058,1,2026-06-11
PED0007051,457,PR0017,-1,2026-08-10
PED0007052,143,PR0051,5,2026-07-16
PED0007053,280,PR0070,3,2026-06-13
PED0007054,798,PR0016,1,2026-07-28
PED0007055,956,PR0068,4,2026-08-15
PED0007056,40,PR0005,3,2026-06-24
PED0007057,781,PR0073,6,2026-07-13
PED0007058,908,PR0005,6,2026-09-02
PED0007059,153,PR0022,4,2026-08-14
PED0007060,922,PR0043,0,2026-08-23
PED0007061,274,PR0074,5,2026-07-18
PED0007062,990,PR0087,2,2026-07-22
PED0007063,778,PR0057,6,2026-07-23
PED0007064,514,PR0016,4,2026-07-18
PED0007065,215,PR0047,3,2026-06-16
PED0007066,976,PR0095,6,2026-06-05
PED0007067,477,PR0011,4,2026-08-27
PED0007068,793,PR0086,3,2026-07-27
PED0007069,307,PR0047,2,2026-07-26
PED0007070,902,PR0001,4,2026-08-02
PED0007071,463,PR0084,2,2026-07-14
PED0007072,182,PR0004,1,2026-09-02
PED0007073,984,PR0045,1,2026-07-20
PED0007074,862,PR0024,4,2026-07-23
PED0007075,200,PR0071,6,2026-07-26
PED0007076,641,PR0007,2,2026-06-17
PED0007077,506,PR0011,2,2026-06-19
PED0007078,629,PR0064,4,2026-06-19
PED0007079,197,PR0120,1,2026-06-27
PED0007080,260,PR0005,1,2026-06-17
PED0007081,372,PR0056,4,2026-06-24
PED0007082,884,PR0097,4,2026-09-07
PED0007083,484,PR0035,0,2026-07-08
PED0007084,233,PR0060,2,2026-08-23
PED0007085,898,PR0101,2,2026-07-12
PED0007086,99,PR0088,5,2026-08-26
PED0007087,693,PR0036,4,2026-08-19
PED0007088,265,PR0091,5,2026-08-28
PED0007089,435,PR0082,1,2026-07-01
PED0007090,648,PR0061,6,2026-06-11
PED0007091,388,PR0053,2,2026-07-03
PED0007092,994,PR0112,6,2026-08-13
PED0007093,540,PR0105,6,2026-08-08
PED0007094,154,PR0119,3,2026-08-13
PED0007095,440,PR0082,5,2026-09-13
PED0007096,350,PR0044,5,2026-06-24
PED0007097,401,PR0014,5,2026-07-17
PED0007098,434,PR0016,1,2026-07-22
PED0007099,2,PR0115,1,2026-06-16
PED0007100,537,PR0044,6,2026-08-09
PED0007101,959,PR0014,5,2026-06-06
PED0007102,629,PR0027,4,2026-09-03
PED0007103,827,PR0003,2,2026-06-10
PED0007104,357,PR0064,3,2026-06-12
PED0007105,779,PR0071,3,2026-06-19
PED0007106,74,PR0046,3,2026-09-02
PED0007107,280,PR0090,4,2026-08-30
PED0007108,477,PR0058,5,2026-09-05
PED0007109,461,PR0116,3,2026-08-27
PED0007110,610,PR0092,6,2026-09-05
PED0007111,862,PR0010,1,2026-07-20
PED0007112,883,PR0033,5,2026-06-01
PED0007113,295,PR0091,5,2026-07-16
PED0007114,449,PR0065,4,2026-06-24
PED0007115,260,PR0091,3,2026-06-26
PED0007116,968,PR0041,3,2026-08-12
PED0007117,215,PR0005,3,2026-06-18
PED0007118,467,PR0095,6,2026-07-04
PED0007119,467,PR0095,1,2026-07-12
PED0007120,443,PR0077,4,2026-06-07
PED0007121,102,PR0049,6,2026-08-13
PED0007122,684,PR0002,4,2026-08-20
PED0007123,930,PR0088,4,2026-07-29
PED0007124,895,PR0080,4,2026-06-04
PED0007125,925,PR0081,4,2026-08-22
PED0007126,738,PR_INEXISTENTE,4,2026-07-17
PED0007127,25,PR0088,6,2026-06-28
PED0007128,406,PR0087,5,2026-09-08
PED0007129,396,PR0103,6,2026-08-30
PED0007130,294,PR0069,4,2026-07-17
PED0007131,191,PR0088,5,2026-07-17
PED0007132,274,PR0049,6,2026-09-04
PED0007133,127,PR0084,2,2026-06-21
PED0007134,61,PR0084,6,2026-07-13
PED0007135,694,PR0094,5,2026-07-30
PED0007136,585,PR0103,3,2026-07-07
PED0007137,762,PR0001,5,2026-07-04
PED0007138,185,PR0094,2,2026-06-12
PED0007139,937,PR0096,5,2026-06-29
PED0007140,771,PR0066,4,2026-07-08
PED0007141,738,PR0063,6,2026-08-27
PED0007142,19,PR0087,4,2026-07-06
PED0007143,711,PR0055,4,2026-06-17
PED0007144,786,PR0050,4,2026-08-28
PED0007145,537,PR0097,4,2026-07-07
PED0007146,846,PR0095,6,2026-09-05
PED0007147,387,PR0025,5,2026-06-12
PED0007148,173,PR0100,1,2026-06-03
PED0007149,548,PR0040,4,2026-09-05
PED0007150,804,PR0017,2,2026-06-11
PED0007151,784,PR0106,1,2026-06-01
PED0007152,754,PR0029,6,2026-08-07
PED0007153,750,PR0025,6,2026-07-04
PED0007154,650,PR0033,6,2026-07-21
PED0007155,33,PR0059,3,2026-07-13
PED0007156,621,PR0020,3,2026-07-02
PED0007157,396,PR0020,5,2026-07-21
PED0007158,281,PR0048,2,2026-06-28
PED0007159,415,PR0027,1,2026-06-24
PED0007160,372,PR0024,3,2026-06-24
PED0007161,143,PR0110,4,2026-06-13
PED0007162,697,PR0072,3,2026-07-26
PED0007163,998,PR0002,2,2026-07-28
PED0007164,679,PR0013,4,2026-06-02
PED0007165,1000,PR0098,6,2026-07-19
PED0007166,294,PR0033,2,2026-08-17
PED0007167,847,PR0019,3,2026-06-01
PED0007168,350,PR0080,2,2026-07-02
PED0007169,641,PR0101,2,2026-09-09
PED0007170,668,PR0048,4,2026-07-15
PED0007171,986,PR0090,3,2026-06-02
PED0007172,982,PR0051,4,2026-07-26
PED0007173,182,PR0014,1,2026-07-14
PED0007174,999999,PR0096,4,2026-06-23
PED0007175,952,PR0111,1,2026-06-08
PED0007176,453,PR0119,3,2026-09-01
PED0007177,952,PR0013,6,2026-08-25
PED0007178,280,PR0068,3,2026-08-11
PED0007179,765,PR0075,5,2026-06-02
PED0007180,548,PR0010,3,2026-08-31
PED0007181,421,PR0115,6,2026-07-20
PED0007182,899,PR0013,6,2026-07-20
PED0007183,784,PR0033,6,2026-09-01
PED0007184,154,PR0117,3,2026-07-16
PED0007185,465,PR0067,2,2026-06-25
PED0007186,508,PR0082,4,2026-06-25
PED0007187,280,PR0060,5,2026-09-06
PED0007188,932,PR0091,4,2026-07-28
PED0007189,516,PR0010,5,2026-07-31
PED0007190,6,PR0082,6,2026-08-02
PED0007191,734,PR0008,5,2026-06-24
PED0007192,896,PR0022,3,2026-07-15
PED0007193,167,PR0061,2,2026-09-08
PED0007194,418,PR0054,3,2026-06-16
PED0007195,398,PR0019,4,2026-09-08
PED0007196,519,PR0096,6,2026-06-29
PED0007197,506,PR0037,2,2026-07-02
PED0007198,537,PR0104,1,2026-06-02
PED0007199,616,PR0002,2,2026-08-09
PED0007200,154,PR0029,4,2026-07-04
PED0007201,280,PR0036,2,2026-07-19
PED0007202,19,PR0072,3,2026-07-31
PED0007203,896,PR0049,2,2026-08-06
PED0007204,485,PR0019,6,2026-09-09
PED0007205,691,PR0069,4,2026-07-29
PED0007206,447,PR0115,5,2026-06-19
PED0007207,407,PR0017,4,2026-08-13
PED0007208,725,PR0031,1,2026-06-06
PED0007209,734,PR0058,2,2026-08-28
PED0007210,609,PR0088,6,2026-07-02
PED0007211,652,PR0017,4,2026-08-15
PED0007212,281,PR0028,5,2026-06-17
PED0007213,93,PR0029,-1,2026-07-13
PED0007214,154,PR0074,4,2026-08-13
PED0007215,371,PR_INEXISTENTE,4,2026-08-05
PED0007216,730,PR0080,2,2026-06-01
PED0007217,588,PR0052,2,2026-06-04
PED0007218,42,PR0040,1,2026-09-11
PED0007219,45,PR0104,2,2026-07-26
PED0007220,687,PR0099,4,2026-08-29
PED0007221,396,PR0097,6,2026-06-08
PED0007222,295,PR0107,3,2026-07-22
PED0007223,270,PR0029,4,2026-07-31
PED0007224,863,PR0103,6,2026-09-05
PED0007225,530,PR0022,5,2026-08-14
PED0007226,190,PR0040,2,2026-08-05
PED0007227,962,PR0067,2,2026-07-01
PED0007228,143,PR0090,4,2026-09-13
PED0007229,2,PR0070,2,2026-07-05
PED0007230,401,PR0068,2,2026-06-30
PED0007231,626,PR0046,4,2026-08-15
PED0007232,213,PR0072,4,2026-09-13
PED0007233,959,PR0058,2,2026-08-29
PED0007234,446,PR0058,1,2026-06-19
PED0007235,896,PR0071,5,2026-08-25
PED0007236,388,PR0073,3,2026-07-08
PED0007237,35,PR0040,4,2026-06-24
PED0007238,746,PR0017,2,2026-09-07
PED0007239,212,PR0036,2,2026-09-08
PED0007240,300,PR0050,4,2026-07-09
PED0007241,625,PR0020,1,2026-06-03
PED0007242,212,PR0022,2,2026-06-23
PED0007243,300,PR0115,5,2026-07-27
PED0007244,794,PR0034,5,2026-06-07
PED0007245,658,PR0089,3,2026-06-24
PED0007246,847,PR0016,1,2026-06-16
PED0007247,545,PR_INEXISTENTE,1,2026-09-08
PED0007248,108,PR0026,4,2026-07-08
PED0007249,300,PR0048,-1,2026-07-10
PED0007250,763,PR0094,4,2026-07-15
PED0007251,855,PR0025,3,2026-06-02
PED0007252,387,PR0066,1,2026-07-27
PED0007253,262,PR0095,2,2026-09-04
PED0007254,318,PR0003,1,2026-08-25
PED0007255,571,PR0004,3,2026-06-27
PED0007256,502,PR0095,2,2026-06-02
PED0007257,699,PR0032,1,2026-08-21
PED0007258,629,PR0110,4,2026-08-28
PED0007259,449,PR0112,3,2026-09-05
PED0007260,65,PR0106,6,2026-07-31
PED0007261,629,PR0120,3,2026-07-20
PED0007262,985,PR0099,1,2026-08-19
PED0007263,60,PR0047,5,2026-08-12
PED0007264,345,PR0120,5,2026-08-19
PED0007265,476,PR0042,6,2026-06-30
PED0007266,401,PR0071,5,2026-09-03
PED0007267,295,PR0001,3,2026-06-04
PED0007268,999999,PR0116,5,2026-06-10
PED0007269,7,PR0072,5,2026-08-08
PED0007270,265,PR0114,4,2026-07-31
PED0007271,801,PR0043,5,2026-07-29
PED0007272,760,PR0038,6,2026-09-04
PED0007273,976,PR0063,5,2026-08-31
PED0007274,635,PR0104,4,2026-08-15
PED0007275,519,PR0066,3,2026-06-18
PED0007276,691,PR0096,6,2026-06-11
PED0007277,593,PR0026,6,2026-06-15
PED0007278,270,PR0094,2,2026-08-04
PED0007279,994,PR0088,1,2026-08-14
PED0007280,60,PR0108,5,2026-08-23
PED0007281,178,PR0007,2,2026-06-11
PED0007282,366,PR0047,6,2026-06-29
PED0007283,126,PR0011,1,2026-07-06
PED0007284,502,PR0049,6,2026-08-06
PED0007285,698,PR0092,5,2026-06-05
PED0007286,736,PR0077,2,2026-08-28
PED0007287,949,PR0091,1,2026-06-09
PED0007288,850,PR0089,6,2026-07-26
PED0007289,395,PR0120,1,2026-09-06
PED0007290,968,PR0106,1,2026-06-21
PED0007291,254,PR0071,5,2026-08-12
PED0007292,959,PR0106,5,2026-07-28
PED0007293,638,PR0006,1,2026-08-26
PED0007294,806,PR0087,3,2026-08-01
PED0007295,553,PR0063,4,2026-08-29
PED0007296,820,PR0115,4,2026-07-13
PED0007297,641,PR0061,3,2026-06-18
PED0007298,629,PR0022,3,2026-08-11
PED0007299,672,PR0087,1,2026-09-10
PED0007300,17,PR0115,1,2026-07-16
PED0007301,858,PR0002,6,2026-08-26
PED0007302,260,PR0008,2,2026-09-01
PED0007303,999999,PR0080,6,2026-08-07
PED0007304,45,PR0067,1,2026-08-23
PED0007305,82,PR0066,6,2026-07-30
PED0007306,746,PR0011,3,2026-08-24
PED0007307,484,PR0069,5,2026-07-06
PED0007308,516,PR0069,6,2026-07-26
PED0007309,638,PR0102,3,2026-06-09
PED0007310,805,PR0047,5,2026-06-21
PED0007311,519,PR0042,3,2026-07-31
PED0007312,908,PR0010,5,2026-08-16
PED0007313,122,PR0069,6,2026-06-04
PED0007314,270,PR0078,5,2026-06-08
PED0007315,618,PR0034,5,2026-06-01
PED0007316,202,PR0088,3,2026-07-25
PED0007317,514,PR0113,1,2026-07-06
PED0007318,467,PR0021,4,2026-06-06
PED0007319,845,PR0069,1,2026-08-23
PED0007320,33,PR0084,4,2026-07-26
PED0007321,734,PR0003,6,2026-06-02
PED0007322,508,PR0022,1,2026-08-12
PED0007323,921,PR0048,6,2026-09-04
PED0007324,35,PR0017,4,2026-07-15
PED0007325,233,PR0043,1,2026-09-08
PED0007326,213,PR0018,5,2026-07-14
PED0007327,735,PR0108,1,2026-06-09
PED0007328,440,PR0072,4,2026-06-13
PED0007329,175,PR0040,4,2026-06-08
PED0007330,215,PR0094,5,2026-07-02
PED0007331,555,PR0003,3,2026-07-11
PED0007332,545,PR0072,1,2026-07-17
PED0007333,811,PR0083,3,2026-07-21
PED0007334,522,PR0098,5,2026-08-30
PED0007335,884,PR0027,6,2026-06-02
PED0007336,161,PR0071,2,2026-09-03
PED0007337,233,PR0093,3,2026-06-26
PED0007338,415,PR0096,6,2026-09-09
PED0007339,577,PR0022,2,2026-06-15
PED0007340,33,PR0118,2,2026-06-11
PED0007341,686,PR0033,5,2026-06-13
PED0007342,986,PR0047,3,2026-07-02
PED0007343,545,PR0024,4,2026-09-07
PED0007344,621,PR0018,3,2026-07-19
PED0007345,597,PR0031,4,2026-06-18
PED0007346,254,PR0017,2,2026-08-07
PED0007347,769,PR0088,5,2026-07-24
PED0007348,322,PR0072,3,2026-08-13
PED0007349,121,PR0047,4,2026-08-17
PED0007350,532,PR0066,2,2026-08-22
PED0007351,436,PR0073,1,2026-06-16
PED0007352,295,PR0023,4,2026-07-23
PED0007353,856,PR0036,1,2026-08-06
PED0007354,25,PR0106,6,2026-07-29
PED0007355,593,PR0002,6,2026-09-11
PED0007356,845,PR0115,0,2026-09-09
PED0007357,40,PR0116,2,2026-08-25
PED0007358,161,PR0031,4,2026-06-26
PED0007359,624,PR0039,2,2026-07-26
PED0007360,457,PR0025,6,2026-08-24
PED0007361,212,PR0068,1,2026-06-29
PED0007362,516,PR0026,3,2026-08-14
PED0007363,506,PR0095,2,2026-06-27
PED0007364,920,PR0047,5,2026-06-15
PED0007365,307,PR0117,1,2026-06-26
PED0007366,898,PR0103,3,2026-09-06
PED0007367,530,PR0049,6,2026-09-13
PED0007368,754,PR0072,3,2026-08-29
PED0007369,295,PR0003,2,2026-06-29
PED0007370,309,PR0009,1,2026-08-21
PED0007371,494,PR0061,4,2026-06-23
PED0007372,863,PR0057,1,2026-06-14
PED0007373,621,PR0048,3,2026-06-28
PED0007374,401,PR0011,4,2026-06-15
PED0007375,267,PR0101,3,2026-08-07
PED0007376,393,PR0049,5,2026-08-11
PED0007377,372,PR0057,5,2026-06-04
PED0007378,45,PR0049,1,2026-06-12
PED0007379,807,PR0060,5,2026-07-21
PED0007380,817,PR0078,6,2026-06-12
PED0007381,464,PR0092,2,2026-08-26
PED0007382,784,PR0066,3,2026-07-13
PED0007383,919,PR0020,3,2026-07-14
PED0007384,127,PR0105,3,2026-06-01
PED0007385,836,PR0035,3,2026-08-13
PED0007386,191,PR0002,6,2026-08-15
PED0007387,932,PR0005,4,2026-08-19
PED0007388,626,PR0093,6,2026-07-27
PED0007389,937,PR0047,3,2026-06-29
PED0007390,901,PR0003,4,2026-06-09
PED0007391,88,PR0098,1,2026-07-04
PED0007392,767,PR0037,2,2026-07-28
PED0007393,794,PR0118,4,2026-06-13
PED0007394,980,PR0106,2,2026-06-06
PED0007395,195,PR0006,6,2026-06-23
PED0007396,770,PR0083,2,2026-06-08
PED0007397,593,PR0073,1,2026-06-02
PED0007398,763,PR0021,5,2026-07-21
PED0007399,781,PR0042,1,2026-08-18
PED0007400,407,PR0059,2,2026-07-23
PED0007401,734,PR0018,2,2026-06-10
PED0007402,274,PR0087,5,2026-07-06
PED0007403,813,PR0034,6,2026-06-04
PED0007404,751,PR0113,2,2026-08-05
PED0007405,817,PR0097,3,2026-06-25
PED0007406,708,PR0077,3,2026-07-11
PED0007407,476,PR0015,5,2026-09-03
PED0007408,804,PR0003,3,2026-08-01
PED0007409,33,PR0018,4,2026-08-20
PED0007410,107,PR0060,4,2026-07-07
PED0007411,509,PR0094,1,2026-09-06
PED0007412,202,PR0019,4,2026-08-15
PED0007413,477,PR0085,4,2026-07-25
PED0007414,618,PR0006,6,2026-07-31
PED0007415,657,PR0032,4,2026-08-05
PED0007416,99,PR0072,6,2026-06-17
PED0007417,263,PR0100,3,2026-06-27
PED0007418,281,PR0094,5,2026-08-12
PED0007419,66,PR0064,6,2026-07-17
PED0007420,449,PR0005,1,2026-08-22
PED0007421,786,PR0036,4,2026-07-26
PED0007422,503,PR0095,6,2026-06-07
PED0007423,999999,PR0010,4,2026-08-09
PED0007424,426,PR0085,6,2026-08-04
PED0007425,750,PR0085,3,2026-07-09
PED0007426,233,PR0091,6,2026-08-22
PED0007427,122,PR0027,4,2026-07-07
PED0007428,813,PR0030,3,2026-06-13
PED0007429,60,PR0024,2,2026-06-13
PED0007430,588,PR0048,2,2026-09-03
PED0007431,892,PR0063,2,2026-07-10
PED0007432,45,PR0015,5,2026-07-14
PED0007433,48,PR0069,3,2026-07-03
PED0007434,801,PR0029,3,2026-08-17
PED0007435,202,PR0068,3,2026-08-03
PED0007436,839,PR0037,3,2026-09-03
PED0007437,287,PR0115,5,2026-09-02
PED0007438,999999,PR0039,3,2026-09-12
PED0007439,959,PR0105,3,2026-07-05
PED0007440,557,PR0022,4,2026-08-01
PED0007441,965,PR0011,4,2026-07-07
PED0007442,503,PR0023,3,2026-08-13
PED0007443,922,PR0051,1,2026-08-18
PED0007444,506,PR0109,5,2026-06-27
PED0007445,514,PR0022,4,2026-08-30
PED0007446,418,PR0095,4,2026-07-01
PED0007447,415,PR0084,4,2026-09-12
PED0007448,686,PR0042,4,2026-08-29
PED0007449,616,PR0041,6,2026-06-02
PED0007450,811,PR0114,1,2026-07-12
PED0007451,5,PR0086,1,2026-07-11
PED0007452,807,PR0029,6,2026-08-26
PED0007453,878,PR0110,6,2026-08-16
PED0007454,689,PR0049,3,2026-06-06
PED0007455,948,PR0010,4,2026-08-28
PED0007456,417,PR0098,3,2026-06-23
PED0007457,371,PR0105,6,2026-07-09
PED0007458,395,PR0054,3,2026-06-18
PED0007459,536,PR0085,5,2026-06-17
PED0007460,648,PR0029,3,2026-07-26
PED0007461,387,PR0103,3,2026-06-09
PED0007462,406,PR0045,5,2026-06-09
PED0007463,920,PR0033,3,2026-08-22
PED0007464,260,PR0061,1,2026-07-07
PED0007465,689,PR0033,2,2026-08-08
PED0007466,43,PR0075,6,2026-09-12
PED0007467,33,PR0090,3,2026-06-06
PED0007468,546,PR0049,1,2026-08-23
PED0007469,906,PR0095,6,2026-06-12
PED0007470,306,PR0052,6,2026-08-19
PED0007471,108,PR0117,3,2026-07-03
PED0007472,931,PR0032,4,2026-06-15
PED0007473,1000,PR0085,5,2026-06-25
PED0007474,100,PR0065,1,2026-07-09
PED0007475,825,PR0114,2,2026-08-16
PED0007476,959,PR_INEXISTENTE,4,2026-08-11
PED0007477,546,PR0024,4,2026-08-16
PED0007478,280,PR0105,2,2026-06-03
PED0007479,58,PR0109,1,2026-09-11
PED0007480,965,PR0090,6,2026-07-16
PED0007481,480,PR0057,4,2026-06-12
PED0007482,44,PR0050,5,2026-09-06
PED0007483,43,PR0080,3,2026-08-23
PED0007484,990,PR0090,4,2026-06-09
PED0007485,583,PR0034,3,2026-07-16
PED0007486,854,PR0001,3,2026-09-04
PED0007487,806,PR0009,5,2026-08-11
PED0007488,16,PR0042,6,2026-06-21
PED0007489,972,PR0082,5,2026-08-13
PED0007490,794,PR0053,5,2026-06-20
PED0007491,511,PR0075,1,2026-07-07
PED0007492,128,PR0057,4,2026-06-21
PED0007493,350,PR0031,6,2026-08-12
PED0007494,736,PR0090,3,2026-09-06
PED0007495,180,PR0087,4,2026-06-05
PED0007496,962,PR0116,2,2026-08-03
PED0007497,2,PR0100,2,2026-06-27
PED0007498,464,PR0046,5,2026-08-18
PED0007499,423,PR0085,2,2026-06-15
PED0007500,314,PR0043,4,2026-07-09
PED0007501,183,PR0105,4,2026-06-22
PED0007502,686,PR0074,6,2026-08-31
PED0007503,982,PR0101,0,2026-06-09
PED0007504,392,PR0034,4,2026-08-01
PED0007505,415,PR0002,1,2026-06-13
PED0007506,406,PR0017,4,2026-08-02
PED0007507,418,PR0064,6,2026-08-20
PED0007508,904,PR0116,3,2026-08-18
PED0007509,936,PR0076,4,2026-06-04
PED0007510,334,PR0098,5,2026-08-21
PED0007511,96,PR0057,3,2026-07-02
PED0007512,436,PR0116,3,2026-08-11
PED0007513,846,PR0113,3,2026-09-10
PED0007514,999999,PR0027,6,2026-06-13
PED0007515,805,PR0104,3,2026-07-09
PED0007516,446,PR0003,2,2026-08-31
PED0007517,1000,PR0072,4,2026-06-15
PED0007518,334,PR0053,5,2026-06-28
PED0007519,65,PR0037,6,2026-07-28
PED0007520,423,PR0113,6,2026-09-13
PED0007521,887,PR0080,5,2026-07-01
PED0007522,735,PR0017,5,2026-07-11
PED0007523,281,PR0017,3,2026-08-23
PED0007524,520,PR0015,3,2026-06-13
PED0007525,648,PR0037,4,2026-07-05
PED0007526,895,PR0009,5,2026-07-04
PED0007527,863,PR0032,4,2026-07-13
PED0007528,440,PR0092,2,2026-07-31
PED0007529,182,PR0105,0,2026-06-24
PED0007530,108,PR0095,1,2026-07-12
PED0007531,827,PR0060,3,2026-09-05
PED0007532,153,PR0084,5,2026-08-27
PED0007533,194,PR0114,5,2026-09-09
PED0007534,684,PR0007,5,2026-08-11
PED0007535,711,PR0109,5,2026-08-01
PED0007536,977,PR0087,1,2026-06-23
PED0007537,990,PR0047,6,2026-06-17
PED0007538,585,PR0054,6,2026-07-27
PED0007539,738,PR0053,6,2026-07-13
PED0007540,324,PR0019,3,2026-08-22
PED0007541,227,PR0028,2,2026-06-02
PED0007542,986,PR0036,6,2026-09-02
PED0007543,8,PR0001,2,2026-06-18
PED0007544,215,PR0061,5,2026-07-12
PED0007545,548,PR_INEXISTENTE,6,2026-07-08
PED0007546,490,PR0040,6,2026-09-06
PED0007547,173,PR0022,4,2026-08-15
PED0007548,708,PR0117,6,2026-06-04
PED0007549,191,PR0082,5,2026-08-29
PED0007550,96,PR0057,6,2026-08-11
PED0007551,841,PR0087,3,2026-06-08
PED0007552,636,PR0045,4,2026-08-22
PED0007553,127,PR0026,0,2026-06-04
PED0007554,697,PR0081,2,2026-07-15
PED0007555,625,PR0093,2,2026-06-18
PED0007556,667,PR0079,3,2026-06-02
PED0007557,807,PR0068,3,2026-07-29
PED0007558,698,PR0001,5,2026-08-12
PED0007559,668,PR0077,6,2026-07-21
PED0007560,306,PR0075,1,2026-07-06
PED0007561,882,PR0050,2,2026-07-24
PED0007562,511,PR0030,6,2026-06-16
PED0007563,371,PR0118,4,2026-06-06
PED0007564,553,PR0046,2,2026-06-17
PED0007565,553,PR0033,4,2026-06-06
PED0007566,630,PR0085,6,2026-08-20
PED0007567,976,PR0058,3,2026-08-03
PED0007568,300,PR0067,3,2026-06-20
PED0007569,419,PR0078,4,2026-07-30
PED0007570,754,PR0045,6,2026-07-21
PED0007571,453,PR0019,4,2026-06-12
PED0007572,294,PR0021,6,2026-09-10
PED0007573,986,PR0113,5,2026-09-07
PED0007574,334,PR0061,3,2026-08-19
PED0007575,426,PR0051,3,2026-08-24
PED0007576,387,PR0039,5,2026-07-28
PED0007577,412,PR0087,1,2026-08-24
PED0007578,265,PR0110,2,2026-07-26
PED0007579,96,PR0093,2,2026-06-18
PED0007580,503,PR0065,5,2026-06-18
PED0007581,502,PR0058,5,2026-08-29
PED0007582,770,PR0104,5,2026-07-17
PED0007583,74,PR0103,1,2026-08-16
PED0007584,593,PR0047,2,2026-06-16
PED0007585,976,PR0116,2,2026-07-18
PED0007586,999999,PR0100,1,2026-06-09
PED0007587,274,PR0102,2,2026-06-24
PED0007588,500,PR0007,3,2026-06-12
PED0007589,477,PR0016,6,2026-06-22
PED0007590,658,PR0036,-1,2026-08-03
PED0007591,700,PR0092,6,2026-06-01
PED0007592,127,PR0010,5,2026-06-21
PED0007593,314,PR0010,1,2026-08-12
PED0007594,731,PR0004,2,2026-06-16
PED0007595,213,PR0024,3,2026-07-29
PED0007596,464,PR0111,6,2026-08-31
PED0007597,270,PR0087,5,2026-08-21
PED0007598,896,PR0087,6,2026-06-13
PED0007599,377,PR0036,2,2026-06-16
PED0007600,183,PR0076,6,2026-08-14
PED0007601,784,PR0094,6,2026-07-07
PED0007602,657,PR0064,4,2026-07-14
PED0007603,69,PR0103,1,2026-07-21
PED0007604,443,PR0069,2,2026-07-31
PED0007605,855,PR0039,1,2026-07-18
PED0007606,937,PR0077,5,2026-06-03
PED0007607,684,PR0114,2,2026-06-10
PED0007608,703,PR0100,5,2026-06-01
PED0007609,530,PR0060,2,2026-06-28
PED0007610,999999,PR0072,6,2026-08-25
PED0007611,44,PR0118,5,2026-09-11
PED0007612,735,PR0090,3,2026-07-20
PED0007613,624,PR0061,3,2026-06-03
PED0007614,295,PR0034,1,2026-06-08
PED0007615,37,PR0109,1,2026-08-25
PED0007616,817,PR0118,6,2026-07-07
PED0007617,972,PR0009,5,2026-09-01
PED0007618,976,PR0004,6,2026-07-24
PED0007619,516,PR0014,4,2026-09-01
PED0007620,301,PR0047,2,2026-06-15
PED0007621,417,PR0020,1,2026-08-30
PED0007622,382,PR_INEXISTENTE,5,2026-07-28
PED0007623,601,PR0110,2,2026-07-16
PED0007624,66,PR0022,1,2026-07-26
PED0007625,7,PR0100,1,2026-07-05
PED0007626,457,PR0017,4,2026-08-03
PED0007627,60,PR0095,6,2026-08-20
PED0007628,863,PR0044,3,2026-08-25
PED0007629,267,PR0005,6,2026-09-11
PED0007630,296,PR0052,3,2026-07-14
PED0007631,54,PR0099,5,2026-08-20
PED0007632,396,PR0113,2,2026-09-02
PED0007633,999999,PR0015,4,2026-06-02
PED0007634,423,PR0101,2,2026-07-20
PED0007635,369,PR0036,5,2026-08-13
PED0007636,262,PR0056,3,2026-07-19
PED0007637,7,PR0014,1,2026-06-11
PED0007638,882,PR0117,2,2026-08-08
PED0007639,625,PR0095,3,2026-07-13
PED0007640,52,PR0078,3,2026-08-04
PED0007641,102,PR0088,2,2026-06-01
PED0007642,274,PR0105,4,2026-06-02
PED0007643,488,PR0018,6,2026-08-03
PED0007644,734,PR0030,5,2026-09-12
PED0007645,667,PR0005,2,2026-08-07
PED0007646,902,PR0059,5,2026-09-07
PED0007647,767,PR0060,6,2026-08-28
PED0007648,956,PR0004,2,2026-06-30
PED0007649,172,PR0080,2,2026-06-11
PED0007650,736,PR0002,1,2026-07-29
PED0007651,985,PR0096,6,2026-08-05
PED0007652,520,PR0085,5,2026-08-20
PED0007653,627,PR0098,3,2026-07-25
PED0007654,31,PR0015,6,2026-09-05
PED0007655,65,PR0105,4,2026-08-28
PED0007656,143,PR0066,6,2026-08-01
PED0007657,200,PR0104,6,2026-07-28
PED0007658,836,PR0084,6,2026-06-02
PED0007659,54,PR0079,3,2026-08-21
PED0007660,858,PR0004,4,2026-08-11
PED0007661,638,PR0084,2,2026-09-03
PED0007662,436,PR0054,6,2026-06-10
PED0007663,301,PR0102,2,2026-06-16
PED0007664,999999,PR0083,3,2026-08-10
PED0007665,895,PR0009,4,2026-07-22
PED0007666,419,PR0107,5,2026-08-01
PED0007667,906,PR0008,5,2026-07-16
PED0007668,106,PR0036,6,2026-08-07
PED0007669,986,PR0027,5,2026-08-09
PED0007670,484,PR0117,5,2026-06-20
PED0007671,41,PR0019,4,2026-08-19
PED0007672,395,PR0102,3,2026-07-22
PED0007673,446,PR0027,6,2026-07-31
PED0007674,61,PR0079,3,2026-08-04
PED0007675,689,PR0011,4,2026-08-18
PED0007676,262,PR0048,2,2026-07-02
PED0007677,422,PR0075,3,2026-06-01
PED0007678,657,PR0086,3,2026-06-20
PED0007679,863,PR0105,2,2026-09-10
PED0007680,435,PR0098,5,2026-06-24
PED0007681,740,PR0063,5,2026-06-27
PED0007682,952,PR0037,5,2026-08-30
PED0007683,331,PR0032,1,2026-06-25
PED0007684,557,PR0120,2,2026-07-19
PED0007685,126,PR0073,2,2026-07-09
PED0007686,511,PR0110,5,2026-08-09
PED0007687,986,PR0053,6,2026-08-02
PED0007688,461,PR0059,3,2026-07-25
PED0007689,522,PR0100,2,2026-07-23
PED0007690,65,PR0087,4,2026-08-27
PED0007691,41,PR0025,6,2026-08-01
PED0007692,667,PR0063,3,2026-07-24
PED0007693,624,PR0026,2,2026-09-02
PED0007694,183,PR0092,4,2026-06-10
PED0007695,341,PR0004,6,2026-08-27
PED0007696,426,PR0100,5,2026-06-21
PED0007697,876,PR0112,4,2026-07-05
PED0007698,441,PR0003,5,2026-06-02
PED0007699,446,PR0076,1,2026-07-30
PED0007700,18,PR0010,5,2026-08-27
PED0007701,760,PR0044,1,2026-07-11
PED0007702,406,PR0041,3,2026-08-09
PED0007703,52,PR0063,3,2026-07-12
PED0007704,225,PR0111,5,2026-08-19
PED0007705,58,PR0056,2,2026-09-13
PED0007706,88,PR0048,2,2026-08-15
PED0007707,684,PR0012,6,2026-07-06
PED0007708,959,PR0107,3,2026-08-26
PED0007709,689,PR0038,5,2026-06-04
PED0007710,109,PR0056,4,2026-09-12
PED0007711,909,PR0012,4,2026-08-28
PED0007712,322,PR0035,5,2026-08-08
PED0007713,421,PR0067,5,2026-08-05
PED0007714,847,PR0109,6,2026-06-27
PED0007715,648,PR0040,5,2026-07-16
PED0007716,369,PR0068,0,2026-06-11
PED0007717,996,PR0106,2,2026-07-06
PED0007718,856,PR0044,6,2026-08-01
PED0007719,175,PR0036,3,2026-07-09
PED0007720,317,PR0006,2,2026-08-20
PED0007721,999999,PR0109,1,2026-08-29
PED0007722,443,PR0014,4,2026-07-29
PED0007723,100,PR0026,4,2026-07-06
PED0007724,793,PR0017,5,2026-07-02
PED0007725,341,PR0085,5,2026-07-28
PED0007726,37,PR0044,5,2026-08-15
PED0007727,40,PR0085,4,2026-06-14
PED0007728,588,PR0073,6,2026-07-18
PED0007729,173,PR0002,6,2026-07-17
PED0007730,441,PR0037,5,2026-07-01
PED0007731,999999,PR0001,3,2026-06-25
PED0007732,650,PR0008,2,2026-08-28
PED0007733,280,PR0057,1,2026-07-16
PED0007734,956,PR0032,6,2026-07-31
PED0007735,830,PR0011,5,2026-06-05
PED0007736,979,PR0050,6,2026-06-30
PED0007737,453,PR0055,5,2026-06-24
PED0007738,254,PR0120,3,2026-07-05
PED0007739,457,PR0080,1,2026-08-28
PED0007740,274,PR0048,1,2026-07-31
PED0007741,443,PR0057,5,2026-09-03
PED0007742,309,PR0011,2,2026-07-15
PED0007743,52,PR0047,3,2026-08-20
PED0007744,807,PR0070,6,2026-06-17
PED0007745,52,PR0003,3,2026-08-25
PED0007746,395,PR0111,6,2026-08-04
PED0007747,480,PR0062,4,2026-06-05
PED0007748,846,PR0095,5,2026-08-12
PED0007749,213,PR0034,1,2026-07-21
PED0007750,962,PR0101,3,2026-06-01
PED0007751,511,PR_INEXISTENTE,2,2026-08-28
PED0007752,99,PR0112,1,2026-07-27
PED0007753,520,PR0063,6,2026-08-03
PED0007754,765,PR0077,4,2026-07-31
PED0007755,801,PR0025,3,2026-06-10
PED0007756,770,PR0120,3,2026-07-05
PED0007757,626,PR0024,2,2026-08-13
PED0007758,632,PR0004,1,2026-07-06
PED0007759,986,PR0053,6,2026-09-02
PED0007760,994,PR0101,1,2026-07-04
PED0007761,291,PR0111,3,2026-07-19
PED0007762,515,PR0103,1,2026-07-17
PED0007763,860,PR0067,6,2026-06-02
PED0007764,418,PR0111,2,2026-08-25
PED0007765,173,PR0060,3,2026-06-15
PED0007766,836,PR0058,5,2026-07-20
PED0007767,846,PR0022,4,2026-09-04
PED0007768,392,PR0095,3,2026-09-13
PED0007769,794,PR0038,4,2026-06-25
PED0007770,626,PR0024,3,2026-07-10
PED0007771,37,PR0045,2,2026-07-30
PED0007772,982,PR0073,4,2026-08-13
PED0007773,421,PR0033,3,2026-06-27
PED0007774,691,PR0044,0,2026-07-28
PED0007775,214,PR0040,3,2026-08-27
PED0007776,341,PR0072,5,2026-08-20
PED0007777,932,PR0086,2,2026-08-26
PED0007778,314,PR0082,4,2026-09-02
PED0007779,153,PR0017,-1,2026-08-30
PED0007780,52,PR0042,5,2026-07-24
PED0007781,366,PR0078,3,2026-09-11
PED0007782,322,PR0026,5,2026-07-22
PED0007783,1000,PR0009,1,2026-08-14
PED0007784,102,PR0039,5,2026-09-07
PED0007785,999999,PR0082,5,2026-06-05
PED0007786,999999,PR0080,3,2026-09-07
PED0007787,901,PR0016,1,2026-08-26
PED0007788,583,PR0082,4,2026-09-13
PED0007789,878,PR0024,5,2026-08-21
PED0007790,920,PR0089,3,2026-06-17
PED0007791,781,PR0068,1,2026-07-02
PED0007792,938,PR0016,3,2026-06-01
PED0007793,845,PR0043,6,2026-08-03
PED0007794,446,PR0099,2,2026-07-16
PED0007795,624,PR0052,4,2026-07-20
PED0007796,74,PR0083,3,2026-08-17
PED0007797,668,PR0090,5,2026-08-26
PED0007798,387,PR0004,3,2026-06-08
PED0007799,447,PR0112,3,2026-09-05
PED0007800,846,PR0041,4,2026-07-10
PED0007801,610,PR0096,4,2026-08-18
PED0007802,809,PR0057,3,2026-08-01
PED0007803,8,PR0070,2,2026-07-17
PED0007804,300,PR0044,1,2026-06-23
PED0007805,765,PR0103,5,2026-06-20
PED0007806,862,PR0015,3,2026-08-16
PED0007807,698,PR0108,4,2026-07-04
PED0007808,185,PR0025,3,2026-06-25
PED0007809,817,PR0106,6,2026-06-01
PED0007810,91,PR0003,5,2026-08-28
PED0007811,417,PR0002,3,2026-07-12
PED0007812,16,PR0012,2,2026-07-07
PED0007813,849,PR0066,5,2026-07-10
PED0007814,91,PR0032,1,2026-08-02
PED0007815,975,PR0072,1,2026-07-21
PED0007816,699,PR0099,1,2026-07-28
PED0007817,143,PR0004,3,2026-06-30
PED0007818,999999,PR0064,3,2026-07-02
PED0007819,40,PR0089,2,2026-08-30
PED0007820,108,PR0051,2,2026-07-17
PED0007821,998,PR0112,-1,2026-09-11
PED0007822,712,PR0080,3,2026-08-28
PED0007823,180,PR0005,2,2026-08-14
PED0007824,526,PR0065,4,2026-07-28
PED0007825,941,PR0047,3,2026-08-27
PED0007826,485,PR0016,6,2026-06-06
PED0007827,845,PR0115,6,2026-07-23
PED0007828,412,PR0027,-1,2026-08-14
PED0007829,143,PR0011,4,2026-06-12
PED0007830,295,PR0027,1,2026-06-20
PED0007831,771,PR0099,4,2026-06-07
PED0007832,863,PR0072,3,2026-07-22
PED0007833,989,PR0099,2,2026-07-27
PED0007834,815,PR0056,5,2026-07-20
PED0007835,405,PR0015,1,2026-06-06
PED0007836,45,PR0047,2,2026-07-22
PED0007837,8,PR0024,5,2026-09-02
PED0007838,270,PR0067,6,2026-06-04
PED0007839,786,PR0033,4,2026-08-21
PED0007840,18,PR0117,4,2026-06-29
PED0007841,908,PR0046,6,2026-06-08
PED0007842,324,PR0038,1,2026-06-06
PED0007843,197,PR0119,3,2026-06-02
PED0007844,36,PR0063,2,2026-07-14
PED0007845,908,PR_INEXISTENTE,3,2026-07-23
PED0007846,128,PR0058,6,2026-08-05
PED0007847,516,PR0031,4,2026-06-09
PED0007848,931,PR0086,6,2026-08-08
PED0007849,847,PR0069,4,2026-08-17
PED0007850,357,PR0088,6,2026-06-07
PED0007851,898,PR0113,2,2026-08-10
PED0007852,423,PR0088,2,2026-06-13
PED0007853,999999,PR0041,2,2026-07-17
PED0007854,122,PR0025,5,2026-08-09
PED0007855,620,PR0064,4,2026-08-31
PED0007856,256,PR0054,2,2026-07-26
PED0007857,815,PR0038,2,2026-07-16
PED0007858,751,PR0098,3,2026-08-27
PED0007859,480,PR0110,1,2026-06-23
PED0007860,100,PR_INEXISTENTE,5,2026-06-22
PED0007861,847,PR0082,6,2026-07-19
PED0007862,194,PR0119,6,2026-06-13
PED0007863,398,PR0002,2,2026-06-03
PED0007864,962,PR0044,3,2026-07-09
PED0007865,555,PR0089,4,2026-06-17
PED0007866,58,PR0060,3,2026-08-06
PED0007867,613,PR0096,3,2026-07-28
PED0007868,167,PR0057,2,2026-07-22
PED0007869,882,PR0008,1,2026-07-23
PED0007870,776,PR0053,3,2026-06-11
PED0007871,970,PR0049,1,2026-07-13
PED0007872,488,PR0102,1,2026-06-08
PED0007873,990,PR0018,4,2026-07-08
PED0007874,815,PR0019,6,2026-08-11
PED0007875,225,PR0017,4,2026-09-12
PED0007876,43,PR0069,1,2026-07-02
PED0007877,422,PR0120,6,2026-06-28
PED0007878,970,PR0075,5,2026-08-10
PED0007879,813,PR0098,2,2026-09-05
PED0007880,750,PR0103,2,2026-07-01
PED0007881,562,PR0073,6,2026-08-28
PED0007882,892,PR0074,3,2026-07-04
PED0007883,395,PR0030,1,2026-08-07
PED0007884,65,PR0116,2,2026-06-23
PED0007885,69,PR0095,2,2026-06-28
PED0007886,307,PR0105,3,2026-09-12
PED0007887,1000,PR0119,3,2026-07-11
PED0007888,586,PR0042,4,2026-06-02
PED0007889,66,PR0018,2,2026-08-21
PED0007890,301,PR0104,4,2026-06-14
PED0007891,613,PR0057,3,2026-06-12
PED0007892,143,PR0116,6,2026-08-27
PED0007893,175,PR0084,5,2026-07-07
PED0007894,100,PR_INEXISTENTE,2,2026-06-15
PED0007895,25,PR0043,1,2026-09-11
PED0007896,441,PR0074,4,2026-06-30
PED0007897,128,PR0048,3,2026-08-06
PED0007898,65,PR0034,6,2026-06-28
PED0007899,233,PR0026,3,2026-08-01
PED0007900,357,PR0078,2,2026-08-13
PED0007901,884,PR0005,3,2026-08-19
PED0007902,522,PR0012,6,2026-07-14
PED0007903,165,PR0006,1,2026-08-04
PED0007904,700,PR0089,6,2026-08-28
PED0007905,620,PR0004,2,2026-08-28
PED0007906,635,PR0051,6,2026-08-18
PED0007907,503,PR_INEXISTENTE,4,2026-07-12
PED0007908,406,PR0071,4,2026-07-26
PED0007909,503,PR0005,2,2026-09-10
PED0007910,406,PR0004,5,2026-06-27
PED0007911,754,PR0050,4,2026-08-12
PED0007912,975,PR0084,3,2026-08-23
PED0007913,109,PR0014,3,2026-07-21
PED0007914,617,PR0060,4,2026-08-30
PED0007915,519,PR0098,3,2026-07-15
PED0007916,540,PR0076,6,2026-08-27
PED0007917,514,PR0091,1,2026-08-07
PED0007918,434,PR0038,2,2026-06-06
PED0007919,663,PR0114,6,2026-08-26
PED0007920,467,PR0018,5,2026-08-13
PED0007921,178,PR0073,3,2026-06-24
PED0007922,999999,PR0053,4,2026-08-13
PED0007923,980,PR0004,1,2026-07-24
PED0007924,686,PR0114,2,2026-09-08
PED0007925,467,PR0085,6,2026-07-02
PED0007926,353,PR0028,4,2026-06-28
PED0007927,855,PR0007,1,2026-06-07
PED0007928,586,PR0082,5,2026-08-22
PED0007929,786,PR0066,3,2026-09-12
PED0007930,260,PR0006,4,2026-08-12
PED0007931,635,PR0119,6,2026-07-09
PED0007932,449,PR0087,6,2026-09-01
PED0007933,668,PR0056,1,2026-06-27
PED0007934,850,PR0029,3,2026-08-12
PED0007935,2,PR0033,2,2026-08-02
PED0007936,536,PR0055,6,2026-08-29
PED0007937,571,PR0007,5,2026-09-11
PED0007938,624,PR0045,4,2026-07-08
PED0007939,658,PR0027,1,2026-06-11
PED0007940,126,PR0014,5,2026-06-17
PED0007941,618,PR0016,4,2026-08-17
PED0007942,61,PR0042,2,2026-07-09
PED0007943,480,PR0046,3,2026-06-15
PED0007944,736,PR0043,3,2026-08-25
PED0007945,820,PR0083,2,2026-08-08
PED0007946,845,PR0063,6,2026-06-14
PED0007947,942,PR0024,6,2026-08-14
PED0007948,260,PR0117,1,2026-08-06
PED0007949,274,PR0088,0,2026-09-12
PED0007950,937,PR0057,3,2026-09-12
PED0007951,731,PR0006,5,2026-09-11
PED0007952,267,PR0110,5,2026-09-02
PED0007953,767,PR0090,4,2026-08-23
PED0007954,357,PR0056,5,2026-08-10
PED0007955,904,PR0020,5,2026-07-28
PED0007956,735,PR0013,6,2026-08-23
PED0007957,236,PR0035,3,2026-09-10
PED0007958,262,PR0028,5,2026-06-13
PED0007959,271,PR0026,6,2026-06-15
PED0007960,794,PR0049,6,2026-07-23
PED0007961,318,PR0006,1,2026-07-01
PED0007962,813,PR0040,3,2026-07-26
PED0007963,884,PR0105,4,2026-07-03
PED0007964,691,PR0104,4,2026-08-22
PED0007965,609,PR0002,4,2026-09-03
PED0007966,694,PR0082,6,2026-06-30
PED0007967,511,PR0119,4,2026-08-21
PED0007968,306,PR0070,5,2026-06-12
PED0007969,372,PR0047,6,2026-08-23
PED0007970,884,PR0059,1,2026-08-13
PED0007971,850,PR0026,4,2026-08-14
PED0007972,350,PR0048,3,2026-07-22
PED0007973,708,PR0113,6,2026-06-12
PED0007974,763,PR0074,4,2026-08-28
PED0007975,697,PR0052,4,2026-06-12
PED0007976,1000,PR0015,5,2026-07-21
PED0007977,839,PR0109,2,2026-06-19
PED0007978,999999,PR0020,4,2026-08-28
PED0007979,884,PR0087,5,2026-07-31
PED0007980,948,PR0037,5,2026-07-24
PED0007981,77,PR0034,2,2026-07-04
PED0007982,154,PR0021,6,2026-08-22
PED0007983,771,PR0046,1,2026-06-23
PED0007984,161,PR0082,2,2026-08-15
PED0007985,172,PR0050,6,2026-09-10
PED0007986,301,PR0003,4,2026-06-28
PED0007987,41,PR0032,4,2026-08-12
PED0007988,324,PR0020,4,2026-07-03
PED0007989,708,PR0049,0,2026-09-06
PED0007990,982,PR0109,2,2026-09-03
PED0007991,553,PR0116,2,2026-07-03
PED0007992,494,PR0120,3,2026-06-25
PED0007993,854,PR0014,6,2026-06-09
PED0007994,613,PR0059,4,2026-08-13
PED0007995,949,PR0006,5,2026-09-05
PED0007996,618,PR0060,5,2026-06-16
PED0007997,447,PR0070,-1,2026-08-25
PED0007998,213,PR0093,3,2026-08-19
PED0007999,236,PR0041,3,2026-07-20
PED0008000,463,PR0005,1,2026-06-24
PED0008001,778,PR0055,1,2026-08-08
PED0008002,256,PR0052,3,2026-08-02
PED0008003,58,PR0075,5,2026-08-25
PED0008004,730,PR0012,6,2026-07-30
PED0008005,417,PR0074,3,2026-06-06
PED0008006,687,PR0049,4,2026-06-22
PED0008007,854,PR0089,5,2026-07-10
PED0008008,291,PR0119,2,2026-07-22
PED0008009,480,PR0028,1,2026-07-07
PED0008010,566,PR0091,6,2026-09-01
PED0008011,377,PR0016,4,2026-06-30
PED0008012,181,PR0119,1,2026-08-11
PED0008013,183,PR0058,2,2026-07-08
PED0008014,616,PR0090,2,2026-09-13
PED0008015,751,PR0094,2,2026-09-05
PED0008016,37,PR0073,3,2026-08-22
PED0008017,610,PR0047,5,2026-08-20
PED0008018,96,PR0091,5,2026-08-07
PED0008019,309,PR0058,6,2026-08-01
PED0008020,896,PR0080,6,2026-07-30
PED0008021,415,PR0074,2,2026-06-03
PED0008022,999999,PR0056,1,2026-09-07
PED0008023,767,PR0015,1,2026-09-12
PED0008024,968,PR0036,5,2026-07-26
PED0008025,960,PR0113,3,2026-08-31
PED0008026,844,PR0063,5,2026-07-13
PED0008027,440,PR0077,3,2026-06-12
PED0008028,485,PR0032,6,2026-08-27
PED0008029,461,PR0085,4,2026-07-24
PED0008030,691,PR0059,6,2026-09-07
PED0008031,976,PR0027,2,2026-06-23
PED0008032,30,PR0018,5,2026-07-21
PED0008033,419,PR0048,4,2026-08-10
PED0008034,538,PR0068,2,2026-06-15
PED0008035,878,PR0034,2,2026-09-13
PED0008036,77,PR0030,2,2026-08-03
PED0008037,362,PR0033,1,2026-06-19
PED0008038,583,PR0036,6,2026-08-17
PED0008039,740,PR0089,2,2026-09-01
PED0008040,712,PR0060,4,2026-07-10
PED0008041,508,PR0057,4,2026-08-04
PED0008042,216,PR0020,4,2026-08-18
PED0008043,735,PR0066,4,2026-06-16
PED0008044,181,PR0116,6,2026-07-26
PED0008045,369,PR0090,6,2026-07-29
PED0008046,698,PR0054,6,2026-07-02
PED0008047,977,PR0037,3,2026-07-02
PED0008048,858,PR0043,5,2026-08-06
PED0008049,920,PR0004,2,2026-08-18
PED0008050,180,PR0004,6,2026-07-11
PED0008051,751,PR0094,2,2026-06-16
PED0008052,173,PR0102,1,2026-08-22
PED0008053,271,PR0117,5,2026-06-19
PED0008054,895,PR0076,5,2026-06-01
PED0008055,508,PR0112,1,2026-07-04
PED0008056,909,PR0050,6,2026-08-25
PED0008057,736,PR_INEXISTENTE,1,2026-08-19
PED0008058,846,PR0030,1,2026-07-03
PED0008059,711,PR0029,6,2026-07-25
PED0008060,127,PR0090,2,2026-09-09
PED0008061,762,PR0002,2,2026-08-15
PED0008062,687,PR0114,5,2026-08-19
PED0008063,296,PR0093,0,2026-06-10
PED0008064,734,PR0046,4,2026-06-26
PED0008065,627,PR0085,6,2026-06-11
PED0008066,846,PR0017,1,2026-09-11
PED0008067,650,PR0052,6,2026-07-06
PED0008068,227,PR0014,2,2026-07-23
PED0008069,128,PR0014,4,2026-07-28
PED0008070,985,PR0001,2,2026-07-25
PED0008071,657,PR0096,2,2026-06-06
PED0008072,520,PR0090,2,2026-09-04
PED0008073,457,PR0108,4,2026-07-10
PED0008074,236,PR0118,6,2026-09-05
PED0008075,882,PR_INEXISTENTE,1,2026-08-20
PED0008076,735,PR0120,4,2026-08-13
PED0008077,557,PR0002,6,2026-08-13
PED0008078,883,PR0095,5,2026-09-11
PED0008079,449,PR0087,6,2026-07-02
PED0008080,140,PR0020,1,2026-07-05
PED0008081,817,PR0017,3,2026-08-10
PED0008082,778,PR0118,3,2026-06-25
PED0008083,185,PR0106,4,2026-08-24
PED0008084,396,PR0040,2,2026-06-04
PED0008085,180,PR0009,2,2026-09-03
PED0008086,8,PR0041,6,2026-07-07
PED0008087,167,PR0001,2,2026-06-01
PED0008088,143,PR0083,6,2026-08-03
PED0008089,983,PR0046,1,2026-06-29
PED0008090,44,PR0006,3,2026-07-03
PED0008091,484,PR0118,4,2026-07-21
PED0008092,287,PR0100,6,2026-07-31
PED0008093,708,PR0109,5,2026-06-15
PED0008094,532,PR0120,1,2026-06-06
PED0008095,307,PR0002,5,2026-07-19
PED0008096,108,PR0094,2,2026-07-08
PED0008097,422,PR0095,6,2026-08-01
PED0008098,494,PR_INEXISTENTE,5,2026-08-18
PED0008099,200,PR0032,2,2026-08-04
PED0008100,449,PR0047,3,2026-06-11
PED0008101,711,PR0112,5,2026-09-13
PED0008102,883,PR0008,6,2026-08-15
PED0008103,652,PR0077,4,2026-06-06
PED0008104,353,PR0096,2,2026-08-20
PED0008105,516,PR0096,3,2026-09-01
PED0008106,522,PR0072,5,2026-07-30
PED0008107,306,PR0093,4,2026-08-27
PED0008108,58,PR0110,2,2026-09-02
PED0008109,161,PR0092,2,2026-09-10
PED0008110,627,PR0014,2,2026-09-09
PED0008111,949,PR0030,3,2026-06-21
PED0008112,663,PR0037,3,2026-06-04
PED0008113,739,PR0042,4,2026-08-08
PED0008114,586,PR0044,6,2026-08-11
PED0008115,181,PR0027,4,2026-07-30
PED0008116,990,PR_INEXISTENTE,4,2026-06-25
PED0008117,930,PR0014,3,2026-09-08
PED0008118,736,PR0095,0,2026-07-13
PED0008119,700,PR0080,6,2026-08-17
PED0008120,421,PR0116,1,2026-08-05
PED0008121,672,PR0001,3,2026-09-03
PED0008122,165,PR0036,1,2026-08-14
PED0008123,331,PR0108,2,2026-08-06
PED0008124,962,PR0060,1,2026-08-28
PED0008125,37,PR0068,4,2026-06-06
PED0008126,998,PR0004,5,2026-08-14
PED0008127,930,PR0092,6,2026-08-01
PED0008128,545,PR0031,2,2026-08-21
PED0008129,371,PR0116,5,2026-06-24
PED0008130,7,PR0045,2,2026-08-02
PED0008131,66,PR0023,2,2026-06-30
PED0008132,436,PR0072,4,2026-06-13
PED0008133,563,PR0058,5,2026-07-31
PED0008134,540,PR0057,4,2026-06-03
PED0008135,801,PR0114,1,2026-06-10
PED0008136,975,PR0044,3,2026-07-26
PED0008137,883,PR0048,2,2026-09-03
PED0008138,93,PR0075,1,2026-08-15
PED0008139,532,PR0021,1,2026-06-02
PED0008140,994,PR0100,3,2026-06-12
PED0008141,300,PR0028,0,2026-07-16
PED0008142,830,PR0030,5,2026-07-16
PED0008143,691,PR0002,1,2026-06-05
PED0008144,693,PR0042,2,2026-06-27
PED0008145,143,PR0070,6,2026-06-14
PED0008146,412,PR0085,5,2026-07-30
PED0008147,563,PR0108,4,2026-08-09
PED0008148,686,PR0094,1,2026-07-12
PED0008149,212,PR0039,1,2026-07-31
PED0008150,769,PR0100,6,2026-06-22
PED0008151,898,PR0024,5,2026-08-29
PED0008152,735,PR0026,6,2026-06-01
PED0008153,919,PR0043,5,2026-07-23
PED0008154,850,PR0065,1,2026-07-04
PED0008155,128,PR0025,5,2026-07-18
PED0008156,804,PR0109,3,2026-07-25
PED0008157,617,PR0033,5,2026-08-07
PED0008158,278,PR0048,3,2026-09-06
PED0008159,281,PR0073,5,2026-07-29
PED0008160,999999,PR0052,6,2026-06-24
PED0008161,937,PR0049,6,2026-07-26
PED0008162,999999,PR0119,4,2026-07-24
PED0008163,862,PR0053,2,2026-08-30
PED0008164,307,PR0014,4,2026-07-30
PED0008165,624,PR0088,3,2026-08-31
PED0008166,33,PR0085,2,2026-08-08
PED0008167,406,PR0027,5,2026-07-31
PED0008168,932,PR0103,1,2026-07-05
PED0008169,281,PR0048,3,2026-06-27
PED0008170,270,PR0019,5,2026-06-11
PED0008171,161,PR0021,6,2026-07-28
PED0008172,786,PR0086,4,2026-09-05
PED0008173,970,PR0026,6,2026-06-02
PED0008174,66,PR0057,5,2026-09-09
PED0008175,334,PR0089,2,2026-08-30
PED0008176,781,PR0103,6,2026-07-17
PED0008177,494,PR0059,3,2026-07-03
PED0008178,6,PR0109,4,2026-07-31
PED0008179,925,PR0037,2,2026-08-29
PED0008180,537,PR0105,4,2026-06-04
PED0008181,545,PR0031,5,2026-07-18
PED0008182,901,PR0008,6,2026-06-05
PED0008183,942,PR0088,6,2026-08-07
PED0008184,998,PR0091,5,2026-06-09
PED0008185,730,PR0112,4,2026-07-04
PED0008186,181,PR0111,6,2026-08-17
PED0008187,562,PR0013,1,2026-08-18
PED0008188,921,PR0075,6,2026-06-24
PED0008189,977,PR0085,2,2026-07-24
PED0008190,827,PR0073,3,2026-06-20
PED0008191,476,PR0003,6,2026-08-02
PED0008192,175,PR0006,5,2026-06-01
PED0008193,545,PR0081,6,2026-08-25
PED0008194,1000,PR0103,5,2026-06-03
PED0008195,597,PR0022,4,2026-08-03
PED0008196,738,PR0006,2,2026-07-13
PED0008197,740,PR0049,6,2026-06-24
PED0008198,572,PR0038,-1,2026-07-27
PED0008199,197,PR0118,5,2026-06-15
PED0008200,687,PR0112,3,2026-07-31
PED0008201,377,PR0067,6,2026-08-07
PED0008202,267,PR0114,3,2026-07-19
PED0008203,883,PR0028,2,2026-07-08
PED0008204,734,PR0120,2,2026-07-19
PED0008205,730,PR0054,5,2026-09-09
PED0008206,699,PR0058,5,2026-08-19
PED0008207,165,PR0007,2,2026-06-01
PED0008208,553,PR0022,5,2026-07-01
PED0008209,175,PR0024,6,2026-06-03
PED0008210,740,PR0059,4,2026-06-25
PED0008211,447,PR0023,6,2026-08-21
PED0008212,387,PR0013,1,2026-08-29
PED0008213,461,PR_INEXISTENTE,3,2026-07-18
PED0008214,314,PR0105,4,2026-08-12
PED0008215,301,PR0009,3,2026-07-09
PED0008216,989,PR0068,1,2026-07-21
PED0008217,477,PR0116,3,2026-08-27
PED0008218,960,PR0049,3,2026-06-29
PED0008219,461,PR0022,2,2026-07-04
PED0008220,936,PR0010,3,2026-06-15
PED0008221,500,PR0113,3,2026-06-23
PED0008222,19,PR0049,6,2026-06-04
PED0008223,393,PR0013,3,2026-08-25
PED0008224,999999,PR0104,3,2026-08-29
PED0008225,93,PR_INEXISTENTE,3,2026-07-15
PED0008226,577,PR0085,4,2026-08-02
PED0008227,762,PR0011,2,2026-06-27
PED0008228,815,PR0010,6,2026-06-05
PED0008229,100,PR0027,3,2026-07-25
PED0008230,506,PR0020,3,2026-06-17
PED0008231,767,PR0064,1,2026-08-29
PED0008232,465,PR0048,6,2026-06-30
PED0008233,794,PR0092,3,2026-08-17
PED0008234,121,PR0013,1,2026-06-28
PED0008235,583,PR0088,2,2026-06-14
PED0008236,197,PR0113,3,2026-07-28
PED0008237,301,PR0016,5,2026-06-20
PED0008238,996,PR0079,1,2026-07-12
PED0008239,849,PR0062,1,2026-07-01
PED0008240,652,PR0012,4,2026-09-01
PED0008241,648,PR0036,3,2026-07-23
PED0008242,942,PR0095,6,2026-08-15
PED0008243,61,PR0105,5,2026-08-01
PED0008244,708,PR0045,4,2026-09-04
PED0008245,412,PR0013,-1,2026-07-17
PED0008246,301,PR0030,4,2026-08-30
PED0008247,970,PR0102,4,2026-09-03
PED0008248,70,PR_INEXISTENTE,2,2026-09-05
PED0008249,256,PR0052,3,2026-08-13
PED0008250,561,PR0002,6,2026-09-11
PED0008251,127,PR0094,4,2026-08-18
PED0008252,109,PR0056,3,2026-07-03
PED0008253,322,PR0066,5,2026-06-17
PED0008254,844,PR0102,2,2026-06-23
PED0008255,52,PR0068,2,2026-07-31
PED0008256,754,PR0112,6,2026-06-18
PED0008257,58,PR0068,5,2026-06-25
PED0008258,899,PR0042,3,2026-08-05
PED0008259,396,PR0111,6,2026-07-05
PED0008260,502,PR0078,3,2026-08-11
PED0008261,925,PR0092,5,2026-09-13
PED0008262,30,PR0028,1,2026-06-10
PED0008263,417,PR0081,5,2026-08-07
PED0008264,65,PR0068,2,2026-08-26
PED0008265,703,PR0013,2,2026-06-15
PED0008266,393,PR0031,5,2026-08-22
PED0008267,82,PR0110,2,2026-07-24
PED0008268,648,PR0069,3,2026-08-05
PED0008269,691,PR0093,6,2026-06-06
PED0008270,177,PR0021,6,2026-07-16
PED0008271,121,PR0027,3,2026-07-09
PED0008272,45,PR0113,1,2026-06-17
PED0008273,121,PR0051,2,2026-08-20
PED0008274,629,PR0107,4,2026-07-24
PED0008275,689,PR0098,3,2026-09-01
PED0008276,571,PR0041,5,2026-06-17
PED0008277,975,PR0114,6,2026-08-16
PED0008278,902,PR0094,4,2026-08-03
PED0008279,793,PR0016,4,2026-08-08
PED0008280,306,PR0012,0,2026-07-03
PED0008281,815,PR0016,2,2026-08-12
PED0008282,983,PR0089,4,2026-06-26
PED0008283,18,PR0018,6,2026-08-20
PED0008284,906,PR0034,5,2026-07-17
PED0008285,175,PR0053,5,2026-07-21
PED0008286,398,PR0017,6,2026-07-31
PED0008287,236,PR0040,3,2026-06-09
PED0008288,668,PR0082,3,2026-07-09
PED0008289,932,PR0117,6,2026-06-22
PED0008290,127,PR0057,3,2026-09-10
PED0008291,555,PR0090,5,2026-07-15
PED0008292,906,PR0064,4,2026-06-01
PED0008293,194,PR0056,1,2026-06-03
PED0008294,668,PR0063,2,2026-09-04
PED0008295,763,PR0116,2,2026-06-17
PED0008296,48,PR0008,2,2026-06-01
PED0008297,376,PR0062,5,2026-06-23
PED0008298,60,PR0007,6,2026-06-23
PED0008299,271,PR0106,6,2026-06-09
PED0008300,825,PR0073,2,2026-09-13
PED0008301,899,PR0006,-1,2026-06-07
PED0008302,712,PR0075,0,2026-08-16
PED0008303,102,PR0053,1,2026-08-27
PED0008304,899,PR0006,4,2026-08-07
PED0008305,863,PR0118,6,2026-06-14
PED0008306,627,PR0046,1,2026-08-16
PED0008307,585,PR0003,4,2026-07-05
PED0008308,260,PR0074,1,2026-07-13
PED0008309,925,PR0046,6,2026-06-27
PED0008310,60,PR0079,1,2026-08-22
PED0008311,236,PR0020,3,2026-07-31
PED0008312,96,PR0100,1,2026-06-17
PED0008313,393,PR0051,3,2026-07-13
PED0008314,763,PR0051,3,2026-08-23
PED0008315,278,PR0097,4,2026-09-07
PED0008316,190,PR0066,5,2026-09-07
PED0008317,467,PR0001,6,2026-06-15
PED0008318,406,PR0070,3,2026-08-30
PED0008319,795,PR0078,6,2026-07-30
PED0008320,689,PR0038,3,2026-08-17
PED0008321,740,PR0022,1,2026-07-11
PED0008322,730,PR0007,4,2026-08-08
PED0008323,763,PR0102,5,2026-06-28
PED0008324,109,PR0001,2,2026-07-25
PED0008325,508,PR0071,4,2026-06-24
PED0008326,985,PR0101,3,2026-07-12
PED0008327,19,PR0043,1,2026-07-13
PED0008328,415,PR0025,3,2026-08-30
PED0008329,736,PR0086,3,2026-08-05
PED0008330,862,PR0076,3,2026-08-07
PED0008331,754,PR0002,6,2026-06-30
PED0008332,892,PR0070,3,2026-07-16
PED0008333,999999,PR0001,4,2026-07-20
PED0008334,776,PR0048,1,2026-08-22
PED0008335,244,PR0037,2,2026-06-20
PED0008336,476,PR0101,6,2026-06-06
PED0008337,256,PR0118,6,2026-07-24
PED0008338,30,PR0084,6,2026-08-25
PED0008339,121,PR0089,1,2026-08-17
PED0008340,182,PR0003,6,2026-08-25
PED0008341,949,PR0008,2,2026-07-12
PED0008342,778,PR0094,1,2026-06-24
PED0008343,901,PR0052,1,2026-08-09
PED0008344,96,PR0061,5,2026-06-04
PED0008345,630,PR0084,4,2026-09-03
PED0008346,421,PR0042,4,2026-08-14
PED0008347,392,PR0082,6,2026-07-23
PED0008348,855,PR0088,1,2026-06-21
PED0008349,896,PR0029,1,2026-06-27
PED0008350,349,PR0083,6,2026-09-13
PED0008351,956,PR0021,4,2026-06-02
PED0008352,536,PR0038,5,2026-06-01
PED0008353,738,PR0094,4,2026-07-07
PED0008354,770,PR0118,1,2026-06-25
PED0008355,233,PR0008,4,2026-08-11
PED0008356,847,PR0078,6,2026-06-05
PED0008357,687,PR0069,1,2026-08-22
PED0008358,739,PR0073,1,2026-08-22
PED0008359,700,PR0095,3,2026-06-25
PED0008360,48,PR0009,3,2026-07-31
PED0008361,434,PR0089,4,2026-08-10
PED0008362,54,PR0034,1,2026-08-29
PED0008363,537,PR0019,6,2026-08-16
PED0008364,601,PR0054,1,2026-09-10
PED0008365,419,PR0004,2,2026-06-13
PED0008366,36,PR0076,6,2026-08-04
PED0008367,349,PR0068,3,2026-08-21
PED0008368,382,PR0062,4,2026-06-25
PED0008369,960,PR0004,3,2026-06-23
PED0008370,711,PR0092,2,2026-06-10
PED0008371,248,PR0005,4,2026-09-12
PED0008372,538,PR0032,5,2026-08-30
PED0008373,546,PR0048,1,2026-06-13
PED0008374,260,PR0085,6,2026-06-26
PED0008375,388,PR0049,2,2026-07-19
PED0008376,197,PR0098,6,2026-09-02
PED0008377,908,PR0113,6,2026-08-26
PED0008378,405,PR0092,6,2026-09-01
PED0008379,274,PR0005,4,2026-08-26
PED0008380,265,PR0093,6,2026-08-05
PED0008381,904,PR_INEXISTENTE,6,2026-07-01
PED0008382,33,PR0107,4,2026-08-03
PED0008383,417,PR0118,6,2026-07-22
PED0008384,626,PR0011,3,2026-09-08
PED0008385,938,PR0012,6,2026-07-18
PED0008386,786,PR0084,6,2026-08-19
PED0008387,19,PR0018,4,2026-06-19
PED0008388,372,PR0117,1,2026-08-11
PED0008389,899,PR0065,2,2026-07-18
PED0008390,815,PR0069,2,2026-07-16
PED0008391,684,PR0104,4,2026-08-19
PED0008392,999999,PR0027,3,2026-07-21
PED0008393,635,PR0067,5,2026-06-07
PED0008394,968,PR0120,2,2026-07-11
PED0008395,862,PR0003,1,2026-09-10
PED0008396,93,PR0021,-1,2026-09-08
PED0008397,256,PR0018,1,2026-08-04
PED0008398,740,PR0041,6,2026-08-07
PED0008399,725,PR0016,1,2026-06-28
PED0008400,925,PR0021,3,2026-08-21
PED0008401,215,PR0103,6,2026-08-02
PED0008402,813,PR0056,4,2026-06-04
PED0008403,383,PR0043,5,2026-09-08
PED0008404,194,PR0051,3,2026-08-29
PED0008405,849,PR0117,5,2026-06-09
PED0008406,725,PR0059,5,2026-07-14
PED0008407,44,PR0057,4,2026-08-17
PED0008408,942,PR0112,1,2026-08-17
PED0008409,616,PR0005,6,2026-06-18
PED0008410,919,PR0058,1,2026-06-05
PED0008411,406,PR0090,3,2026-09-12
PED0008412,751,PR0062,4,2026-09-02
PED0008413,617,PR0105,5,2026-08-17
PED0008414,824,PR0107,4,2026-08-09
PED0008415,233,PR0041,3,2026-08-12
PED0008416,195,PR0099,3,2026-07-19
PED0008417,983,PR0030,6,2026-08-11
PED0008418,7,PR0029,3,2026-07-02
PED0008419,405,PR0118,6,2026-06-09
PED0008420,795,PR0002,1,2026-07-03
PED0008421,736,PR0043,4,2026-07-01
PED0008422,771,PR0076,5,2026-07-02
PED0008423,71,PR0050,5,2026-07-20
PED0008424,514,PR0102,3,2026-06-14
PED0008425,436,PR0031,5,2026-07-13
PED0008426,30,PR0067,3,2026-07-19
PED0008427,350,PR0016,4,2026-06-20
PED0008428,213,PR0026,6,2026-07-18
PED0008429,620,PR0021,0,2026-08-10
PED0008430,887,PR0089,5,2026-07-14
PED0008431,395,PR0025,6,2026-06-01
PED0008432,908,PR0081,2,2026-08-13
PED0008433,858,PR0042,4,2026-07-31
PED0008434,52,PR0068,4,2026-07-15
PED0008435,443,PR0105,5,2026-06-03
PED0008436,537,PR0104,1,2026-06-10
PED0008437,8,PR0002,0,2026-06-09
PED0008438,387,PR0095,2,2026-08-29
PED0008439,369,PR0115,3,2026-07-03
PED0008440,383,PR0081,5,2026-07-15
PED0008441,508,PR0023,2,2026-08-13
PED0008442,65,PR0080,1,2026-08-08
PED0008443,388,PR0077,5,2026-06-07
PED0008444,180,PR0080,2,2026-09-06
PED0008445,406,PR0052,5,2026-06-28
PED0008446,763,PR0064,6,2026-08-20
PED0008447,248,PR0079,3,2026-08-27
PED0008448,300,PR_INEXISTENTE,5,2026-07-27
PED0008449,58,PR_INEXISTENTE,2,2026-06-18
PED0008450,817,PR0086,6,2026-07-28
PED0008451,18,PR0037,2,2026-06-26
PED0008452,69,PR0074,6,2026-08-29
PED0008453,906,PR0091,5,2026-08-19
PED0008454,566,PR0059,2,2026-08-26
PED0008455,260,PR0086,5,2026-08-26
PED0008456,376,PR0016,4,2026-06-19
PED0008457,784,PR0047,5,2026-06-04
PED0008458,585,PR0085,3,2026-08-05
PED0008459,537,PR0108,2,2026-08-04
PED0008460,836,PR0078,5,2026-08-30
PED0008461,896,PR0080,1,2026-08-06
PED0008462,784,PR0042,3,2026-08-24
PED0008463,102,PR0085,1,2026-07-07
PED0008464,855,PR0043,1,2026-06-14
PED0008465,708,PR0007,1,2026-06-04
PED0008466,48,PR0030,1,2026-07-16
PED0008467,725,PR0074,6,2026-06-01
PED0008468,693,PR0116,5,2026-07-25
PED0008469,502,PR0060,6,2026-07-13
PED0008470,393,PR0104,1,2026-06-28
PED0008471,899,PR0094,6,2026-08-02
PED0008472,253,PR0068,4,2026-08-11
PED0008473,278,PR0097,5,2026-06-05
PED0008474,414,PR0049,6,2026-07-21
PED0008475,597,PR0054,2,2026-09-07
PED0008476,396,PR0089,5,2026-07-02
PED0008477,805,PR0077,4,2026-08-22
PED0008478,980,PR0064,3,2026-07-06
PED0008479,898,PR0052,3,2026-06-29
PED0008480,406,PR_INEXISTENTE,2,2026-08-29
PED0008481,572,PR0008,2,2026-07-08
PED0008482,931,PR0007,6,2026-08-30
PED0008483,35,PR0058,5,2026-08-08
PED0008484,52,PR0005,4,2026-08-25
PED0008485,999999,PR0041,5,2026-08-25
PED0008486,858,PR0069,3,2026-09-04
PED0008487,956,PR0049,2,2026-07-29
PED0008488,509,PR0025,6,2026-09-08
PED0008489,225,PR0035,6,2026-06-07
PED0008490,999999,PR0073,2,2026-07-22
PED0008491,41,PR0115,5,2026-07-12
PED0008492,856,PR0094,-1,2026-06-11
PED0008493,601,PR0066,5,2026-08-31
PED0008494,412,PR0017,1,2026-08-24
PED0008495,985,PR0030,3,2026-08-18
PED0008496,345,PR0053,1,2026-08-06
PED0008497,503,PR0030,5,2026-08-03
PED0008498,296,PR0083,3,2026-07-10
PED0008499,638,PR0044,2,2026-08-11
PED0008500,920,PR0101,5,2026-09-11
PED0008501,154,PR0033,6,2026-06-27
PED0008502,185,PR0060,3,2026-07-06
PED0008503,25,PR0086,5,2026-06-12
PED0008504,461,PR0025,5,2026-09-04
PED0008505,994,PR0092,3,2026-07-26
PED0008506,182,PR0071,5,2026-08-02
PED0008507,2,PR0078,1,2026-06-28
PED0008508,784,PR0055,6,2026-06-04
PED0008509,180,PR0113,3,2026-08-24
PED0008510,941,PR0093,1,2026-08-30
PED0008511,999999,PR0024,6,2026-07-06
PED0008512,985,PR0067,5,2026-08-20
PED0008513,25,PR0109,5,2026-07-31
PED0008514,263,PR0034,1,2026-08-07
PED0008515,586,PR0065,5,2026-06-19
PED0008516,415,PR0091,5,2026-08-04
PED0008517,185,PR0033,6,2026-06-17
PED0008518,324,PR0063,3,2026-06-23
PED0008519,854,PR0067,6,2026-07-08
PED0008520,172,PR0022,5,2026-06-23
PED0008521,563,PR0022,2,2026-09-04
PED0008522,175,PR0068,2,2026-06-04
PED0008523,792,PR0022,-1,2026-09-03
PED0008524,847,PR0114,4,2026-06-17
PED0008525,143,PR0063,1,2026-08-31
PED0008526,476,PR0085,1,2026-07-06
PED0008527,898,PR0048,5,2026-09-05
PED0008528,451,PR0036,2,2026-07-27
PED0008529,128,PR0059,2,2026-07-22
PED0008530,479,PR0086,4,2026-06-14
PED0008531,18,PR0048,6,2026-07-16
PED0008532,563,PR0034,3,2026-07-29
PED0008533,140,PR0018,4,2026-09-12
PED0008534,984,PR0066,5,2026-06-28
PED0008535,31,PR0082,4,2026-06-09
PED0008536,480,PR0064,5,2026-06-27
PED0008537,638,PR0031,2,2026-06-26
PED0008538,494,PR0030,4,2026-09-08
PED0008539,922,PR0046,1,2026-06-16
PED0008540,975,PR0042,5,2026-09-13
PED0008541,553,PR0025,5,2026-06-12
PED0008542,919,PR0114,5,2026-08-25
PED0008543,664,PR0040,1,2026-07-14
PED0008544,107,PR0031,6,2026-06-06
PED0008545,936,PR_INEXISTENTE,3,2026-08-04
PED0008546,213,PR0097,1,2026-08-16
PED0008547,463,PR0056,4,2026-08-28
PED0008548,280,PR0081,4,2026-06-19
PED0008549,820,PR0012,3,2026-08-04
PED0008550,371,PR0064,5,2026-07-30
PED0008551,415,PR0008,4,2026-07-17
PED0008552,8,PR0017,2,2026-09-02
PED0008553,508,PR0072,4,2026-07-15
PED0008554,693,PR0025,0,2026-07-10
PED0008555,40,PR0005,1,2026-07-26
PED0008556,795,PR0022,2,2026-09-06
PED0008557,185,PR0093,6,2026-08-31
PED0008558,106,PR0071,4,2026-08-14
PED0008559,418,PR0046,2,2026-06-09
PED0008560,983,PR_INEXISTENTE,3,2026-07-02
PED0008561,862,PR0047,6,2026-06-02
PED0008562,66,PR0106,4,2026-06-10
PED0008563,213,PR0042,5,2026-08-27
PED0008564,746,PR0004,4,2026-08-25
PED0008565,887,PR0014,6,2026-06-11
PED0008566,679,PR0033,4,2026-07-19
PED0008567,684,PR0023,3,2026-06-30
PED0008568,377,PR0019,2,2026-06-08
PED0008569,318,PR0047,1,2026-07-11
PED0008570,583,PR_INEXISTENTE,5,2026-06-11
PED0008571,43,PR0025,6,2026-08-17
PED0008572,143,PR0029,4,2026-09-10
PED0008573,636,PR0120,3,2026-07-15
PED0008574,372,PR0025,1,2026-06-26
PED0008575,229,PR0100,4,2026-07-23
PED0008576,36,PR0075,2,2026-09-10
PED0008577,901,PR0112,4,2026-06-17
PED0008578,976,PR0067,2,2026-08-11
PED0008579,740,PR0072,6,2026-06-10
PED0008580,415,PR0028,6,2026-07-02
PED0008581,423,PR0069,2,2026-07-17
PED0008582,18,PR0081,2,2026-07-11
PED0008583,16,PR0119,6,2026-06-19
PED0008584,621,PR0012,1,2026-08-21
PED0008585,763,PR0019,4,2026-08-10
PED0008586,446,PR0003,1,2026-07-16
PED0008587,658,PR0095,3,2026-07-14
PED0008588,175,PR0010,1,2026-06-08
PED0008589,597,PR0110,1,2026-08-09
PED0008590,31,PR0044,3,2026-06-25
PED0008591,191,PR0035,1,2026-07-02
PED0008592,213,PR0118,5,2026-08-30
PED0008593,809,PR0087,4,2026-08-07
PED0008594,414,PR0066,3,2026-08-13
PED0008595,463,PR0107,3,2026-06-28
PED0008596,296,PR0091,6,2026-07-23
PED0008597,102,PR0077,6,2026-06-02
PED0008598,962,PR0039,1,2026-06-26
PED0008599,986,PR0119,5,2026-08-24
PED0008600,706,PR0087,3,2026-07-20
PED0008601,779,PR0114,5,2026-08-06
PED0008602,948,PR0116,5,2026-08-22
PED0008603,77,PR0066,5,2026-09-07
PED0008604,672,PR0043,5,2026-06-09
PED0008605,990,PR0114,2,2026-08-01
PED0008606,982,PR0120,6,2026-09-13
PED0008607,122,PR0015,5,2026-06-21
PED0008608,956,PR0077,2,2026-08-30
PED0008609,839,PR0073,2,2026-07-31
PED0008610,43,PR0090,4,2026-07-04
PED0008611,699,PR0118,3,2026-08-22
PED0008612,691,PR0031,5,2026-08-31
PED0008613,679,PR0118,3,2026-06-15
PED0008614,383,PR0078,2,2026-08-11
PED0008615,108,PR0010,3,2026-09-07
PED0008616,191,PR0062,5,2026-08-09
PED0008617,526,PR0017,5,2026-07-28
PED0008618,572,PR0115,2,2026-06-15
PED0008619,526,PR0092,5,2026-07-18
PED0008620,996,PR0109,1,2026-09-04
PED0008621,901,PR0073,6,2026-08-23
PED0008622,609,PR0048,5,2026-07-18
PED0008623,990,PR0052,1,2026-07-03
PED0008624,99,PR0114,5,2026-08-24
PED0008625,827,PR0019,3,2026-09-10
PED0008626,301,PR0107,6,2026-07-02
PED0008627,180,PR0051,2,2026-08-25
PED0008628,698,PR0071,6,2026-07-03
PED0008629,267,PR0081,6,2026-08-26
PED0008630,806,PR0010,2,2026-09-10
PED0008631,212,PR0018,3,2026-08-09
PED0008632,734,PR0020,4,2026-07-23
PED0008633,301,PR0094,2,2026-07-03
PED0008634,441,PR0010,6,2026-06-07
PED0008635,190,PR0074,2,2026-06-06
PED0008636,31,PR0013,2,2026-08-27
PED0008637,44,PR0093,4,2026-08-09
PED0008638,540,PR0118,3,2026-06-24
PED0008639,294,PR0050,1,2026-07-28
PED0008640,366,PR0026,6,2026-09-01
PED0008641,779,PR0054,2,2026-08-08
PED0008642,763,PR0083,1,2026-09-05
PED0008643,362,PR0088,4,2026-06-13
PED0008644,244,PR0077,6,2026-06-08
PED0008645,58,PR0070,1,2026-08-09
PED0008646,398,PR0076,3,2026-08-01
PED0008647,571,PR0027,6,2026-08-12
PED0008648,948,PR0025,6,2026-09-12
PED0008649,530,PR0112,2,2026-06-12
PED0008650,553,PR0070,4,2026-09-06
PED0008651,948,PR0104,6,2026-06-07
PED0008652,306,PR0076,5,2026-07-26
PED0008653,467,PR0055,4,2026-08-27
PED0008654,767,PR0069,5,2026-08-11
PED0008655,694,PR0084,3,2026-06-24
PED0008656,412,PR0023,1,2026-08-03
PED0008657,586,PR0056,4,2026-09-03
PED0008658,537,PR0087,4,2026-06-22
PED0008659,109,PR0011,6,2026-09-07
PED0008660,194,PR0009,6,2026-08-08
PED0008661,173,PR0020,3,2026-06-10
PED0008662,197,PR0071,6,2026-07-05
PED0008663,383,PR0029,1,2026-08-30
PED0008664,233,PR0053,6,2026-07-06
PED0008665,694,PR0017,1,2026-09-08
PED0008666,476,PR0031,4,2026-07-15
PED0008667,107,PR0003,5,2026-07-06
PED0008668,71,PR0097,4,2026-08-29
PED0008669,815,PR0056,6,2026-08-22
PED0008670,227,PR0022,4,2026-06-26
PED0008671,509,PR0064,1,2026-08-22
PED0008672,172,PR0112,4,2026-06-27
PED0008673,102,PR0099,2,2026-09-03
PED0008674,265,PR0107,4,2026-06-01
PED0008675,43,PR0049,3,2026-08-09
PED0008676,849,PR0044,1,2026-06-17
PED0008677,398,PR0038,4,2026-08-11
PED0008678,762,PR0037,1,2026-09-11
PED0008679,331,PR0111,2,2026-08-10
PED0008680,326,PR0017,4,2026-07-16
PED0008681,922,PR0103,6,2026-08-26
PED0008682,19,PR0110,2,2026-06-21
PED0008683,601,PR0102,2,2026-07-28
PED0008684,746,PR0076,2,2026-09-10
PED0008685,215,PR0103,4,2026-07-08
PED0008686,253,PR0004,2,2026-06-03
PED0008687,281,PR0099,4,2026-07-17
PED0008688,99,PR0062,5,2026-07-21
PED0008689,767,PR0116,1,2026-08-25
PED0008690,922,PR0011,-1,2026-08-24
PED0008691,850,PR0112,4,2026-07-06
PED0008692,949,PR0069,4,2026-08-21
PED0008693,841,PR0013,4,2026-06-16
PED0008694,968,PR0062,6,2026-06-20
PED0008695,515,PR0005,4,2026-08-03
PED0008696,508,PR0010,6,2026-08-14
PED0008697,60,PR0064,2,2026-08-24
PED0008698,415,PR0098,2,2026-08-05
PED0008699,960,PR0013,4,2026-06-14
PED0008700,906,PR0032,1,2026-08-10
PED0008701,362,PR0047,1,2026-07-16
PED0008702,366,PR0065,2,2026-06-28
PED0008703,884,PR0001,2,2026-07-06
PED0008704,511,PR0077,1,2026-08-25
PED0008705,613,PR0060,-1,2026-06-19
PED0008706,213,PR0116,4,2026-07-29
PED0008707,738,PR0037,2,2026-06-09
PED0008708,750,PR0060,2,2026-08-16
PED0008709,617,PR0010,6,2026-06-16
PED0008710,617,PR0111,6,2026-09-07
PED0008711,227,PR0101,1,2026-09-01
PED0008712,294,PR0043,4,2026-08-29
PED0008713,975,PR0056,2,2026-07-07
PED0008714,318,PR0103,3,2026-08-22
PED0008715,407,PR0036,4,2026-06-15
PED0008716,43,PR0029,6,2026-07-01
PED0008717,562,PR0030,4,2026-06-14
PED0008718,503,PR0085,6,2026-06-06
PED0008719,2,PR0026,5,2026-07-09
PED0008720,254,PR0011,5,2026-07-31
PED0008721,825,PR0020,5,2026-08-30
PED0008722,620,PR0119,5,2026-06-04
PED0008723,412,PR0105,2,2026-07-13
PED0008724,920,PR0115,6,2026-08-14
PED0008725,746,PR0034,6,2026-06-22
PED0008726,697,PR0054,4,2026-08-17
PED0008727,140,PR0059,5,2026-07-30
PED0008728,896,PR0063,6,2026-07-30
PED0008729,593,PR0004,1,2026-06-14
PED0008730,734,PR0072,1,2026-06-18
PED0008731,609,PR0005,6,2026-09-01
PED0008732,792,PR0034,4,2026-08-31
PED0008733,418,PR0036,5,2026-07-18
PED0008734,331,PR0081,4,2026-08-02
PED0008735,216,PR0108,4,2026-07-27
PED0008736,41,PR0084,1,2026-07-25
PED0008737,730,PR0053,2,2026-08-14
PED0008738,256,PR0064,1,2026-07-30
PED0008739,930,PR0062,3,2026-06-14
PED0008740,33,PR0018,1,2026-06-09
PED0008741,295,PR0115,5,2026-08-29
PED0008742,96,PR0111,2,2026-08-17
PED0008743,998,PR0029,5,2026-06-21
PED0008744,140,PR0014,1,2026-06-07
PED0008745,415,PR0020,1,2026-06-24
PED0008746,980,PR0076,0,2026-07-31
PED0008747,999999,PR0004,5,2026-08-01
PED0008748,999999,PR0013,5,2026-06-18
PED0008749,754,PR0078,4,2026-06-19
PED0008750,61,PR0018,4,2026-06-22
PED0008751,195,PR0009,5,2026-07-17
PED0008752,180,PR0003,5,2026-06-25
PED0008753,999999,PR0085,5,2026-07-18
PED0008754,366,PR0044,1,2026-06-02
PED0008755,100,PR0035,3,2026-09-07
PED0008756,968,PR0077,6,2026-09-02
PED0008757,306,PR0021,3,2026-07-06
PED0008758,190,PR0063,1,2026-08-24
PED0008759,254,PR0059,4,2026-07-27
PED0008760,418,PR0081,2,2026-06-04
PED0008761,102,PR0075,4,2026-06-30
PED0008762,976,PR0082,4,2026-06-06
PED0008763,901,PR0026,5,2026-08-14
PED0008764,54,PR0017,6,2026-08-22
PED0008765,530,PR0065,5,2026-08-04
PED0008766,300,PR0007,6,2026-06-01
PED0008767,585,PR0055,1,2026-06-25
PED0008768,689,PR0076,-1,2026-07-20
PED0008769,2,PR0099,3,2026-06-16
PED0008770,631,PR0079,5,2026-06-12
PED0008771,401,PR0120,1,2026-07-02
PED0008772,280,PR0067,4,2026-08-02
PED0008773,331,PR0054,1,2026-06-10
PED0008774,793,PR0030,4,2026-09-13
PED0008775,827,PR0081,2,2026-07-19
PED0008776,904,PR_INEXISTENTE,1,2026-06-19
PED0008777,178,PR0039,1,2026-06-03
PED0008778,844,PR0010,2,2026-09-09
PED0008779,825,PR0002,6,2026-08-02
PED0008780,941,PR0076,6,2026-08-30
PED0008781,167,PR0080,1,2026-08-21
PED0008782,824,PR0015,6,2026-09-12
PED0008783,657,PR0003,4,2026-09-02
PED0008784,585,PR0079,2,2026-08-20
PED0008785,983,PR0048,6,2026-08-29
PED0008786,836,PR0051,2,2026-08-29
PED0008787,418,PR0032,2,2026-06-27
PED0008788,261,PR0087,2,2026-08-02
PED0008789,845,PR0090,1,2026-09-12
PED0008790,369,PR0007,3,2026-08-31
PED0008791,919,PR0011,1,2026-06-12
PED0008792,895,PR0067,2,2026-06-12
PED0008793,185,PR0073,3,2026-06-22
PED0008794,317,PR0018,4,2026-08-17
PED0008795,566,PR0019,6,2026-07-12
PED0008796,519,PR0082,1,2026-08-06
PED0008797,182,PR0055,0,2026-06-15
PED0008798,480,PR0015,1,2026-06-07
PED0008799,815,PR0074,6,2026-08-20
PED0008800,577,PR0009,2,2026-07-01
PED0008801,508,PR0028,6,2026-06-05
PED0008802,236,PR0086,5,2026-06-23
PED0008803,426,PR0027,2,2026-07-04
PED0008804,982,PR0008,2,2026-07-13
PED0008805,667,PR0116,2,2026-09-03
PED0008806,99,PR0027,3,2026-06-21
PED0008807,711,PR0062,3,2026-08-03
PED0008808,331,PR0099,4,2026-06-29
PED0008809,362,PR0119,3,2026-07-23
PED0008810,40,PR0098,5,2026-07-02
PED0008811,601,PR0041,3,2026-07-07
PED0008812,366,PR0103,2,2026-08-02
PED0008813,735,PR0002,2,2026-08-01
PED0008814,5,PR0040,5,2026-06-15
PED0008815,986,PR0024,1,2026-06-17
PED0008816,451,PR0064,2,2026-06-26
PED0008817,735,PR0107,2,2026-09-03
PED0008818,35,PR0093,4,2026-07-04
PED0008819,520,PR0120,1,2026-07-31
PED0008820,153,PR0017,3,2026-07-18
PED0008821,902,PR0091,5,2026-07-08
PED0008822,415,PR0087,6,2026-06-04
PED0008823,287,PR0055,3,2026-07-17
PED0008824,334,PR0012,6,2026-09-13
PED0008825,706,PR0013,4,2026-09-07
PED0008826,862,PR0110,-1,2026-07-02
PED0008827,353,PR0036,2,2026-07-26
PED0008828,127,PR0077,6,2026-07-01
PED0008829,1000,PR0114,2,2026-09-05
PED0008830,684,PR0060,1,2026-07-29
PED0008831,625,PR0026,1,2026-09-05
PED0008832,382,PR0059,4,2026-08-29
PED0008833,646,PR0028,4,2026-07-05
PED0008834,624,PR0022,2,2026-07-18
PED0008835,989,PR0098,6,2026-07-30
PED0008836,778,PR0042,2,2026-06-27
PED0008837,751,PR0083,4,2026-08-27
PED0008838,798,PR0088,4,2026-07-30
PED0008839,396,PR0066,4,2026-06-22
PED0008840,306,PR0065,5,2026-07-21
PED0008841,244,PR0022,6,2026-08-26
PED0008842,17,PR_INEXISTENTE,5,2026-07-15
PED0008843,882,PR0091,6,2026-08-14
PED0008844,16,PR0024,6,2026-09-12
PED0008845,35,PR0028,3,2026-07-06
PED0008846,618,PR0083,4,2026-09-13
PED0008847,254,PR0118,2,2026-07-14
PED0008848,183,PR0048,6,2026-07-30
PED0008849,254,PR0100,6,2026-08-21
PED0008850,687,PR0022,6,2026-06-08
PED0008851,180,PR0069,5,2026-08-13
PED0008852,194,PR0114,6,2026-07-30
PED0008853,597,PR0053,5,2026-08-08
PED0008854,738,PR0061,2,2026-09-09
PED0008855,740,PR0019,2,2026-07-21
PED0008856,44,PR0064,4,2026-09-06
PED0008857,274,PR0071,3,2026-07-30
PED0008858,698,PR0118,5,2026-06-23
PED0008859,616,PR0025,5,2026-08-08
PED0008860,107,PR0044,6,2026-06-20
PED0008861,143,PR0078,5,2026-09-03
PED0008862,43,PR0114,1,2026-06-16
PED0008863,265,PR0029,3,2026-07-23
PED0008864,824,PR0084,2,2026-08-26
PED0008865,577,PR0106,4,2026-06-01
PED0008866,898,PR0076,3,2026-07-22
PED0008867,435,PR0052,6,2026-07-24
PED0008868,817,PR0029,2,2026-07-06
PED0008869,506,PR0035,3,2026-08-10
PED0008870,863,PR0007,5,2026-07-05
PED0008871,844,PR0019,3,2026-07-10
PED0008872,638,PR0053,1,2026-06-29
PED0008873,795,PR0017,2,2026-08-05
PED0008874,345,PR0002,3,2026-09-01
PED0008875,998,PR0084,4,2026-06-19
PED0008876,906,PR0009,5,2026-07-14
PED0008877,494,PR0017,4,2026-06-24
PED0008878,779,PR0072,3,2026-06-26
PED0008879,35,PR0111,4,2026-09-11
PED0008880,786,PR0087,1,2026-08-14
PED0008881,33,PR0004,2,2026-09-08
PED0008882,989,PR0021,4,2026-08-06
PED0008883,446,PR0089,6,2026-08-09
PED0008884,597,PR0088,4,2026-08-15
PED0008885,793,PR0047,1,2026-08-08
PED0008886,884,PR0114,6,2026-08-26
PED0008887,825,PR0107,2,2026-07-05
PED0008888,231,PR0090,5,2026-06-11
PED0008889,545,PR0090,6,2026-07-22
PED0008890,479,PR0095,-1,2026-06-01
PED0008891,178,PR0018,1,2026-06-05
PED0008892,17,PR0085,2,2026-06-06
PED0008893,621,PR0113,4,2026-06-09
PED0008894,99,PR0027,5,2026-08-14
PED0008895,999999,PR0002,6,2026-08-02
PED0008896,798,PR0044,4,2026-09-07
PED0008897,998,PR0033,1,2026-07-01
PED0008898,93,PR0114,5,2026-07-05
PED0008899,108,PR0054,5,2026-07-22
PED0008900,999999,PR0080,3,2026-08-22
PED0008901,254,PR0118,4,2026-09-06
PED0008902,300,PR0095,2,2026-08-16
PED0008903,143,PR0090,0,2026-07-24
PED0008904,779,PR0117,1,2026-09-11
PED0008905,17,PR0083,6,2026-06-20
PED0008906,679,PR0028,6,2026-07-20
PED0008907,996,PR0088,5,2026-06-26
PED0008908,806,PR0039,5,2026-06-18
PED0008909,418,PR0040,6,2026-07-12
PED0008910,446,PR0078,1,2026-08-20
PED0008911,154,PR0038,4,2026-07-04
PED0008912,731,PR0003,4,2026-08-25
PED0008913,902,PR0120,6,2026-08-04
PED0008914,830,PR0069,5,2026-08-14
PED0008915,627,PR0081,4,2026-06-26
PED0008916,652,PR0098,4,2026-08-30
PED0008917,663,PR0077,1,2026-06-22
PED0008918,583,PR0074,2,2026-07-09
PED0008919,382,PR0096,3,2026-08-22
PED0008920,295,PR0036,6,2026-08-12
PED0008921,395,PR0100,6,2026-07-02
PED0008922,771,PR0087,4,2026-06-28
PED0008923,109,PR0022,1,2026-07-16
PED0008924,980,PR0018,5,2026-07-17
PED0008925,212,PR0106,3,2026-06-07
PED0008926,260,PR0108,4,2026-06-26
PED0008927,624,PR0120,3,2026-06-17
PED0008928,202,PR0013,5,2026-06-17
PED0008929,42,PR0108,2,2026-07-08
PED0008930,300,PR0104,1,2026-06-04
PED0008931,664,PR0093,2,2026-08-11
PED0008932,960,PR0060,6,2026-08-10
PED0008933,536,PR0062,1,2026-06-24
PED0008934,566,PR0052,2,2026-08-31
PED0008935,557,PR0004,3,2026-08-02
PED0008936,989,PR0061,6,2026-07-04
PED0008937,173,PR0029,3,2026-06-21
PED0008938,801,PR0025,6,2026-07-16
PED0008939,369,PR0007,6,2026-09-09
PED0008940,804,PR0055,4,2026-06-01
PED0008941,999999,PR0006,3,2026-06-03
PED0008942,769,PR0102,4,2026-07-14
PED0008943,906,PR0107,5,2026-09-05
PED0008944,641,PR0097,1,2026-06-30
PED0008945,262,PR0037,5,2026-08-18
PED0008946,730,PR0020,3,2026-07-31
PED0008947,508,PR0061,6,2026-06-21
PED0008948,999999,PR0081,4,2026-09-04
PED0008949,426,PR0003,6,2026-06-18
PED0008950,126,PR0103,1,2026-07-24
PED0008951,6,PR0053,1,2026-08-09
PED0008952,646,PR0099,1,2026-08-10
PED0008953,938,PR0010,6,2026-08-29
PED0008954,153,PR0052,6,2026-08-14
PED0008955,191,PR0055,6,2026-08-09
PED0008956,698,PR0006,2,2026-06-17
PED0008957,960,PR0085,2,2026-07-03
PED0008958,74,PR0112,3,2026-07-07
PED0008959,846,PR0065,5,2026-07-09
PED0008960,195,PR0048,2,2026-06-12
PED0008961,572,PR0077,4,2026-06-10
PED0008962,270,PR0044,4,2026-07-17
PED0008963,317,PR0044,3,2026-08-15
PED0008964,751,PR0092,3,2026-09-02
PED0008965,938,PR0071,4,2026-09-07
PED0008966,244,PR0032,5,2026-07-21
PED0008967,836,PR0049,2,2026-09-03
PED0008968,457,PR0101,4,2026-07-18
PED0008969,845,PR0064,1,2026-07-20
PED0008970,477,PR0010,1,2026-06-22
PED0008971,616,PR0103,4,2026-08-05
PED0008972,200,PR0089,3,2026-07-03
PED0008973,88,PR0033,2,2026-07-21
PED0008974,506,PR0116,1,2026-09-07
PED0008975,597,PR0115,6,2026-07-28
PED0008976,830,PR0120,5,2026-07-02
PED0008977,322,PR0046,6,2026-08-10
PED0008978,585,PR0111,1,2026-08-16
PED0008979,630,PR0097,1,2026-08-03
PED0008980,300,PR0105,2,2026-06-05
PED0008981,270,PR0066,1,2026-06-24
PED0008982,387,PR0034,3,2026-06-14
PED0008983,846,PR0028,4,2026-09-09
PED0008984,931,PR0116,2,2026-07-03
PED0008985,960,PR0061,3,2026-07-20
PED0008986,353,PR0112,4,2026-09-03
PED0008987,738,PR0067,2,2026-09-13
PED0008988,691,PR0065,3,2026-06-24
PED0008989,904,PR0009,4,2026-08-30
PED0008990,280,PR0049,6,2026-08-16
PED0008991,236,PR0067,2,2026-08-04
PED0008992,999999,PR0014,1,2026-06-18
PED0008993,202,PR0020,6,2026-08-12
PED0008994,191,PR0071,4,2026-08-04
PED0008995,200,PR0030,3,2026-07-17
PED0008996,625,PR0085,5,2026-08-01
PED0008997,418,PR0056,6,2026-06-23
PED0008998,658,PR0049,1,2026-08-05
PED0008999,982,PR0015,6,2026-06-17
PED0009000,585,PR0049,4,2026-07-01
PED0009001,274,PR0066,4,2026-07-22
PED0009002,490,PR0069,6,2026-06-18
PED0009003,597,PR0033,2,2026-09-04
PED0009004,841,PR0004,5,2026-09-02
PED0009005,830,PR0113,4,2026-07-20
PED0009006,514,PR0115,6,2026-07-30
PED0009007,882,PR0109,3,2026-07-01
PED0009008,214,PR0035,5,2026-06-23
PED0009009,253,PR0073,3,2026-09-09
PED0009010,301,PR0017,3,2026-07-14
PED0009011,820,PR0109,3,2026-09-09
PED0009012,42,PR0001,6,2026-06-08
PED0009013,190,PR0057,6,2026-06-12
PED0009014,999999,PR0103,2,2026-07-20
PED0009015,691,PR0088,6,2026-08-22
PED0009016,262,PR0104,4,2026-07-15
PED0009017,66,PR0060,1,2026-08-28
PED0009018,738,PR0012,5,2026-06-14
PED0009019,253,PR0001,1,2026-08-29
PED0009020,862,PR0019,6,2026-07-17
PED0009021,267,PR0007,3,2026-06-30
PED0009022,942,PR0054,6,2026-08-07
PED0009023,862,PR0007,3,2026-08-21
PED0009024,999999,PR0023,1,2026-09-06
PED0009025,986,PR0051,5,2026-06-10
PED0009026,256,PR0089,5,2026-08-13
PED0009027,467,PR0081,2,2026-07-04
PED0009028,540,PR0007,2,2026-07-23
PED0009029,965,PR0109,6,2026-07-19
PED0009030,839,PR0066,5,2026-08-20
PED0009031,984,PR0042,-1,2026-07-12
PED0009032,807,PR0046,5,2026-06-30
PED0009033,407,PR0102,2,2026-07-22
PED0009034,839,PR0056,2,2026-08-10
PED0009035,610,PR0030,4,2026-08-28
PED0009036,998,PR_INEXISTENTE,5,2026-06-01
PED0009037,296,PR0009,6,2026-07-30
PED0009038,609,PR0019,3,2026-06-08
PED0009039,307,PR0038,1,2026-08-05
PED0009040,253,PR0027,4,2026-08-05
PED0009041,998,PR0042,5,2026-08-29
PED0009042,382,PR0008,6,2026-06-21
PED0009043,331,PR0074,1,2026-08-23
PED0009044,121,PR0014,4,2026-08-12
PED0009045,526,PR0027,4,2026-08-09
PED0009046,830,PR0118,4,2026-08-06
PED0009047,476,PR_INEXISTENTE,1,2026-07-28
PED0009048,811,PR0034,1,2026-06-07
PED0009049,393,PR_INEXISTENTE,4,2026-08-25
PED0009050,37,PR0037,2,2026-07-12
PED0009051,919,PR0039,4,2026-06-11
PED0009052,324,PR0016,1,2026-08-04
PED0009053,689,PR0051,5,2026-09-08
PED0009054,657,PR0091,2,2026-08-14
PED0009055,167,PR0071,3,2026-06-26
PED0009056,635,PR0111,3,2026-08-25
PED0009057,908,PR0084,3,2026-08-28
PED0009058,610,PR0095,4,2026-07-05
PED0009059,577,PR0052,4,2026-07-25
PED0009060,854,PR0074,5,2026-08-27
PED0009061,516,PR0070,6,2026-06-17
PED0009062,467,PR0098,2,2026-07-08
PED0009063,930,PR0061,6,2026-07-18
PED0009064,326,PR0049,4,2026-06-01
PED0009065,436,PR0009,2,2026-06-18
PED0009066,613,PR0104,6,2026-08-04
PED0009067,624,PR0053,5,2026-06-28
PED0009068,231,PR0096,2,2026-06-26
PED0009069,908,PR0082,2,2026-07-02
PED0009070,985,PR0001,4,2026-06-14
PED0009071,972,PR0079,5,2026-08-06
PED0009072,557,PR0059,1,2026-06-28
PED0009073,99,PR0029,4,2026-08-08
PED0009074,754,PR0032,4,2026-08-26
PED0009075,66,PR0077,6,2026-07-21
PED0009076,815,PR0011,5,2026-09-04
PED0009077,462,PR0073,6,2026-06-21
PED0009078,545,PR0102,1,2026-09-09
PED0009079,854,PR0011,5,2026-07-04
PED0009080,693,PR0001,3,2026-07-02
PED0009081,407,PR0008,4,2026-09-11
PED0009082,779,PR_INEXISTENTE,6,2026-07-18
PED0009083,520,PR0102,6,2026-08-18
PED0009084,601,PR0119,2,2026-08-24
PED0009085,180,PR0004,2,2026-07-18
PED0009086,488,PR0058,5,2026-07-04
PED0009087,515,PR0006,6,2026-07-22
PED0009088,858,PR0045,4,2026-07-11
PED0009089,58,PR0037,1,2026-07-14
PED0009090,96,PR0073,1,2026-06-25
PED0009091,776,PR0110,5,2026-09-05
PED0009092,453,PR0097,5,2026-07-31
PED0009093,434,PR0008,6,2026-08-23
PED0009094,25,PR0029,4,2026-08-09
PED0009095,61,PR0033,3,2026-07-08
PED0009096,393,PR0031,1,2026-07-04
PED0009097,668,PR0043,5,2026-09-12
PED0009098,936,PR0073,6,2026-06-03
PED0009099,253,PR0089,1,2026-07-01
PED0009100,200,PR0113,3,2026-08-17
PED0009101,631,PR0085,3,2026-07-28
PED0009102,511,PR0036,5,2026-08-04
PED0009103,465,PR_INEXISTENTE,5,2026-06-03
PED0009104,751,PR0046,2,2026-06-23
PED0009105,109,PR0096,6,2026-08-02
PED0009106,754,PR0120,1,2026-07-04
PED0009107,884,PR0048,5,2026-07-20
PED0009108,415,PR0022,5,2026-09-09
PED0009109,77,PR0001,1,2026-08-07
PED0009110,357,PR0010,5,2026-08-06
PED0009111,856,PR0077,2,2026-06-21
PED0009112,180,PR0071,2,2026-08-02
PED0009113,999999,PR0078,1,2026-09-09
PED0009114,508,PR0003,5,2026-08-07
PED0009115,412,PR0053,5,2026-08-22
PED0009116,620,PR0022,4,2026-09-09
PED0009117,854,PR0041,5,2026-09-03
PED0009118,625,PR0075,3,2026-07-06
PED0009119,765,PR0034,4,2026-07-02
PED0009120,884,PR0080,5,2026-06-30
PED0009121,197,PR0035,3,2026-08-20
PED0009122,684,PR0062,4,2026-07-10
PED0009123,763,PR0056,1,2026-08-26
PED0009124,725,PR0047,4,2026-08-24
PED0009125,244,PR0016,6,2026-08-09
PED0009126,388,PR0070,5,2026-06-13
PED0009127,261,PR0119,2,2026-08-14
PED0009128,638,PR0078,4,2026-06-22
PED0009129,906,PR0090,4,2026-07-29
PED0009130,735,PR0097,6,2026-06-24
PED0009131,725,PR0005,5,2026-06-07
PED0009132,904,PR0096,5,2026-08-06
PED0009133,609,PR0030,5,2026-07-18
PED0009134,443,PR0080,3,2026-08-07
PED0009135,795,PR0119,3,2026-07-22
PED0009136,398,PR0108,3,2026-07-10
PED0009137,632,PR0050,3,2026-06-02
PED0009138,990,PR0101,6,2026-06-30
PED0009139,566,PR0075,6,2026-09-01
PED0009140,479,PR0016,6,2026-08-19
PED0009141,825,PR0029,4,2026-07-19
PED0009142,500,PR0115,2,2026-06-04
PED0009143,350,PR0110,-1,2026-09-12
PED0009144,686,PR0108,2,2026-08-17
PED0009145,920,PR0047,4,2026-06-03
PED0009146,261,PR_INEXISTENTE,3,2026-06-23
PED0009147,93,PR0097,4,2026-06-18
PED0009148,750,PR0003,6,2026-09-03
PED0009149,781,PR0108,3,2026-09-09
PED0009150,16,PR0073,6,2026-07-14
PED0009151,827,PR0076,4,2026-06-19
PED0009152,959,PR0053,5,2026-08-07
PED0009153,260,PR0118,1,2026-06-29
PED0009154,746,PR0090,2,2026-06-13
PED0009155,178,PR0007,6,2026-06-28
PED0009156,697,PR0063,6,2026-06-27
PED0009157,1000,PR_INEXISTENTE,4,2026-06-06
PED0009158,972,PR0010,1,2026-08-13
PED0009159,751,PR0089,1,2026-07-07
PED0009160,447,PR0030,3,2026-07-28
PED0009161,194,PR0061,6,2026-07-28
PED0009162,617,PR0106,3,2026-08-20
PED0009163,921,PR0060,6,2026-08-20
PED0009164,617,PR0005,4,2026-07-30
PED0009165,750,PR0003,1,2026-08-27
PED0009166,16,PR0089,4,2026-07-30
PED0009167,263,PR0112,3,2026-06-03
PED0009168,545,PR0036,2,2026-08-30
PED0009169,836,PR0113,5,2026-08-20
PED0009170,908,PR0055,2,2026-07-15
PED0009171,898,PR0008,6,2026-07-11
PED0009172,300,PR0064,5,2026-09-02
PED0009173,736,PR0117,5,2026-07-15
PED0009174,36,PR0031,1,2026-07-10
PED0009175,19,PR0116,6,2026-08-16
PED0009176,664,PR0079,3,2026-07-05
PED0009177,214,PR0048,5,2026-07-13
PED0009178,989,PR0084,2,2026-08-21
PED0009179,395,PR0049,5,2026-06-24
PED0009180,434,PR0011,2,2026-06-02
PED0009181,106,PR0105,5,2026-07-06
PED0009182,35,PR0045,2,2026-06-19
PED0009183,650,PR0068,6,2026-07-08
PED0009184,306,PR0090,5,2026-06-08
PED0009185,999999,PR0010,3,2026-08-01
PED0009186,177,PR0087,3,2026-07-24
PED0009187,212,PR0044,1,2026-06-29
PED0009188,779,PR0066,2,2026-08-05
PED0009189,892,PR0055,5,2026-06-16
PED0009190,267,PR0094,5,2026-06-02
PED0009191,982,PR0023,6,2026-07-21
PED0009192,577,PR0013,1,2026-06-17
PED0009193,480,PR0050,2,2026-08-29
PED0009194,965,PR0015,5,2026-07-02
PED0009195,817,PR0030,3,2026-07-16
PED0009196,457,PR0079,2,2026-07-01
PED0009197,793,PR0099,2,2026-07-16
PED0009198,792,PR0084,6,2026-06-11
PED0009199,58,PR0039,6,2026-09-07
PED0009200,421,PR_INEXISTENTE,1,2026-06-19
PED0009201,906,PR0049,6,2026-07-12
PED0009202,185,PR0022,4,2026-08-28
PED0009203,183,PR0091,0,2026-07-15
PED0009204,901,PR0063,4,2026-08-13
PED0009205,16,PR0045,5,2026-06-08
PED0009206,751,PR0080,4,2026-07-02
PED0009207,295,PR0087,5,2026-08-19
PED0009208,392,PR0027,5,2026-06-28
PED0009209,306,PR0015,4,2026-07-14
PED0009210,515,PR0063,1,2026-06-09
PED0009211,892,PR0007,1,2026-07-23
PED0009212,990,PR0077,3,2026-07-07
PED0009213,836,PR0053,3,2026-08-30
PED0009214,970,PR0026,6,2026-07-12
PED0009215,122,PR0072,1,2026-08-26
PED0009216,64,PR0046,6,2026-09-03
PED0009217,70,PR0047,1,2026-08-28
PED0009218,345,PR0026,3,2026-08-18
PED0009219,345,PR0082,3,2026-08-01
PED0009220,140,PR0109,4,2026-07-21
PED0009221,244,PR0075,1,2026-06-09
PED0009222,480,PR0029,5,2026-06-15
PED0009223,781,PR0101,1,2026-07-10
PED0009224,212,PR0015,5,2026-08-08
PED0009225,793,PR0035,4,2026-06-01
PED0009226,300,PR0005,6,2026-09-07
PED0009227,419,PR0102,6,2026-09-13
PED0009228,278,PR0006,6,2026-06-09
PED0009229,617,PR0066,3,2026-06-11
PED0009230,511,PR0023,3,2026-08-29
PED0009231,703,PR0026,4,2026-06-21
PED0009232,778,PR0073,4,2026-06-19
PED0009233,901,PR0097,5,2026-06-20
PED0009234,412,PR0003,3,2026-08-13
PED0009235,779,PR0020,3,2026-06-14
PED0009236,441,PR0035,1,2026-06-20
PED0009237,236,PR0114,2,2026-07-12
PED0009238,919,PR0007,5,2026-08-03
PED0009239,949,PR0022,6,2026-09-12
PED0009240,537,PR0049,4,2026-06-25
PED0009241,484,PR0040,3,2026-06-27
PED0009242,845,PR0006,1,2026-07-27
PED0009243,387,PR0065,1,2026-07-14
PED0009244,794,PR0073,5,2026-08-03
PED0009245,265,PR0022,4,2026-06-26
PED0009246,841,PR0083,2,2026-08-04
PED0009247,511,PR0007,2,2026-09-06
PED0009248,930,PR0088,1,2026-08-11
PED0009249,942,PR0032,5,2026-08-17
PED0009250,781,PR0027,4,2026-06-08
PED0009251,377,PR0024,2,2026-09-03
PED0009252,999999,PR0105,5,2026-08-13
PED0009253,519,PR0061,6,2026-08-05
PED0009254,200,PR0083,4,2026-06-17
PED0009255,862,PR0025,2,2026-07-29
PED0009256,69,PR0007,0,2026-08-11
PED0009257,563,PR0005,5,2026-08-05
PED0009258,845,PR0053,4,2026-06-14
PED0009259,938,PR0040,3,2026-06-05
PED0009260,477,PR0093,1,2026-07-21
PED0009261,108,PR0095,5,2026-08-15
PED0009262,100,PR0038,6,2026-07-11
PED0009263,216,PR0053,3,2026-08-12
PED0009264,508,PR0046,2,2026-09-10
PED0009265,43,PR0082,4,2026-09-02
PED0009266,545,PR0076,6,2026-08-06
PED0009267,546,PR0079,4,2026-08-16
PED0009268,899,PR0007,1,2026-06-10
PED0009269,36,PR0041,2,2026-06-09
PED0009270,635,PR0117,1,2026-08-13
PED0009271,920,PR0042,3,2026-08-24
PED0009272,212,PR_INEXISTENTE,3,2026-06-21
PED0009273,295,PR0024,4,2026-08-02
PED0009274,415,PR0004,5,2026-07-01
PED0009275,435,PR0094,1,2026-06-12
PED0009276,167,PR0001,6,2026-07-10
PED0009277,901,PR0072,2,2026-07-18
PED0009278,999999,PR0048,4,2026-08-21
PED0009279,461,PR0012,2,2026-08-30
PED0009280,844,PR0107,3,2026-09-08
PED0009281,887,PR0090,5,2026-06-11
PED0009282,708,PR0099,1,2026-09-06
PED0009283,846,PR0113,3,2026-07-25
PED0009284,792,PR0110,4,2026-06-18
PED0009285,942,PR0085,4,2026-08-07
PED0009286,426,PR0065,3,2026-06-07
PED0009287,376,PR0084,3,2026-07-19
PED0009288,418,PR0054,6,2026-08-26
PED0009289,331,PR0022,2,2026-09-10
PED0009290,767,PR0047,3,2026-07-01
PED0009291,324,PR0057,3,2026-06-19
PED0009292,465,PR0006,5,2026-08-01
PED0009293,222,PR0102,5,2026-06-17
PED0009294,52,PR0110,6,2026-09-11
PED0009295,999999,PR0051,1,2026-07-05
PED0009296,746,PR0060,1,2026-06-20
PED0009297,919,PR0101,3,2026-06-26
PED0009298,571,PR0055,3,2026-07-10
PED0009299,82,PR0083,1,2026-08-17
PED0009300,357,PR0062,6,2026-08-31
PED0009301,520,PR0033,6,2026-08-17
PED0009302,636,PR0096,3,2026-08-08
PED0009303,2,PR0024,5,2026-06-29
PED0009304,849,PR0027,4,2026-09-07
PED0009305,175,PR0083,4,2026-09-13
PED0009306,508,PR0086,6,2026-08-06
PED0009307,440,PR0115,-1,2026-08-22
PED0009308,860,PR0086,2,2026-07-02
PED0009309,583,PR0003,3,2026-07-17
PED0009310,798,PR0102,6,2026-08-24
PED0009311,898,PR0050,4,2026-07-15
PED0009312,962,PR0002,3,2026-08-19
PED0009313,77,PR0070,1,2026-08-30
PED0009314,577,PR0021,4,2026-09-07
PED0009315,465,PR0050,2,2026-07-01
PED0009316,561,PR0057,2,2026-07-20
PED0009317,932,PR0009,6,2026-07-11
PED0009318,71,PR0103,4,2026-07-23
PED0009319,317,PR0062,1,2026-08-17
PED0009320,195,PR0116,1,2026-07-05
PED0009321,212,PR0056,3,2026-06-25
PED0009322,476,PR0072,1,2026-06-29
PED0009323,908,PR0098,3,2026-08-20
PED0009324,986,PR0026,3,2026-09-13
PED0009325,102,PR0110,6,2026-06-11
PED0009326,792,PR0023,3,2026-09-11
PED0009327,536,PR0120,2,2026-06-04
PED0009328,965,PR0077,4,2026-07-26
PED0009329,300,PR0063,4,2026-06-15
PED0009330,632,PR0026,1,2026-09-09
PED0009331,267,PR0069,1,2026-08-20
PED0009332,172,PR0067,2,2026-07-08
PED0009333,815,PR0119,5,2026-08-12
PED0009334,345,PR0101,2,2026-08-29
PED0009335,626,PR0058,6,2026-06-23
PED0009336,421,PR0047,3,2026-08-06
PED0009337,965,PR0047,6,2026-07-02
PED0009338,345,PR0046,2,2026-08-15
PED0009339,180,PR0002,3,2026-07-30
PED0009340,253,PR0005,1,2026-08-15
PED0009341,353,PR0091,6,2026-08-06
PED0009342,127,PR0031,4,2026-08-06
PED0009343,784,PR0050,1,2026-06-09
PED0009344,522,PR0084,5,2026-08-29
PED0009345,577,PR0073,6,2026-06-19
PED0009346,25,PR0044,5,2026-07-12
PED0009347,970,PR0091,5,2026-07-24
PED0009348,109,PR0019,2,2026-08-29
PED0009349,921,PR0057,3,2026-08-06
PED0009350,657,PR0013,6,2026-06-20
PED0009351,553,PR0064,4,2026-07-01
PED0009352,309,PR0012,4,2026-06-21
PED0009353,30,PR0113,5,2026-08-02
PED0009354,930,PR0080,4,2026-08-15
PED0009355,270,PR0030,1,2026-08-14
PED0009356,548,PR0074,2,2026-08-18
PED0009357,858,PR0042,5,2026-08-13
PED0009358,190,PR0063,2,2026-09-03
PED0009359,844,PR0021,4,2026-09-04
PED0009360,621,PR_INEXISTENTE,3,2026-06-29
PED0009361,181,PR0013,4,2026-07-02
PED0009362,5,PR0019,2,2026-06-06
PED0009363,109,PR0071,2,2026-06-29
PED0009364,77,PR0061,5,2026-07-24
PED0009365,33,PR0036,2,2026-08-09
PED0009366,806,PR0008,2,2026-08-31
PED0009367,629,PR0051,6,2026-08-02
PED0009368,253,PR0112,1,2026-09-11
PED0009369,694,PR0085,0,2026-07-29
PED0009370,280,PR0007,1,2026-08-30
PED0009371,314,PR0113,5,2026-08-24
PED0009372,227,PR0051,1,2026-07-22
PED0009373,876,PR0070,4,2026-08-31
PED0009374,765,PR0001,3,2026-08-30
PED0009375,839,PR0038,5,2026-07-03
PED0009376,296,PR0095,1,2026-06-23
PED0009377,216,PR0040,4,2026-06-13
PED0009378,443,PR0020,4,2026-09-05
PED0009379,566,PR0011,2,2026-07-17
PED0009380,672,PR0111,2,2026-07-30
PED0009381,42,PR0098,5,2026-06-29
PED0009382,624,PR0006,4,2026-07-11
PED0009383,686,PR_INEXISTENTE,4,2026-07-13
PED0009384,326,PR0099,6,2026-08-01
PED0009385,30,PR0044,3,2026-06-19
PED0009386,341,PR0079,6,2026-08-22
PED0009387,54,PR0031,6,2026-07-12
PED0009388,392,PR0030,4,2026-06-26
PED0009389,434,PR0086,2,2026-06-02
PED0009390,30,PR0025,3,2026-06-11
PED0009391,805,PR0043,1,2026-06-29
PED0009392,494,PR0043,5,2026-08-16
PED0009393,6,PR0019,2,2026-08-29
PED0009394,952,PR0100,6,2026-09-09
PED0009395,941,PR0081,4,2026-07-02
PED0009396,508,PR0104,3,2026-08-06
PED0009397,194,PR0063,2,2026-06-29
PED0009398,546,PR0022,1,2026-06-15
PED0009399,307,PR0034,5,2026-07-28
PED0009400,261,PR0043,5,2026-08-07
PED0009401,248,PR0114,2,2026-08-19
PED0009402,693,PR0029,1,2026-06-13
PED0009403,588,PR0084,2,2026-08-18
PED0009404,69,PR0015,5,2026-07-02
PED0009405,514,PR0115,4,2026-06-30
PED0009406,532,PR0078,1,2026-06-04
PED0009407,734,PR0052,1,2026-06-22
PED0009408,830,PR0042,1,2026-07-22
PED0009409,562,PR0043,5,2026-06-20
PED0009410,694,PR0028,5,2026-07-04
PED0009411,730,PR0072,3,2026-07-26
PED0009412,769,PR0104,5,2026-06-11
PED0009413,263,PR0029,1,2026-08-31
PED0009414,479,PR0090,4,2026-07-03
PED0009415,698,PR0068,2,2026-08-19
PED0009416,630,PR0093,5,2026-08-07
PED0009417,919,PR0093,3,2026-08-18
PED0009418,632,PR0005,6,2026-07-01
PED0009419,88,PR0003,4,2026-06-19
PED0009420,901,PR0110,3,2026-06-16
PED0009421,863,PR0019,6,2026-06-25
PED0009422,999999,PR0069,6,2026-07-28
PED0009423,976,PR0091,3,2026-08-05
PED0009424,691,PR0061,3,2026-08-19
PED0009425,942,PR0001,4,2026-09-10
PED0009426,443,PR0002,2,2026-08-27
PED0009427,813,PR0081,3,2026-07-08
PED0009428,488,PR0108,6,2026-07-20
PED0009429,236,PR0042,6,2026-09-09
PED0009430,536,PR0066,3,2026-08-14
PED0009431,771,PR0113,3,2026-07-14
PED0009432,999999,PR0100,6,2026-08-27
PED0009433,462,PR0065,2,2026-06-15
PED0009434,295,PR0079,1,2026-08-10
PED0009435,618,PR0116,1,2026-09-08
PED0009436,545,PR0096,1,2026-07-26
PED0009437,17,PR0050,6,2026-08-04
PED0009438,307,PR0084,1,2026-06-07
PED0009439,708,PR0040,2,2026-08-03
PED0009440,6,PR0111,4,2026-07-01
PED0009441,122,PR0012,4,2026-09-13
PED0009442,167,PR0028,5,2026-07-04
PED0009443,178,PR0042,6,2026-07-03
PED0009444,572,PR0025,3,2026-07-12
PED0009445,555,PR0072,2,2026-08-13
PED0009446,52,PR0086,1,2026-09-08
PED0009447,153,PR0107,6,2026-07-07
PED0009448,476,PR0061,3,2026-06-22
PED0009449,503,PR0075,6,2026-08-20
PED0009450,434,PR0072,3,2026-07-27
PED0009451,697,PR0001,5,2026-07-18
PED0009452,74,PR0086,4,2026-09-13
PED0009453,830,PR0003,5,2026-07-23
PED0009454,417,PR0066,4,2026-08-04
PED0009455,786,PR0120,0,2026-09-12
PED0009456,71,PR0095,1,2026-06-22
PED0009457,350,PR0061,1,2026-09-03
PED0009458,508,PR0039,3,2026-09-09
PED0009459,244,PR0101,6,2026-07-20
PED0009460,44,PR0104,4,2026-07-06
PED0009461,994,PR0045,5,2026-06-18
PED0009462,626,PR0013,2,2026-06-06
PED0009463,44,PR0070,3,2026-09-12
PED0009464,804,PR0077,3,2026-07-16
PED0009465,202,PR0113,1,2026-08-10
PED0009466,546,PR0107,4,2026-06-26
PED0009467,314,PR0028,3,2026-07-04
PED0009468,899,PR0031,3,2026-08-25
PED0009469,287,PR0120,4,2026-08-08
PED0009470,863,PR0040,1,2026-06-24
PED0009471,972,PR0056,6,2026-06-01
PED0009472,781,PR0037,2,2026-08-26
PED0009473,811,PR0048,5,2026-06-09
PED0009474,64,PR0068,-1,2026-06-04
PED0009475,626,PR0036,1,2026-07-02
PED0009476,807,PR_INEXISTENTE,2,2026-09-06
PED0009477,392,PR0043,3,2026-08-07
PED0009478,825,PR0013,5,2026-06-05
PED0009479,712,PR0095,4,2026-09-05
PED0009480,938,PR0107,3,2026-09-07
PED0009481,976,PR0060,6,2026-08-13
PED0009482,760,PR0025,3,2026-06-08
PED0009483,36,PR0078,6,2026-06-02
PED0009484,631,PR0065,5,2026-08-31
PED0009485,862,PR0067,2,2026-08-26
PED0009486,792,PR0072,3,2026-08-27
PED0009487,74,PR0087,1,2026-07-22
PED0009488,417,PR0005,2,2026-08-02
PED0009489,280,PR0012,1,2026-06-19
PED0009490,260,PR0012,1,2026-06-04
PED0009491,895,PR0019,1,2026-06-24
PED0009492,830,PR0117,5,2026-08-05
PED0009493,99,PR0088,3,2026-07-13
PED0009494,989,PR0080,3,2026-08-04
PED0009495,421,PR0084,5,2026-07-17
PED0009496,291,PR0005,5,2026-07-29
PED0009497,194,PR0026,4,2026-09-08
PED0009498,274,PR0096,3,2026-08-06
PED0009499,229,PR0056,4,2026-09-09
PED0009500,638,PR0062,3,2026-09-10
PED0009501,686,PR0091,3,2026-08-04
PED0009502,537,PR0010,2,2026-09-13
PED0009503,43,PR0096,2,2026-06-27
PED0009504,548,PR0082,2,2026-07-25
PED0009505,280,PR0049,4,2026-06-08
PED0009506,571,PR0060,5,2026-06-10
PED0009507,488,PR0009,3,2026-06-14
PED0009508,61,PR0025,1,2026-06-15
PED0009509,291,PR0030,4,2026-07-14
PED0009510,548,PR0106,0,2026-08-15
PED0009511,102,PR0014,4,2026-09-12
PED0009512,195,PR0035,1,2026-09-12
PED0009513,388,PR0016,1,2026-06-19
PED0009514,261,PR0035,4,2026-07-16
PED0009515,476,PR0002,6,2026-07-16
PED0009516,968,PR0033,1,2026-06-11
PED0009517,831,PR0087,5,2026-06-05
PED0009518,548,PR0093,5,2026-07-08
PED0009519,371,PR0046,1,2026-08-29
PED0009520,412,PR0085,2,2026-07-11
PED0009521,839,PR0075,1,2026-07-11
PED0009522,738,PR0109,4,2026-09-13
PED0009523,984,PR0097,2,2026-07-10
PED0009524,731,PR0028,6,2026-08-12
PED0009525,326,PR0071,1,2026-09-12
PED0009526,69,PR0095,4,2026-06-13
PED0009527,502,PR0037,5,2026-07-24
PED0009528,831,PR0069,2,2026-07-06
PED0009529,447,PR0049,2,2026-06-13
PED0009530,996,PR0038,5,2026-06-06
PED0009531,494,PR0024,1,2026-08-08
PED0009532,994,PR0005,3,2026-08-08
PED0009533,620,PR0090,2,2026-07-30
PED0009534,69,PR0099,1,2026-08-10
PED0009535,260,PR0079,3,2026-08-15
PED0009536,165,PR0029,3,2026-06-07
PED0009537,994,PR0003,3,2026-06-04
PED0009538,421,PR0076,5,2026-07-06
PED0009539,421,PR0024,1,2026-07-30
PED0009540,536,PR0066,3,2026-09-03
PED0009541,937,PR0117,2,2026-09-11
PED0009542,509,PR_INEXISTENTE,5,2026-08-26
PED0009543,33,PR0070,4,2026-07-01
PED0009544,48,PR0120,5,2026-07-31
PED0009545,398,PR0041,1,2026-06-13
PED0009546,296,PR0098,3,2026-07-21
PED0009547,476,PR0100,1,2026-06-11
PED0009548,331,PR0059,2,2026-09-13
PED0009549,700,PR0037,6,2026-07-18
PED0009550,999999,PR0082,5,2026-08-15
PED0009551,597,PR0075,1,2026-06-11
PED0009552,415,PR0058,3,2026-09-09
PED0009553,265,PR0024,6,2026-07-26
PED0009554,738,PR0090,2,2026-06-08
PED0009555,30,PR0026,-1,2026-07-09
PED0009556,54,PR0017,2,2026-06-23
PED0009557,519,PR0009,3,2026-06-08
PED0009558,229,PR0054,6,2026-06-04
PED0009559,40,PR0015,5,2026-08-14
PED0009560,708,PR0041,2,2026-08-31
PED0009561,952,PR0030,1,2026-08-09
PED0009562,631,PR0056,2,2026-08-12
PED0009563,562,PR0094,3,2026-06-04
PED0009564,631,PR0055,1,2026-06-19
PED0009565,999999,PR0067,6,2026-06-04
PED0009566,739,PR0018,1,2026-09-11
PED0009567,664,PR0014,4,2026-08-17
PED0009568,54,PR0118,6,2026-09-09
PED0009569,684,PR0075,3,2026-09-04
PED0009570,415,PR0002,4,2026-06-24
PED0009571,754,PR0068,0,2026-07-24
PED0009572,530,PR0002,5,2026-08-07
PED0009573,561,PR0010,6,2026-08-17
PED0009574,784,PR0045,5,2026-08-10
PED0009575,763,PR0079,1,2026-07-18
PED0009576,970,PR0075,3,2026-06-01
PED0009577,937,PR0095,5,2026-09-07
PED0009578,850,PR0022,5,2026-08-12
PED0009579,398,PR0024,3,2026-08-27
PED0009580,45,PR0064,6,2026-06-24
PED0009581,74,PR0105,2,2026-06-12
PED0009582,700,PR0087,5,2026-09-03
PED0009583,506,PR0081,3,2026-08-24
PED0009584,735,PR0012,5,2026-08-28
PED0009585,570,PR0106,4,2026-07-17
PED0009586,511,PR0119,3,2026-09-04
PED0009587,652,PR0070,5,2026-06-24
PED0009588,287,PR0041,6,2026-08-19
PED0009589,566,PR0080,-1,2026-07-22
PED0009590,795,PR0078,1,2026-06-18
PED0009591,200,PR0112,3,2026-08-15
PED0009592,767,PR0014,5,2026-07-08
PED0009593,668,PR0062,6,2026-06-17
PED0009594,804,PR0086,3,2026-08-14
PED0009595,786,PR0042,5,2026-08-21
PED0009596,794,PR0101,4,2026-07-04
PED0009597,776,PR0008,2,2026-09-10
PED0009598,689,PR0013,6,2026-08-14
PED0009599,172,PR0095,3,2026-06-03
PED0009600,451,PR0016,4,2026-07-06
PED0009601,698,PR0051,2,2026-09-11
PED0009602,314,PR0034,1,2026-06-19
PED0009603,776,PR0083,3,2026-09-09
PED0009604,952,PR0002,5,2026-07-25
PED0009605,183,PR0043,2,2026-08-10
PED0009606,801,PR0119,6,2026-08-12
PED0009607,994,PR0045,5,2026-07-24
PED0009608,631,PR0072,4,2026-07-25
PED0009609,326,PR0119,5,2026-07-30
PED0009610,931,PR0073,6,2026-08-07
PED0009611,771,PR0091,5,2026-08-17
PED0009612,8,PR0116,5,2026-07-16
PED0009613,532,PR0075,5,2026-07-16
PED0009614,178,PR0100,6,2026-08-21
PED0009615,844,PR0061,1,2026-08-19
PED0009616,895,PR0098,3,2026-08-08
PED0009617,127,PR0078,6,2026-07-19
PED0009618,825,PR0041,3,2026-07-31
PED0009619,61,PR0067,1,2026-07-30
PED0009620,712,PR0041,6,2026-07-16
PED0009621,244,PR0048,4,2026-06-19
PED0009622,267,PR0036,6,2026-07-27
PED0009623,754,PR0059,1,2026-07-17
PED0009624,540,PR0042,1,2026-06-06
PED0009625,488,PR0076,4,2026-09-09
PED0009626,418,PR0045,2,2026-08-10
PED0009627,480,PR0059,4,2026-06-12
PED0009628,734,PR0017,3,2026-06-22
PED0009629,280,PR0047,2,2026-07-30
PED0009630,69,PR0043,5,2026-08-30
PED0009631,970,PR0116,1,2026-07-21
PED0009632,952,PR0054,6,2026-08-25
PED0009633,751,PR0003,1,2026-06-14
PED0009634,610,PR0038,4,2026-07-26
PED0009635,215,PR0088,6,2026-08-26
PED0009636,942,PR0020,1,2026-08-28
PED0009637,301,PR0020,6,2026-06-26
PED0009638,225,PR0045,2,2026-08-10
PED0009639,484,PR0043,5,2026-06-05
PED0009640,699,PR0058,6,2026-06-15
PED0009641,882,PR0005,2,2026-09-03
PED0009642,44,PR0087,3,2026-08-17
PED0009643,30,PR0026,6,2026-06-22
PED0009644,426,PR0086,1,2026-09-13
PED0009645,650,PR0068,1,2026-09-13
PED0009646,776,PR0025,2,2026-06-05
PED0009647,884,PR0057,4,2026-06-03
PED0009648,610,PR0005,5,2026-06-26
PED0009649,597,PR0085,4,2026-08-23
PED0009650,106,PR0037,3,2026-08-02
PED0009651,213,PR0047,6,2026-07-24
PED0009652,908,PR0019,2,2026-07-14
PED0009653,213,PR0044,6,2026-07-21
PED0009654,253,PR0048,2,2026-08-06
PED0009655,270,PR0027,2,2026-06-07
PED0009656,183,PR0118,6,2026-08-01
PED0009657,60,PR0034,4,2026-06-24
PED0009658,999999,PR0022,3,2026-08-22
PED0009659,781,PR0066,2,2026-06-21
PED0009660,465,PR0039,3,2026-06-08
PED0009661,127,PR_INEXISTENTE,5,2026-07-16
PED0009662,415,PR0088,1,2026-07-17
PED0009663,858,PR0010,2,2026-07-25
PED0009664,996,PR0062,0,2026-08-30
PED0009665,658,PR0003,3,2026-08-13
PED0009666,216,PR0006,5,2026-07-09
PED0009667,377,PR0012,2,2026-08-16
PED0009668,256,PR0020,5,2026-07-23
PED0009669,793,PR0042,6,2026-06-24
PED0009670,500,PR0113,3,2026-06-03
PED0009671,972,PR0109,6,2026-06-01
PED0009672,805,PR0013,6,2026-06-24
PED0009673,738,PR0119,5,2026-08-26
PED0009674,545,PR0077,3,2026-07-19
PED0009675,82,PR0067,2,2026-07-18
PED0009676,739,PR0096,6,2026-07-12
PED0009677,480,PR0059,3,2026-06-27
PED0009678,876,PR0032,1,2026-08-15
PED0009679,215,PR0064,5,2026-06-02
PED0009680,845,PR0088,3,2026-08-04
PED0009681,69,PR0082,6,2026-09-07
PED0009682,825,PR0021,6,2026-09-01
PED0009683,784,PR0113,1,2026-07-09
PED0009684,60,PR0035,6,2026-08-29
PED0009685,414,PR0099,6,2026-06-25
PED0009686,417,PR0038,5,2026-06-26
PED0009687,817,PR0008,2,2026-07-07
PED0009688,502,PR0120,5,2026-06-02
PED0009689,863,PR0071,6,2026-06-28
PED0009690,672,PR0026,5,2026-08-29
PED0009691,679,PR0001,3,2026-08-20
PED0009692,440,PR0016,5,2026-07-05
PED0009693,982,PR0021,3,2026-07-03
PED0009694,624,PR0112,2,2026-07-07
PED0009695,965,PR0022,5,2026-06-13
PED0009696,194,PR0020,3,2026-06-17
PED0009697,862,PR0101,2,2026-09-13
PED0009698,636,PR0106,4,2026-08-12
PED0009699,100,PR0026,2,2026-08-11
PED0009700,925,PR0079,4,2026-06-30
PED0009701,479,PR0065,3,2026-08-29
PED0009702,267,PR0070,6,2026-06-19
PED0009703,99,PR0038,6,2026-09-10
PED0009704,902,PR0091,3,2026-07-23
PED0009705,627,PR0106,5,2026-07-05
PED0009706,841,PR0088,2,2026-08-18
PED0009707,165,PR0109,6,2026-07-14
PED0009708,609,PR0014,2,2026-06-29
PED0009709,185,PR0079,6,2026-08-11
PED0009710,699,PR0120,6,2026-08-15
PED0009711,415,PR0065,2,2026-08-03
PED0009712,500,PR0114,1,2026-07-19
PED0009713,254,PR0042,5,2026-07-05
PED0009714,740,PR0108,6,2026-07-13
PED0009715,776,PR0113,5,2026-08-31
PED0009716,895,PR0075,1,2026-07-08
PED0009717,401,PR0085,4,2026-09-10
PED0009718,77,PR0063,3,2026-06-16
PED0009719,892,PR0039,6,2026-06-18
PED0009720,762,PR0065,5,2026-07-05
PED0009721,553,PR0116,5,2026-06-01
PED0009722,956,PR0002,3,2026-09-01
PED0009723,44,PR0025,2,2026-07-06
PED0009724,693,PR0060,5,2026-06-11
PED0009725,583,PR0041,1,2026-08-04
PED0009726,511,PR0075,1,2026-09-09
PED0009727,494,PR0044,1,2026-09-13
PED0009728,306,PR0080,4,2026-06-12
PED0009729,66,PR0013,1,2026-08-23
PED0009730,326,PR0040,4,2026-07-09
PED0009731,693,PR0084,2,2026-08-27
PED0009732,901,PR0057,6,2026-08-03
PED0009733,248,PR0086,3,2026-08-16
PED0009734,271,PR0077,1,2026-08-27
PED0009735,506,PR0040,5,2026-09-03
PED0009736,263,PR0052,3,2026-06-16
PED0009737,515,PR0116,2,2026-08-16
PED0009738,999999,PR0116,4,2026-06-15
PED0009739,88,PR0005,6,2026-09-08
PED0009740,331,PR0085,6,2026-08-05
PED0009741,181,PR0059,3,2026-06-21
PED0009742,725,PR0001,6,2026-07-01
PED0009743,349,PR0077,2,2026-09-03
PED0009744,66,PR0003,6,2026-08-07
PED0009745,480,PR0039,6,2026-06-25
PED0009746,949,PR0083,4,2026-08-26
PED0009747,58,PR0098,4,2026-08-15
PED0009748,626,PR0050,4,2026-06-09
PED0009749,91,PR0098,1,2026-06-30
PED0009750,932,PR0101,6,2026-08-28
PED0009751,395,PR0054,5,2026-07-07
PED0009752,792,PR0021,6,2026-06-04
PED0009753,462,PR0080,1,2026-08-03
PED0009754,906,PR0002,5,2026-09-03
PED0009755,418,PR0108,3,2026-07-29
PED0009756,906,PR0047,5,2026-09-11
PED0009757,382,PR0092,6,2026-06-12
PED0009758,532,PR0089,6,2026-08-10
PED0009759,545,PR0057,6,2026-08-08
PED0009760,462,PR0117,1,2026-09-12
PED0009761,949,PR0096,2,2026-07-25
PED0009762,610,PR0107,2,2026-08-26
PED0009763,968,PR0012,4,2026-06-16
PED0009764,999999,PR0059,6,2026-06-05
PED0009765,18,PR0115,5,2026-08-15
PED0009766,172,PR0098,4,2026-06-01
PED0009767,624,PR0055,5,2026-08-31
PED0009768,593,PR0009,2,2026-06-03
PED0009769,684,PR0034,4,2026-08-12
PED0009770,16,PR0069,4,2026-07-18
PED0009771,33,PR0078,2,2026-08-07
PED0009772,786,PR0111,4,2026-08-05
PED0009773,331,PR0012,6,2026-07-17
PED0009774,17,PR0048,5,2026-07-21
PED0009775,175,PR0033,6,2026-07-23
PED0009776,734,PR0116,5,2026-08-11
PED0009777,546,PR0020,3,2026-08-14
PED0009778,792,PR0027,1,2026-07-18
PED0009779,956,PR0036,6,2026-07-08
PED0009780,617,PR0013,3,2026-06-05
PED0009781,376,PR0078,4,2026-08-21
PED0009782,765,PR0063,1,2026-06-24
PED0009783,767,PR0067,6,2026-07-16
PED0009784,754,PR0109,6,2026-09-13
PED0009785,509,PR0052,6,2026-08-22
PED0009786,262,PR0038,2,2026-07-07
PED0009787,490,PR0046,6,2026-07-20
PED0009788,5,PR0097,4,2026-07-05
PED0009789,248,PR0064,1,2026-08-05
PED0009790,831,PR0021,4,2026-06-17
PED0009791,858,PR0083,3,2026-09-09
PED0009792,952,PR0090,4,2026-09-12
PED0009793,839,PR0030,1,2026-07-02
PED0009794,739,PR0067,4,2026-06-25
PED0009795,260,PR0068,5,2026-07-27
PED0009796,693,PR0022,5,2026-08-07
PED0009797,698,PR0002,5,2026-08-07
PED0009798,42,PR0087,4,2026-06-05
PED0009799,451,PR0074,5,2026-08-14
PED0009800,274,PR0086,1,2026-06-07
PED0009801,919,PR0046,5,2026-07-06
PED0009802,583,PR0062,3,2026-08-15
PED0009803,746,PR0118,4,2026-09-02
PED0009804,937,PR0028,4,2026-08-06
PED0009805,624,PR0079,6,2026-06-17
PED0009806,126,PR0016,2,2026-08-11
PED0009807,887,PR0008,3,2026-06-04
PED0009808,855,PR0115,5,2026-06-25
PED0009809,738,PR0016,4,2026-06-13
PED0009810,447,PR0079,2,2026-09-12
PED0009811,457,PR0062,3,2026-07-09
PED0009812,746,PR0098,5,2026-07-29
PED0009813,100,PR0066,6,2026-08-23
PED0009814,82,PR0084,1,2026-09-10
PED0009815,618,PR0108,3,2026-09-13
PED0009816,126,PR0100,5,2026-06-18
PED0009817,64,PR0087,1,2026-07-12
PED0009818,597,PR0020,2,2026-07-13
PED0009819,263,PR0021,1,2026-08-23
PED0009820,805,PR0060,4,2026-07-06
PED0009821,932,PR0080,3,2026-06-25
PED0009822,767,PR0081,2,2026-08-19
PED0009823,212,PR0095,1,2026-07-22
PED0009824,514,PR0013,4,2026-08-18
PED0009825,485,PR0021,5,2026-07-10
PED0009826,754,PR0018,-1,2026-07-22
PED0009827,262,PR0065,4,2026-06-01
PED0009828,261,PR0077,5,2026-06-02
PED0009829,538,PR0014,4,2026-06-01
PED0009830,960,PR0105,4,2026-06-19
PED0009831,975,PR0037,2,2026-07-07
PED0009832,494,PR0080,6,2026-06-06
PED0009833,396,PR0091,6,2026-06-17
PED0009834,652,PR0005,5,2026-08-28
PED0009835,231,PR0104,6,2026-08-29
PED0009836,35,PR0117,4,2026-07-01
PED0009837,936,PR0116,4,2026-09-08
PED0009838,962,PR0017,5,2026-06-13
PED0009839,107,PR0048,1,2026-06-04
PED0009840,921,PR0028,2,2026-07-08
PED0009841,271,PR0055,2,2026-06-28
PED0009842,401,PR0117,4,2026-06-09
PED0009843,648,PR0092,2,2026-08-28
PED0009844,765,PR0093,3,2026-09-11
PED0009845,898,PR0051,3,2026-06-29
PED0009846,190,PR0113,5,2026-07-04
PED0009847,476,PR0111,4,2026-08-15
PED0009848,858,PR0097,1,2026-09-06
PED0009849,711,PR0098,5,2026-07-01
PED0009850,983,PR0079,3,2026-08-11
PED0009851,44,PR0012,1,2026-06-03
PED0009852,846,PR0035,4,2026-07-30
PED0009853,738,PR0093,2,2026-09-12
PED0009854,372,PR0040,3,2026-07-20
PED0009855,317,PR0021,6,2026-08-07
PED0009856,572,PR0114,2,2026-08-12
PED0009857,941,PR0059,6,2026-08-06
PED0009858,406,PR0104,3,2026-08-12
PED0009859,270,PR0035,6,2026-09-02
PED0009860,222,PR0044,6,2026-06-02
PED0009861,42,PR0042,5,2026-09-01
PED0009862,663,PR0045,2,2026-09-04
PED0009863,66,PR0053,5,2026-09-03
PED0009864,858,PR0036,3,2026-07-09
PED0009865,64,PR0098,6,2026-08-01
PED0009866,793,PR0040,6,2026-07-08
PED0009867,882,PR0053,4,2026-08-28
PED0009868,629,PR0104,6,2026-07-13
PED0009869,19,PR0053,4,2026-07-03
PED0009870,538,PR0002,1,2026-08-11
PED0009871,190,PR0001,6,2026-06-06
PED0009872,588,PR0053,4,2026-07-10
PED0009873,52,PR0078,0,2026-06-22
PED0009874,876,PR0114,1,2026-07-10
PED0009875,689,PR0016,5,2026-07-18
PED0009876,776,PR0066,6,2026-06-07
PED0009877,309,PR0035,5,2026-08-30
PED0009878,731,PR0055,3,2026-07-14
PED0009879,938,PR0054,2,2026-07-08
PED0009880,5,PR0038,3,2026-06-16
PED0009881,341,PR0003,2,2026-09-13
PED0009882,17,PR0009,2,2026-08-29
PED0009883,128,PR0063,1,2026-07-21
PED0009884,931,PR0027,4,2026-07-06
PED0009885,698,PR0040,2,2026-07-20
PED0009886,265,PR0011,1,2026-09-09
PED0009887,650,PR0006,2,2026-06-24
PED0009888,494,PR0016,5,2026-08-11
PED0009889,65,PR0046,4,2026-09-03
PED0009890,844,PR0020,3,2026-08-19
PED0009891,795,PR0028,4,2026-08-31
PED0009892,175,PR0037,4,2026-09-08
PED0009893,35,PR0035,3,2026-06-07
PED0009894,908,PR0002,6,2026-06-26
PED0009895,109,PR0015,5,2026-06-16
PED0009896,827,PR0115,2,2026-07-30
PED0009897,388,PR0081,5,2026-07-13
PED0009898,751,PR0015,2,2026-06-05
PED0009899,545,PR0035,1,2026-07-29
PED0009900,883,PR0046,-1,2026-06-11
PED0009901,52,PR0109,3,2026-07-13
PED0009902,849,PR0106,5,2026-07-09
PED0009903,419,PR0093,5,2026-09-02
PED0009904,583,PR0013,1,2026-08-11
PED0009905,36,PR0059,3,2026-08-05
PED0009906,295,PR0059,5,2026-08-27
PED0009907,798,PR0077,5,2026-06-19
PED0009908,998,PR0102,4,2026-06-27
PED0009909,887,PR0039,4,2026-08-18
PED0009910,585,PR0067,4,2026-08-18
PED0009911,107,PR0032,2,2026-06-03
PED0009912,167,PR0026,4,2026-06-24
PED0009913,609,PR0038,5,2026-06-24
PED0009914,731,PR0089,1,2026-06-01
PED0009915,703,PR0053,5,2026-08-09
PED0009916,202,PR0082,2,2026-06-06
PED0009917,738,PR0083,1,2026-08-28
PED0009918,509,PR0044,5,2026-08-01
PED0009919,830,PR0115,3,2026-08-19
PED0009920,919,PR0006,3,2026-07-23
PED0009921,708,PR_INEXISTENTE,4,2026-09-10
PED0009922,45,PR0001,4,2026-06-29
PED0009923,202,PR0046,4,2026-07-29
PED0009924,401,PR0100,6,2026-06-01
PED0009925,128,PR0083,4,2026-08-27
PED0009926,970,PR0039,1,2026-07-30
PED0009927,711,PR0107,2,2026-06-19
PED0009928,281,PR0017,3,2026-08-25
PED0009929,393,PR0081,3,2026-09-12
PED0009930,798,PR0063,3,2026-06-08
PED0009931,194,PR0025,2,2026-08-28
PED0009932,485,PR0111,1,2026-08-17
PED0009933,658,PR0092,1,2026-07-08
PED0009934,740,PR0002,6,2026-08-06
PED0009935,253,PR0011,3,2026-08-22
PED0009936,750,PR0007,6,2026-07-21
PED0009937,795,PR0050,3,2026-08-09
PED0009938,740,PR0051,2,2026-06-06
PED0009939,366,PR0087,3,2026-09-06
PED0009940,792,PR0082,6,2026-09-05
PED0009941,855,PR_INEXISTENTE,4,2026-06-23
PED0009942,36,PR0058,1,2026-07-21
PED0009943,593,PR0095,2,2026-06-26
PED0009944,657,PR0108,6,2026-07-12
PED0009945,331,PR0036,1,2026-06-29
PED0009946,260,PR0006,6,2026-08-30
PED0009947,183,PR0019,6,2026-08-12
PED0009948,44,PR0041,2,2026-08-28
PED0009949,712,PR0054,4,2026-08-23
PED0009950,909,PR0043,4,2026-08-16
PED0009951,225,PR0011,5,2026-06-18
PED0009952,177,PR0041,5,2026-08-27
PED0009953,407,PR0035,-1,2026-08-22
PED0009954,863,PR0059,2,2026-06-14
PED0009955,371,PR0010,6,2026-06-10
PED0009956,815,PR0095,3,2026-08-19
PED0009957,185,PR0051,2,2026-07-11
PED0009958,244,PR0039,4,2026-07-05
PED0009959,519,PR0109,2,2026-07-12
PED0009960,172,PR0090,1,2026-08-31
PED0009961,999999,PR0017,5,2026-07-09
PED0009962,976,PR0018,1,2026-07-09
PED0009963,291,PR0001,6,2026-07-12
PED0009964,597,PR0068,2,2026-06-06
PED0009965,617,PR0043,1,2026-06-04
PED0009966,109,PR0046,5,2026-07-14
PED0009967,990,PR0062,2,2026-06-02
PED0009968,746,PR0065,3,2026-08-19
PED0009969,858,PR0001,3,2026-07-15
PED0009970,446,PR0013,4,2026-07-23
PED0009971,185,PR0095,3,2026-07-06
PED0009972,922,PR0115,2,2026-08-20
PED0009973,617,PR0101,2,2026-07-15
PED0009974,254,PR0109,2,2026-06-04
PED0009975,849,PR0056,1,2026-07-22
PED0009976,180,PR0100,4,2026-06-19
PED0009977,350,PR0106,3,2026-08-02
PED0009978,109,PR0108,1,2026-07-30
PED0009979,153,PR0018,2,2026-07-20
PED0009980,798,PR0018,5,2026-07-11
PED0009981,88,PR0049,2,2026-08-02
PED0009982,274,PR0061,3,2026-08-11
PED0009983,222,PR0115,5,2026-09-01
PED0009984,700,PR0039,5,2026-09-10
PED0009985,434,PR0100,5,2026-06-09
PED0009986,222,PR0107,3,2026-08-09
PED0009987,490,PR0116,3,2026-06-09
PED0009988,999999,PR0023,6,2026-07-14
PED0009989,711,PR0030,6,2026-08-17
PED0009990,583,PR0027,1,2026-07-27
PED0009991,555,PR_INEXISTENTE,6,2026-08-24
PED0009992,620,PR0083,6,2026-09-04
PED0009993,326,PR0049,6,2026-09-11
PED0009994,557,PR0011,2,2026-08-10
PED0009995,532,PR0063,4,2026-08-10
PED0009996,177,PR0088,1,2026-08-24
PED0009997,212,PR0057,1,2026-06-25
PED0009998,5,PR0033,4,2026-07-02
PED0009999,706,PR0072,2,2026-07-06
PED0010000,371,PR0080,2,2026-08-18
